transaction_id,transaction_date,posting_date,vendor_id,vendor_name,account_code,account_name,debit_amount,department,description,created_by,approved_by,audit_risk_score,risk_level,rule_alert_count,anomaly_score,ml_anomaly_flag,risk_reason_text
TXN00002899,2025-03-09,2025-03-10,V00051,"Nordic Materials (Shanghai) Co., Ltd.",2202,应付账款 Accounts payable,1250000.0,Finance,"Vendor settlement Nordic Materials (Shanghai) Co., Ltd. / INV-380536",E0043,E0002,82.74,Critical,3,0.94687,True,"Unusual vendor (Nordic Materials (Shanghai) Co., Ltd.): vendor registered less than 90 days before the payment; amount is more than 8x this vendor's average payment; Large round amount: CNY 1250000.0 sits in the top 1.38% of all voucher values and is an exact multiple of 10,000; Posted on Sunday - 2025-03-09 is outside the normal working week; Isolation Forest anomaly (score 0.947, rank 3 of 30,128); Vendor risk 61/100 for Nordic Materials (Shanghai) Co., Ltd.; Amount CNY 1,250,000.00 is above the 98.6th percentile of the ledger"
TXN00026714,2024-12-30,2024-12-30,V00160,"Xinrun Consulting (Shenzhen) Co., Ltd.",660205,管理费用-咨询费 Consulting fees,2000000.0,Operations,"Consulting services from Xinrun Consulting (Shenzhen) Co., Ltd. - contract 98682",E0094,E0092,76.66,High,2,1.0,True,"Unusual vendor (Xinrun Consulting (Shenzhen) Co., Ltd.): amount is more than 8x this vendor's average payment; Large round amount: CNY 2000000.0 sits in the top 0.5% of all voucher values and is an exact multiple of 10,000; Isolation Forest anomaly (score 1.000, rank 1 of 30,128); Amount CNY 2,000,000.00 is above the 99.5th percentile of the ledger"
TXN00025071,2025-03-17,2025-03-17,V00262,"Jinlong Consulting Co., Ltd.",2202,应付账款 Accounts payable,1250000.0,Finance,"Payment to Jinlong Consulting Co., Ltd. for invoice INV-987148",E0133,E0092,75.78,High,2,0.846304,True,"Unusual vendor (Jinlong Consulting Co., Ltd.): vendor registered less than 90 days before the payment; amount is more than 8x this vendor's average payment; Large round amount: CNY 1250000.0 sits in the top 1.38% of all voucher values and is an exact multiple of 10,000; Isolation Forest anomaly (score 0.846, rank 37 of 30,128); Vendor risk 46/100 for Jinlong Consulting Co., Ltd.; Amount CNY 1,250,000.00 is above the 98.6th percentile of the ledger"
TXN00003501,2025-02-05,2025-02-05,V00320,"Yongsheng Automation (Beijing) Co., Ltd.",1403,原材料 Raw materials,2000000.0,Procurement,Goods receipt against PO85836,E0107,E0033,74.53,High,2,0.92494,True,"Unusual vendor (Yongsheng Automation (Beijing) Co., Ltd.): amount is more than 8x this vendor's average payment; Large round amount: CNY 2000000.0 sits in the top 0.5% of all voucher values and is an exact multiple of 10,000; Isolation Forest anomaly (score 0.925, rank 8 of 30,128); Vendor risk 53/100 for Yongsheng Automation (Beijing) Co., Ltd.; Amount CNY 2,000,000.00 is above the 99.5th percentile of the ledger"
TXN00008993,2025-11-12,2025-11-12,V00372,"Bright Packaging (Shenzhen) Co., Ltd.",2202,应付账款 Accounts payable,1250000.0,Finance,"Settlement of Bright Packaging (Shenzhen) Co., Ltd. invoice INV-157758",E0056,E0134,74.37,High,2,0.848077,True,"Unusual vendor (Bright Packaging (Shenzhen) Co., Ltd.): vendor registered less than 90 days before the payment; Large round amount: CNY 1250000.0 sits in the top 1.38% of all voucher values and is an exact multiple of 10,000; Isolation Forest anomaly (score 0.848, rank 35 of 30,128); Vendor risk 57/100 for Bright Packaging (Shenzhen) Co., Ltd.; Amount CNY 1,250,000.00 is above the 98.6th percentile of the ledger"
TXN00012581,2024-08-05,2024-08-05,V00232,"Zenith Facilities Co., Ltd.",660205,管理费用-咨询费 Consulting fees,2000000.0,Operations,"Advisory fee to Zenith Facilities Co., Ltd.",E0118,E0092,74.25,High,2,0.917437,True,"Unusual vendor (Zenith Facilities Co., Ltd.): amount is more than 8x this vendor's average payment; Large round amount: CNY 2000000.0 sits in the top 0.5% of all voucher values and is an exact multiple of 10,000; Isolation Forest anomaly (score 0.917, rank 12 of 30,128); Amount CNY 2,000,000.00 is above the 99.5th percentile of the ledger"
TXN00020265,2024-01-14,2024-01-14,V00129,"Everest Services (Shenzhen) Co., Ltd.",2202,应付账款 Accounts payable,1250000.0,Finance,"Settlement of Everest Services (Shenzhen) Co., Ltd. invoice INV-984865",E0133,E0114,73.85,High,3,0.888936,True,"Unusual vendor (Everest Services (Shenzhen) Co., Ltd.): amount is more than 8x this vendor's average payment; Large round amount: CNY 1250000.0 sits in the top 1.38% of all voucher values and is an exact multiple of 10,000; Posted on Sunday - 2024-01-14 is outside the normal working week; Isolation Forest anomaly (score 0.889, rank 18 of 30,128); Amount CNY 1,250,000.00 is above the 98.6th percentile of the ledger"
TXN00022738,2024-12-25,2024-12-25,V00344,Hanwei Engineering Group,1403,原材料 Raw materials,1000000.0,Procurement,Material procurement from Hanwei Engineering Group - PO63104,E0054,E0054,73.71,High,3,0.818829,True,"Self approval: voucher raised and approved by the same employee (E0054) - segregation of duties breach; Unusual vendor (Hanwei Engineering Group): amount is more than 8x this vendor's average payment; Large round amount: CNY 1000000.0 sits in the top 2.5% of all voucher values and is an exact multiple of 10,000; Isolation Forest anomaly (score 0.819, rank 62 of 30,128); Amount CNY 1,000,000.00 is above the 97.5th percentile of the ledger"
TXN00001164,2024-10-08,2024-10-08,V00042,"Northwind Automation (Shanghai) Co., Ltd.",2202,应付账款 Accounts payable,1250000.0,Finance,"Payment to Northwind Automation (Shanghai) Co., Ltd. for invoice INV-996905",E0005,E0089,73.64,High,3,0.756362,True,"Unusual vendor (Northwind Automation (Shanghai) Co., Ltd.): amount is more than 8x this vendor's average payment; Large round amount: CNY 1250000.0 sits in the top 1.38% of all voucher values and is an exact multiple of 10,000; Rapid payment: settled 3.6 hours after the invoice arrived (normal supplier terms are 30-60 days); Isolation Forest anomaly (score 0.756, rank 162 of 30,128); Vendor risk 46/100 for Northwind Automation (Shanghai) Co., Ltd.; Amount CNY 1,250,000.00 is above the 98.6th percentile of the ledger"
TXN90000010,2024-07-22,2024-07-23,V00304,"Zenith Services Co., Ltd.",2202,应付账款 Accounts payable,1250000.0,Finance,"Bank transfer to Zenith Services Co., Ltd. - invoice INV-534327",E0099,E0009,73.57,High,3,0.733913,True,"Duplicate payment: invoice INV-2024-74366 paid more than once to Zenith Services Co., Ltd.; Unusual vendor (Zenith Services Co., Ltd.): amount is more than 8x this vendor's average payment; Large round amount: CNY 1250000.0 sits in the top 1.38% of all voucher values and is an exact multiple of 10,000; Isolation Forest anomaly (score 0.734, rank 218 of 30,128); Amount CNY 1,250,000.00 is above the 98.6th percentile of the ledger"
TXN00001300,2024-07-16,2024-07-16,V00304,"Zenith Services Co., Ltd.",2202,应付账款 Accounts payable,1250000.0,Finance,"Bank transfer to Zenith Services Co., Ltd. - invoice INV-534327",E0099,E0009,73.34,High,3,0.724984,True,"Duplicate payment: invoice INV-2024-74366 paid more than once to Zenith Services Co., Ltd.; Unusual vendor (Zenith Services Co., Ltd.): amount is more than 8x this vendor's average payment; Large round amount: CNY 1250000.0 sits in the top 1.38% of all voucher values and is an exact multiple of 10,000; Isolation Forest anomaly (score 0.725, rank 247 of 30,128); Amount CNY 1,250,000.00 is above the 98.6th percentile of the ledger"
TXN00022965,2025-09-29,2025-09-29,V00331,"Silverline Packaging Co., Ltd.",2202,应付账款 Accounts payable,1250000.0,Finance,"Vendor settlement Silverline Packaging Co., Ltd. / INV-391350",E0107,E0002,73.24,High,2,0.868375,True,"Unusual vendor (Silverline Packaging Co., Ltd.): vendor registered less than 90 days before the payment; Large round amount: CNY 1250000.0 sits in the top 1.38% of all voucher values and is an exact multiple of 10,000; Isolation Forest anomaly (score 0.868, rank 24 of 30,128); Vendor risk 46/100 for Silverline Packaging Co., Ltd.; Amount CNY 1,250,000.00 is above the 98.6th percentile of the ledger"
TXN00019362,2025-06-20,2025-06-20,V00064,"Tianhe Consulting (Shenzhen) Co., Ltd.",2202,应付账款 Accounts payable,2000000.0,Finance,"Payment to Tianhe Consulting (Shenzhen) Co., Ltd. for invoice INV-630772",E0006,E0008,73.15,High,2,0.857574,True,"Unusual vendor (Tianhe Consulting (Shenzhen) Co., Ltd.): amount is more than 8x this vendor's average payment; Large round amount: CNY 2000000.0 sits in the top 0.5% of all voucher values and is an exact multiple of 10,000; Isolation Forest anomaly (score 0.858, rank 31 of 30,128); Vendor risk 56/100 for Tianhe Consulting (Shenzhen) Co., Ltd.; Amount CNY 2,000,000.00 is above the 99.5th percentile of the ledger"
TXN00022937,2024-01-29,2024-02-01,V00320,"Yongsheng Automation (Beijing) Co., Ltd.",2202,应付账款 Accounts payable,2000000.0,Finance,"Payment to Yongsheng Automation (Beijing) Co., Ltd. for invoice INV-443250",E0108,E0109,73.15,High,2,0.875421,True,"Unusual vendor (Yongsheng Automation (Beijing) Co., Ltd.): amount is more than 8x this vendor's average payment; Large round amount: CNY 2000000.0 sits in the top 0.5% of all voucher values and is an exact multiple of 10,000; Isolation Forest anomaly (score 0.875, rank 23 of 30,128); Vendor risk 53/100 for Yongsheng Automation (Beijing) Co., Ltd.; Amount CNY 2,000,000.00 is above the 99.5th percentile of the ledger"
TXN00006066,2024-07-09,2024-07-11,V00112,"Pacific Materials (Guangzhou) Co., Ltd.",660205,管理费用-咨询费 Consulting fees,2000000.0,Operations,"Consulting services from Pacific Materials (Guangzhou) Co., Ltd. - contract 54506",E0011,E0042,72.67,High,2,0.935508,True,"Unusual vendor (Pacific Materials (Guangzhou) Co., Ltd.): amount is more than 8x this vendor's average payment; Large round amount: CNY 2000000.0 sits in the top 0.5% of all voucher values and is an exact multiple of 10,000; Isolation Forest anomaly (score 0.936, rank 5 of 30,128); Amount CNY 2,000,000.00 is above the 99.5th percentile of the ledger"
TXN00004076,2025-03-30,2025-03-31,V00115,"Xinrun Materials (Shenzhen) Co., Ltd.",1403,原材料 Raw materials,2000000.0,Procurement,Bulk purchase of components - PO98997,E0060,E0092,72.41,High,3,0.894083,True,"Unusual vendor (Xinrun Materials (Shenzhen) Co., Ltd.): amount is more than 8x this vendor's average payment; Large round amount: CNY 2000000.0 sits in the top 0.5% of all voucher values and is an exact multiple of 10,000; Posted on Sunday - 2025-03-30 is outside the normal working week; Isolation Forest anomaly (score 0.894, rank 15 of 30,128); Amount CNY 2,000,000.00 is above the 99.5th percentile of the ledger"
TXN00017219,2025-04-18,2025-04-18,V00127,Yongsheng Supply Chain Holdings,2202,应付账款 Accounts payable,2000000.0,Finance,Payment to Yongsheng Supply Chain Holdings for invoice INV-463649,E0085,E0071,72.37,High,2,0.841077,True,"Unusual vendor (Yongsheng Supply Chain Holdings): amount is more than 8x this vendor's average payment; Large round amount: CNY 2000000.0 sits in the top 0.5% of all voucher values and is an exact multiple of 10,000; Isolation Forest anomaly (score 0.841, rank 41 of 30,128); Vendor risk 54/100 for Yongsheng Supply Chain Holdings; Amount CNY 2,000,000.00 is above the 99.5th percentile of the ledger"
TXN00017089,2025-04-15,2025-04-16,V00213,"Blue Ridge Consulting (Shanghai) Co., Ltd.",2202,应付账款 Accounts payable,1250000.0,Finance,"Vendor settlement Blue Ridge Consulting (Shanghai) Co., Ltd. / INV-113861",E0120,E0008,71.91,High,2,0.893341,True,"Unusual vendor (Blue Ridge Consulting (Shanghai) Co., Ltd.): vendor registered less than 90 days before the payment; Large round amount: CNY 1250000.0 sits in the top 1.38% of all voucher values and is an exact multiple of 10,000; Isolation Forest anomaly (score 0.893, rank 17 of 30,128); Amount CNY 1,250,000.00 is above the 98.6th percentile of the ledger"
TXN00006356,2024-02-01,2024-02-03,V00014,"Orient Engineering (Shanghai) Co., Ltd.",2202,应付账款 Accounts payable,2000000.0,Finance,"Payment to Orient Engineering (Shanghai) Co., Ltd. for invoice INV-770612",E0056,E0121,71.88,High,2,0.888793,True,"Unusual vendor (Orient Engineering (Shanghai) Co., Ltd.): amount is more than 8x this vendor's average payment; Large round amount: CNY 2000000.0 sits in the top 0.5% of all voucher values and is an exact multiple of 10,000; Isolation Forest anomaly (score 0.889, rank 19 of 30,128); Amount CNY 2,000,000.00 is above the 99.5th percentile of the ledger"
TXN00009235,2025-06-17,2025-06-18,V00299,"Mingda Packaging (Shenzhen) Co., Ltd.",2202,应付账款 Accounts payable,1250000.0,Finance,"Settlement of Mingda Packaging (Shenzhen) Co., Ltd. invoice INV-364728",E0120,E0102,71.56,High,2,0.757552,True,"Unusual vendor (Mingda Packaging (Shenzhen) Co., Ltd.): amount is more than 8x this vendor's average payment; Large round amount: CNY 1250000.0 sits in the top 1.38% of all voucher values and is an exact multiple of 10,000; Isolation Forest anomaly (score 0.758, rank 161 of 30,128); Vendor risk 58/100 for Mingda Packaging (Shenzhen) Co., Ltd.; Amount CNY 1,250,000.00 is above the 98.6th percentile of the ledger"
TXN00024485,2024-12-30,2024-12-30,V00345,"Orient Supply Chain (Guangzhou) Co., Ltd.",2202,应付账款 Accounts payable,2000000.0,Finance,"Payment to Orient Supply Chain (Guangzhou) Co., Ltd. for invoice INV-151569",E0087,E0134,71.41,High,2,0.932631,True,"Unusual vendor (Orient Supply Chain (Guangzhou) Co., Ltd.): amount is more than 8x this vendor's average payment; Large round amount: CNY 2000000.0 sits in the top 0.5% of all voucher values and is an exact multiple of 10,000; Isolation Forest anomaly (score 0.933, rank 6 of 30,128); Amount CNY 2,000,000.00 is above the 99.5th percentile of the ledger"
TXN00006613,2024-10-21,2024-10-21,V00112,"Pacific Materials (Guangzhou) Co., Ltd.",2202,应付账款 Accounts payable,1250000.0,Finance,"Bank transfer to Pacific Materials (Guangzhou) Co., Ltd. - invoice INV-323756",E0123,E0076,71.05,High,2,0.922951,True,"Unusual vendor (Pacific Materials (Guangzhou) Co., Ltd.): amount is more than 8x this vendor's average payment; Large round amount: CNY 1250000.0 sits in the top 1.38% of all voucher values and is an exact multiple of 10,000; Isolation Forest anomaly (score 0.923, rank 10 of 30,128); Amount CNY 1,250,000.00 is above the 98.6th percentile of the ledger"
TXN00015009,2024-10-16,2024-10-16,V00041,"Ruixin Industrial (Beijing) Co., Ltd.",660205,管理费用-咨询费 Consulting fees,2000000.0,Operations,"Advisory fee to Ruixin Industrial (Beijing) Co., Ltd.",E0133,E0124,70.66,High,2,0.89405,True,"Unusual vendor (Ruixin Industrial (Beijing) Co., Ltd.): amount is more than 8x this vendor's average payment; Large round amount: CNY 2000000.0 sits in the top 0.5% of all voucher values and is an exact multiple of 10,000; Isolation Forest anomaly (score 0.894, rank 16 of 30,128); Amount CNY 2,000,000.00 is above the 99.5th percentile of the ledger"
TXN00013011,2024-09-09,2024-09-09,V00207,"Nordic Electronics Co., Ltd.",2202,应付账款 Accounts payable,1250000.0,Finance,"Vendor settlement Nordic Electronics Co., Ltd. / INV-534787",E0085,E0068,70.63,High,2,0.788952,True,"Unusual vendor (Nordic Electronics Co., Ltd.): amount is more than 8x this vendor's average payment; Large round amount: CNY 1250000.0 sits in the top 1.38% of all voucher values and is an exact multiple of 10,000; Isolation Forest anomaly (score 0.789, rank 94 of 30,128); Vendor risk 47/100 for Nordic Electronics Co., Ltd.; Amount CNY 1,250,000.00 is above the 98.6th percentile of the ledger"
TXN00015397,2024-04-15,2024-04-15,V00141,Everest Materials Holdings,2202,应付账款 Accounts payable,1250000.0,Finance,Bank transfer to Everest Materials Holdings - invoice INV-956843,E0051,E0102,70.58,High,2,0.710849,True,"Unusual vendor (Everest Materials Holdings): amount is more than 8x this vendor's average payment; Large round amount: CNY 1250000.0 sits in the top 1.38% of all voucher values and is an exact multiple of 10,000; Isolation Forest anomaly (score 0.711, rank 301 of 30,128); Vendor risk 60/100 for Everest Materials Holdings; Amount CNY 1,250,000.00 is above the 98.6th percentile of the ledger"
TXN00028111,2025-01-13,2025-01-14,V00206,"Apex Automation (Guangzhou) Co., Ltd.",2202,应付账款 Accounts payable,1250000.0,Finance,"Vendor settlement Apex Automation (Guangzhou) Co., Ltd. / INV-319718",E0140,E0109,70.58,High,2,0.796702,True,"Unusual vendor (Apex Automation (Guangzhou) Co., Ltd.): amount is more than 8x this vendor's average payment; Large round amount: CNY 1250000.0 sits in the top 1.38% of all voucher values and is an exact multiple of 10,000; Isolation Forest anomaly (score 0.797, rank 85 of 30,128); Vendor risk 45/100 for Apex Automation (Guangzhou) Co., Ltd.; Amount CNY 1,250,000.00 is above the 98.6th percentile of the ledger"
TXN00025642,2024-06-03,2024-06-03,V00144,"Silverline Media Co., Ltd.",2202,应付账款 Accounts payable,2000000.0,Finance,"Bank transfer to Silverline Media Co., Ltd. - invoice INV-793933",E0090,E0009,70.51,High,2,0.93764,True,"Unusual vendor (Silverline Media Co., Ltd.): amount is more than 8x this vendor's average payment; Large round amount: CNY 2000000.0 sits in the top 0.5% of all voucher values and is an exact multiple of 10,000; Isolation Forest anomaly (score 0.938, rank 4 of 30,128); Amount CNY 2,000,000.00 is above the 99.5th percentile of the ledger"
TXN00006457,2025-12-05,2025-12-05,V00129,"Everest Services (Shenzhen) Co., Ltd.",2202,应付账款 Accounts payable,1250000.0,Finance,"Payment to Everest Services (Shenzhen) Co., Ltd. for invoice INV-386235",E0067,E0025,70.39,High,2,0.898393,True,"Unusual vendor (Everest Services (Shenzhen) Co., Ltd.): amount is more than 8x this vendor's average payment; Large round amount: CNY 1250000.0 sits in the top 1.38% of all voucher values and is an exact multiple of 10,000; Isolation Forest anomaly (score 0.898, rank 14 of 30,128); Amount CNY 1,250,000.00 is above the 98.6th percentile of the ledger"
TXN00007791,2024-02-05,2024-02-05,V00353,"Concord Services (Shanghai) Co., Ltd.",2202,应付账款 Accounts payable,1250000.0,Finance,"Vendor settlement Concord Services (Shanghai) Co., Ltd. / INV-853719",E0024,E0128,70.3,High,2,0.767367,True,"Unusual vendor (Concord Services (Shanghai) Co., Ltd.): amount is more than 8x this vendor's average payment; Large round amount: CNY 1250000.0 sits in the top 1.38% of all voucher values and is an exact multiple of 10,000; Isolation Forest anomaly (score 0.767, rank 137 of 30,128); Vendor risk 48/100 for Concord Services (Shanghai) Co., Ltd.; Amount CNY 1,250,000.00 is above the 98.6th percentile of the ledger"
TXN00011457,2025-09-17,2025-09-18,V00097,"Everest Logistics Co., Ltd.",2202,应付账款 Accounts payable,1250000.0,Finance,"Bank transfer to Everest Logistics Co., Ltd. - invoice INV-429918",E0139,E0050,70.28,High,2,0.740447,True,"Unusual vendor (Everest Logistics Co., Ltd.): amount is more than 8x this vendor's average payment; Large round amount: CNY 1250000.0 sits in the top 1.38% of all voucher values and is an exact multiple of 10,000; Isolation Forest anomaly (score 0.740, rank 203 of 30,128); Vendor risk 53/100 for Everest Logistics Co., Ltd.; Amount CNY 1,250,000.00 is above the 98.6th percentile of the ledger"
TXN00020863,2024-09-27,2024-09-27,V00348,"Global Trading (Shanghai) Co., Ltd.",2202,应付账款 Accounts payable,2000000.0,Finance,"Bank transfer to Global Trading (Shanghai) Co., Ltd. - invoice INV-658906",E0100,E0102,70.07,High,2,0.84178,True,"Unusual vendor (Global Trading (Shanghai) Co., Ltd.): amount is more than 8x this vendor's average payment; Large round amount: CNY 2000000.0 sits in the top 0.5% of all voucher values and is an exact multiple of 10,000; Isolation Forest anomaly (score 0.842, rank 40 of 30,128); Amount CNY 2,000,000.00 is above the 99.5th percentile of the ledger"
TXN00029876,2025-09-18,2025-09-18,V00299,"Mingda Packaging (Shenzhen) Co., Ltd.",660205,管理费用-咨询费 Consulting fees,1000000.0,Operations,"Consulting services from Mingda Packaging (Shenzhen) Co., Ltd. - contract 33716",E0011,E0109,70.05,High,2,0.777608,True,"Unusual vendor (Mingda Packaging (Shenzhen) Co., Ltd.): amount is more than 8x this vendor's average payment; Large round amount: CNY 1000000.0 sits in the top 2.5% of all voucher values and is an exact multiple of 10,000; Isolation Forest anomaly (score 0.778, rank 116 of 30,128); Vendor risk 58/100 for Mingda Packaging (Shenzhen) Co., Ltd.; Amount CNY 1,000,000.00 is above the 97.5th percentile of the ledger"
TXN00003048,2024-12-19,2024-12-19,V00149,"Tianhe Technology (Guangzhou) Co., Ltd.",2202,应付账款 Accounts payable,1250000.0,Finance,"Payment to Tianhe Technology (Guangzhou) Co., Ltd. for invoice INV-937283",E0057,E0095,69.96,High,2,0.84009,True,"Unusual vendor (Tianhe Technology (Guangzhou) Co., Ltd.): vendor registered less than 90 days before the payment; Large round amount: CNY 1250000.0 sits in the top 1.38% of all voucher values and is an exact multiple of 10,000; Isolation Forest anomaly (score 0.840, rank 47 of 30,128); Amount CNY 1,250,000.00 is above the 98.6th percentile of the ledger"
TXN00012478,2025-03-24,2025-03-25,V00350,"Ruixin Systems (Guangzhou) Co., Ltd.",2202,应付账款 Accounts payable,1250000.0,Finance,"Payment to Ruixin Systems (Guangzhou) Co., Ltd. for invoice INV-859457",E0067,E0121,69.94,High,2,0.86471,True,"Unusual vendor (Ruixin Systems (Guangzhou) Co., Ltd.): amount is more than 8x this vendor's average payment; Large round amount: CNY 1250000.0 sits in the top 1.38% of all voucher values and is an exact multiple of 10,000; Isolation Forest anomaly (score 0.865, rank 27 of 30,128); Amount CNY 1,250,000.00 is above the 98.6th percentile of the ledger"
TXN00027041,2024-01-09,2024-01-10,V00291,"Dynamic Facilities (Beijing) Co., Ltd.",2202,应付账款 Accounts payable,1250000.0,Finance,"Vendor settlement Dynamic Facilities (Beijing) Co., Ltd. / INV-161090",E0123,E0071,69.92,High,2,0.719763,True,"Unusual vendor (Dynamic Facilities (Beijing) Co., Ltd.): amount is more than 8x this vendor's average payment; Large round amount: CNY 1250000.0 sits in the top 1.38% of all voucher values and is an exact multiple of 10,000; Isolation Forest anomaly (score 0.720, rank 266 of 30,128); Vendor risk 54/100 for Dynamic Facilities (Beijing) Co., Ltd.; Amount CNY 1,250,000.00 is above the 98.6th percentile of the ledger"
TXN00009504,2024-03-15,2024-03-15,V00126,"Apex Consulting (Shanghai) Co., Ltd.",2202,应付账款 Accounts payable,2000000.0,Finance,"Settlement of Apex Consulting (Shanghai) Co., Ltd. invoice INV-974745",E0088,E0102,69.85,High,2,0.786494,True,"Unusual vendor (Apex Consulting (Shanghai) Co., Ltd.): amount is more than 8x this vendor's average payment; Large round amount: CNY 2000000.0 sits in the top 0.5% of all voucher values and is an exact multiple of 10,000; Isolation Forest anomaly (score 0.786, rank 99 of 30,128); Vendor risk 46/100 for Apex Consulting (Shanghai) Co., Ltd.; Amount CNY 2,000,000.00 is above the 99.5th percentile of the ledger"
TXN00010974,2024-05-20,2024-05-20,V00055,"Xinrun Services (Beijing) Co., Ltd.",2202,应付账款 Accounts payable,1250000.0,Finance,"Payment to Xinrun Services (Beijing) Co., Ltd. for invoice INV-849754",E0012,E0130,69.82,High,2,0.789405,True,"Unusual vendor (Xinrun Services (Beijing) Co., Ltd.): amount is more than 8x this vendor's average payment; Large round amount: CNY 1250000.0 sits in the top 1.38% of all voucher values and is an exact multiple of 10,000; Isolation Forest anomaly (score 0.789, rank 93 of 30,128); Amount CNY 1,250,000.00 is above the 98.6th percentile of the ledger"
TXN00018944,2024-02-19,2024-02-19,V00341,"Hengtai Industrial (Shenzhen) Co., Ltd.",2202,应付账款 Accounts payable,2000000.0,Finance,"Vendor settlement Hengtai Industrial (Shenzhen) Co., Ltd. / INV-689978",E0137,E0008,69.81,High,2,0.916376,True,"Unusual vendor (Hengtai Industrial (Shenzhen) Co., Ltd.): amount is more than 8x this vendor's average payment; Large round amount: CNY 2000000.0 sits in the top 0.5% of all voucher values and is an exact multiple of 10,000; Isolation Forest anomaly (score 0.916, rank 13 of 30,128); Amount CNY 2,000,000.00 is above the 99.5th percentile of the ledger"
TXN00019593,2025-01-07,2025-01-07,V00363,"Blue Ridge Systems (Beijing) Co., Ltd.",2202,应付账款 Accounts payable,1250000.0,Finance,"Settlement of Blue Ridge Systems (Beijing) Co., Ltd. invoice INV-465194",E0046,E0102,69.78,High,2,0.751456,True,"Unusual vendor (Blue Ridge Systems (Beijing) Co., Ltd.): amount is more than 8x this vendor's average payment; Large round amount: CNY 1250000.0 sits in the top 1.38% of all voucher values and is an exact multiple of 10,000; Isolation Forest anomaly (score 0.751, rank 175 of 30,128); Vendor risk 47/100 for Blue Ridge Systems (Beijing) Co., Ltd.; Amount CNY 1,250,000.00 is above the 98.6th percentile of the ledger"
TXN00026808,2024-10-14,2024-10-17,V00103,"Kaiyuan Electronics (Beijing) Co., Ltd.",1403,原材料 Raw materials,2000000.0,Procurement,"Material procurement from Kaiyuan Electronics (Beijing) Co., Ltd. - PO41165",E0123,E0092,69.77,High,2,0.888111,True,"Unusual vendor (Kaiyuan Electronics (Beijing) Co., Ltd.): amount is more than 8x this vendor's average payment; Large round amount: CNY 2000000.0 sits in the top 0.5% of all voucher values and is an exact multiple of 10,000; Isolation Forest anomaly (score 0.888, rank 20 of 30,128); Amount CNY 2,000,000.00 is above the 99.5th percentile of the ledger"
TXN00002280,2025-11-10,2025-11-10,V00154,"Innovate Materials Co., Ltd.",2202,应付账款 Accounts payable,1250000.0,Finance,"Vendor settlement Innovate Materials Co., Ltd. / INV-124154",E0020,E0128,69.69,High,2,0.772392,True,"Unusual vendor (Innovate Materials Co., Ltd.): amount is more than 8x this vendor's average payment; Large round amount: CNY 1250000.0 sits in the top 1.38% of all voucher values and is an exact multiple of 10,000; Isolation Forest anomaly (score 0.772, rank 124 of 30,128); Amount CNY 1,250,000.00 is above the 98.6th percentile of the ledger"
TXN00024088,2024-05-31,2024-05-31,V00206,"Apex Automation (Guangzhou) Co., Ltd.",2202,应付账款 Accounts payable,1250000.0,Finance,"Bank transfer to Apex Automation (Guangzhou) Co., Ltd. - invoice INV-247209",E0131,E0106,69.62,High,2,0.758338,True,"Unusual vendor (Apex Automation (Guangzhou) Co., Ltd.): amount is more than 8x this vendor's average payment; Large round amount: CNY 1250000.0 sits in the top 1.38% of all voucher values and is an exact multiple of 10,000; Isolation Forest anomaly (score 0.758, rank 158 of 30,128); Vendor risk 45/100 for Apex Automation (Guangzhou) Co., Ltd.; Amount CNY 1,250,000.00 is above the 98.6th percentile of the ledger"
TXN00026026,2025-12-08,2025-12-11,V00067,"Kaiyuan Trading (Shanghai) Co., Ltd.",2202,应付账款 Accounts payable,1250000.0,Finance,"Vendor settlement Kaiyuan Trading (Shanghai) Co., Ltd. / INV-586493",E0090,E0023,69.52,High,2,0.85975,True,"Unusual vendor (Kaiyuan Trading (Shanghai) Co., Ltd.): amount is more than 8x this vendor's average payment; Large round amount: CNY 1250000.0 sits in the top 1.38% of all voucher values and is an exact multiple of 10,000; Isolation Forest anomaly (score 0.860, rank 30 of 30,128); Amount CNY 1,250,000.00 is above the 98.6th percentile of the ledger"
TXN00013617,2024-03-14,2024-03-14,V00173,Zhongtai Services Holdings,2202,应付账款 Accounts payable,2000000.0,Finance,Settlement of Zhongtai Services Holdings invoice INV-217931,E0123,E0128,69.51,High,2,0.880725,True,"Unusual vendor (Zhongtai Services Holdings): amount is more than 8x this vendor's average payment; Large round amount: CNY 2000000.0 sits in the top 0.5% of all voucher values and is an exact multiple of 10,000; Isolation Forest anomaly (score 0.881, rank 21 of 30,128); Amount CNY 2,000,000.00 is above the 99.5th percentile of the ledger"
TXN00007068,2024-11-26,2024-11-26,V00203,"Bright Consulting Co., Ltd.",2202,应付账款 Accounts payable,1250000.0,Finance,"Payment to Bright Consulting Co., Ltd. for invoice INV-424784",E0131,E0109,69.38,High,2,0.721975,True,"Unusual vendor (Bright Consulting Co., Ltd.): amount is more than 8x this vendor's average payment; Large round amount: CNY 1250000.0 sits in the top 1.38% of all voucher values and is an exact multiple of 10,000; Isolation Forest anomaly (score 0.722, rank 256 of 30,128); Vendor risk 50/100 for Bright Consulting Co., Ltd.; Amount CNY 1,250,000.00 is above the 98.6th percentile of the ledger"
TXN00004557,2024-12-09,2024-12-09,V00101,"Innovate Facilities (Shenzhen) Co., Ltd.",2202,应付账款 Accounts payable,2000000.0,Finance,"Settlement of Innovate Facilities (Shenzhen) Co., Ltd. invoice INV-640002",E0099,E0009,69.37,High,2,0.829587,True,"Unusual vendor (Innovate Facilities (Shenzhen) Co., Ltd.): amount is more than 8x this vendor's average payment; Large round amount: CNY 2000000.0 sits in the top 0.5% of all voucher values and is an exact multiple of 10,000; Isolation Forest anomaly (score 0.830, rank 55 of 30,128); Amount CNY 2,000,000.00 is above the 99.5th percentile of the ledger"
TXN00029033,2025-07-31,2025-07-31,V00298,"Longhe Systems (Shanghai) Co., Ltd.",2202,应付账款 Accounts payable,1250000.0,Finance,"Payment to Longhe Systems (Shanghai) Co., Ltd. for invoice INV-297691",E0122,E0073,69.31,High,2,0.801367,True,"Unusual vendor (Longhe Systems (Shanghai) Co., Ltd.): amount is more than 8x this vendor's average payment; Large round amount: CNY 1250000.0 sits in the top 1.38% of all voucher values and is an exact multiple of 10,000; Isolation Forest anomaly (score 0.801, rank 78 of 30,128); Amount CNY 1,250,000.00 is above the 98.6th percentile of the ledger"
TXN00025990,2025-12-05,2025-12-05,V00226,"Zhongtai Industrial (Beijing) Co., Ltd.",2202,应付账款 Accounts payable,1250000.0,Finance,"Bank transfer to Zhongtai Industrial (Beijing) Co., Ltd. - invoice INV-702778",E0064,E0121,69.24,High,2,0.733569,True,"Unusual vendor (Zhongtai Industrial (Beijing) Co., Ltd.): amount is more than 8x this vendor's average payment; Large round amount: CNY 1250000.0 sits in the top 1.38% of all voucher values and is an exact multiple of 10,000; Isolation Forest anomaly (score 0.734, rank 221 of 30,128); Vendor risk 47/100 for Zhongtai Industrial (Beijing) Co., Ltd.; Amount CNY 1,250,000.00 is above the 98.6th percentile of the ledger"
TXN00024102,2025-07-26,2025-07-26,V00350,"Ruixin Systems (Guangzhou) Co., Ltd.",2202,应付账款 Accounts payable,160000.0,Finance,"Bank transfer to Ruixin Systems (Guangzhou) Co., Ltd. - invoice INV-418678",E0004,E0002,69.23,High,2,0.640311,True,"Duplicate payment: invoice INV-2025-71544 paid more than once to Ruixin Systems (Guangzhou) Co., Ltd.; Posted on Saturday - 2025-07-26 is outside the normal working week; Isolation Forest anomaly (score 0.640, rank 590 of 30,128); Amount CNY 160,000.00 is above the 77.1th percentile of the ledger"
TXN00004619,2024-09-11,2024-09-11,V00348,"Global Trading (Shanghai) Co., Ltd.",2202,应付账款 Accounts payable,2000000.0,Finance,"Vendor settlement Global Trading (Shanghai) Co., Ltd. / INV-440804",E0101,E0109,69.2,High,2,0.806946,True,"Unusual vendor (Global Trading (Shanghai) Co., Ltd.): amount is more than 8x this vendor's average payment; Large round amount: CNY 2000000.0 sits in the top 0.5% of all voucher values and is an exact multiple of 10,000; Isolation Forest anomaly (score 0.807, rank 71 of 30,128); Amount CNY 2,000,000.00 is above the 99.5th percentile of the ledger"
TXN00015745,2024-05-06,2024-05-06,V00173,Zhongtai Services Holdings,1405,库存商品 Finished goods,1250000.0,Finance,Bank transfer to Zhongtai Services Holdings - invoice INV-288217,E0087,E0025,69.14,High,2,0.947288,True,"Large round amount: CNY 1250000.0 sits in the top 1.38% of all voucher values and is an exact multiple of 10,000; Rare account usage: posted to 1405 (库存商品 Finished goods), used by only 0.03% of vouchers and atypical for this business process; Isolation Forest anomaly (score 0.947, rank 2 of 30,128); Amount CNY 1,250,000.00 is above the 98.6th percentile of the ledger"
TXN00025119,2025-09-15,2025-09-15,V00099,"Tianhe Services (Guangzhou) Co., Ltd.",2202,应付账款 Accounts payable,1250000.0,Finance,"Bank transfer to Tianhe Services (Guangzhou) Co., Ltd. - invoice INV-937906",E0133,E0109,69.14,High,2,0.840506,True,"Unusual vendor (Tianhe Services (Guangzhou) Co., Ltd.): amount is more than 8x this vendor's average payment; Large round amount: CNY 1250000.0 sits in the top 1.38% of all voucher values and is an exact multiple of 10,000; Isolation Forest anomaly (score 0.841, rank 45 of 30,128); Amount CNY 1,250,000.00 is above the 98.6th percentile of the ledger"
TXN00014547,2024-11-11,2024-11-11,V00354,"Orient Industrial (Shanghai) Co., Ltd.",2202,应付账款 Accounts payable,1250000.0,Finance,"Payment to Orient Industrial (Shanghai) Co., Ltd. for invoice INV-985443",E0105,E0124,69.12,High,2,0.924571,True,"Unusual vendor (Orient Industrial (Shanghai) Co., Ltd.): amount is more than 8x this vendor's average payment; Large round amount: CNY 1250000.0 sits in the top 1.38% of all voucher values and is an exact multiple of 10,000; Isolation Forest anomaly (score 0.925, rank 9 of 30,128); Amount CNY 1,250,000.00 is above the 98.6th percentile of the ledger"
TXN00015908,2025-09-30,2025-10-01,V00059,"Bright Automation (Shanghai) Co., Ltd.",2202,应付账款 Accounts payable,1250000.0,Finance,"Vendor settlement Bright Automation (Shanghai) Co., Ltd. / INV-186181",E0046,E0115,69.1,High,2,0.81381,True,"Unusual vendor (Bright Automation (Shanghai) Co., Ltd.): amount is more than 8x this vendor's average payment; Large round amount: CNY 1250000.0 sits in the top 1.38% of all voucher values and is an exact multiple of 10,000; Isolation Forest anomaly (score 0.814, rank 64 of 30,128); Amount CNY 1,250,000.00 is above the 98.6th percentile of the ledger"
TXN00011915,2025-08-27,2025-08-27,V00140,"Sunrise Automation (Shanghai) Co., Ltd.",660205,管理费用-咨询费 Consulting fees,2000000.0,Operations,"Advisory fee to Sunrise Automation (Shanghai) Co., Ltd.",E0108,E0111,69.06,High,2,0.929496,True,"Unusual vendor (Sunrise Automation (Shanghai) Co., Ltd.): amount is more than 8x this vendor's average payment; Large round amount: CNY 2000000.0 sits in the top 0.5% of all voucher values and is an exact multiple of 10,000; Isolation Forest anomaly (score 0.929, rank 7 of 30,128); Amount CNY 2,000,000.00 is above the 99.5th percentile of the ledger"
TXN00013256,2025-09-29,2025-09-29,V00055,"Xinrun Services (Beijing) Co., Ltd.",2202,应付账款 Accounts payable,1250000.0,Finance,"Payment to Xinrun Services (Beijing) Co., Ltd. for invoice INV-849440",E0140,E0128,69.04,High,2,0.75796,True,"Unusual vendor (Xinrun Services (Beijing) Co., Ltd.): amount is more than 8x this vendor's average payment; Large round amount: CNY 1250000.0 sits in the top 1.38% of all voucher values and is an exact multiple of 10,000; Isolation Forest anomaly (score 0.758, rank 159 of 30,128); Amount CNY 1,250,000.00 is above the 98.6th percentile of the ledger"
TXN00013333,2024-09-18,2024-09-18,V00200,"Kaiyuan Technology Co., Ltd.",2202,应付账款 Accounts payable,1250000.0,Finance,"Bank transfer to Kaiyuan Technology Co., Ltd. - invoice INV-769742",E0045,E0042,68.96,High,2,0.803188,True,"Unusual vendor (Kaiyuan Technology Co., Ltd.): amount is more than 8x this vendor's average payment; Large round amount: CNY 1250000.0 sits in the top 1.38% of all voucher values and is an exact multiple of 10,000; Isolation Forest anomaly (score 0.803, rank 74 of 30,128); Amount CNY 1,250,000.00 is above the 98.6th percentile of the ledger"
TXN90000018,2024-06-17,2024-06-18,V00050,Sunrise Services Holdings,2202,应付账款 Accounts payable,1014576.45,Finance,Bank transfer to Sunrise Services Holdings - invoice INV-316002,E0067,E0050,68.93,High,1,0.553962,False,"Duplicate payment: invoice INV-2024-25127 paid more than once to Sunrise Services Holdings; Amount CNY 1,014,576.45 is above the 97.8th percentile of the ledger"
TXN00007048,2024-05-21,2024-05-21,V00040,Nordic Consulting Group,2202,应付账款 Accounts payable,2000000.0,Finance,Bank transfer to Nordic Consulting Group - invoice INV-295783,E0113,E0071,68.87,High,2,0.834348,True,"Unusual vendor (Nordic Consulting Group): amount is more than 8x this vendor's average payment; Large round amount: CNY 2000000.0 sits in the top 0.5% of all voucher values and is an exact multiple of 10,000; Isolation Forest anomaly (score 0.834, rank 51 of 30,128); Amount CNY 2,000,000.00 is above the 99.5th percentile of the ledger"
TXN00028197,2025-02-10,2025-02-10,V00081,"Ruixin Services (Shenzhen) Co., Ltd.",2202,应付账款 Accounts payable,1250000.0,Finance,"Settlement of Ruixin Services (Shenzhen) Co., Ltd. invoice INV-506852",E0001,E0102,68.87,High,2,0.734478,True,"Unusual vendor (Ruixin Services (Shenzhen) Co., Ltd.): amount is more than 8x this vendor's average payment; Large round amount: CNY 1250000.0 sits in the top 1.38% of all voucher values and is an exact multiple of 10,000; Isolation Forest anomaly (score 0.734, rank 215 of 30,128); Amount CNY 1,250,000.00 is above the 98.6th percentile of the ledger"
TXN00015946,2025-10-28,2025-10-29,V00298,"Longhe Systems (Shanghai) Co., Ltd.",2202,应付账款 Accounts payable,1250000.0,Finance,"Vendor settlement Longhe Systems (Shanghai) Co., Ltd. / INV-749609",E0090,E0019,68.73,High,2,0.778267,True,"Unusual vendor (Longhe Systems (Shanghai) Co., Ltd.): amount is more than 8x this vendor's average payment; Large round amount: CNY 1250000.0 sits in the top 1.38% of all voucher values and is an exact multiple of 10,000; Isolation Forest anomaly (score 0.778, rank 112 of 30,128); Amount CNY 1,250,000.00 is above the 98.6th percentile of the ledger"
TXN00003281,2024-06-13,2024-06-13,V00050,Sunrise Services Holdings,2202,应付账款 Accounts payable,1014576.45,Finance,Bank transfer to Sunrise Services Holdings - invoice INV-316002,E0067,E0050,68.71,High,1,0.545313,False,"Duplicate payment: invoice INV-2024-25127 paid more than once to Sunrise Services Holdings; Amount CNY 1,014,576.45 is above the 97.8th percentile of the ledger"
TXN00021024,2025-07-02,2025-07-02,V00298,"Longhe Systems (Shanghai) Co., Ltd.",2202,应付账款 Accounts payable,1250000.0,Finance,"Payment to Longhe Systems (Shanghai) Co., Ltd. for invoice INV-415824",E0037,E0115,68.61,High,2,0.773345,True,"Unusual vendor (Longhe Systems (Shanghai) Co., Ltd.): amount is more than 8x this vendor's average payment; Large round amount: CNY 1250000.0 sits in the top 1.38% of all voucher values and is an exact multiple of 10,000; Isolation Forest anomaly (score 0.773, rank 122 of 30,128); Amount CNY 1,250,000.00 is above the 98.6th percentile of the ledger"
TXN00019990,2025-08-01,2025-08-01,V00254,"Ruixin Facilities (Shenzhen) Co., Ltd.",2202,应付账款 Accounts payable,1250000.0,Finance,"Settlement of Ruixin Facilities (Shenzhen) Co., Ltd. invoice INV-378144",E0003,E0124,68.56,High,2,0.831884,True,"Unusual vendor (Ruixin Facilities (Shenzhen) Co., Ltd.): vendor registered less than 90 days before the payment; Large round amount: CNY 1250000.0 sits in the top 1.38% of all voucher values and is an exact multiple of 10,000; Isolation Forest anomaly (score 0.832, rank 53 of 30,128); Amount CNY 1,250,000.00 is above the 98.6th percentile of the ledger"
TXN00003709,2025-12-10,2025-12-10,V00231,"Apex Packaging (Shenzhen) Co., Ltd.",2202,应付账款 Accounts payable,1250000.0,Finance,"Payment to Apex Packaging (Shenzhen) Co., Ltd. for invoice INV-594161",E0077,E0121,68.52,High,2,0.753632,True,"Unusual vendor (Apex Packaging (Shenzhen) Co., Ltd.): amount is more than 8x this vendor's average payment; Large round amount: CNY 1250000.0 sits in the top 1.38% of all voucher values and is an exact multiple of 10,000; Isolation Forest anomaly (score 0.754, rank 166 of 30,128); Amount CNY 1,250,000.00 is above the 98.6th percentile of the ledger"
TXN00008820,2024-03-21,2024-03-21,V00085,"Qianhai Supply Chain (Guangzhou) Co., Ltd.",2202,应付账款 Accounts payable,1178000.0,Finance,"Vendor settlement Qianhai Supply Chain (Guangzhou) Co., Ltd. / INV-264565",E0122,E0114,68.52,High,2,0.754523,True,"Unusual vendor (Qianhai Supply Chain (Guangzhou) Co., Ltd.): amount is more than 8x this vendor's average payment; Large round amount: CNY 1178000.0 sits in the top 1.75% of all voucher values and is an exact multiple of 1,000; Isolation Forest anomaly (score 0.755, rank 163 of 30,128); Vendor risk 53/100 for Qianhai Supply Chain (Guangzhou) Co., Ltd.; Amount CNY 1,178,000.00 is above the 98.3th percentile of the ledger"
TXN00025636,2025-04-23,2025-04-23,V00002,"Tianhe Consulting Co., Ltd.",2202,应付账款 Accounts payable,1250000.0,Finance,"Vendor settlement Tianhe Consulting Co., Ltd. / INV-230851",E0078,E0102,68.51,High,2,0.7734,True,"Unusual vendor (Tianhe Consulting Co., Ltd.): amount is more than 8x this vendor's average payment; Large round amount: CNY 1250000.0 sits in the top 1.38% of all voucher values and is an exact multiple of 10,000; Isolation Forest anomaly (score 0.773, rank 121 of 30,128); Amount CNY 1,250,000.00 is above the 98.6th percentile of the ledger"
TXN00006297,2024-04-02,2024-04-02,V00302,"Innovate Industrial (Shanghai) Co., Ltd.",2202,应付账款 Accounts payable,1250000.0,Finance,"Bank transfer to Innovate Industrial (Shanghai) Co., Ltd. - invoice INV-217779",E0056,E0009,68.5,High,2,0.742695,True,"Unusual vendor (Innovate Industrial (Shanghai) Co., Ltd.): amount is more than 8x this vendor's average payment; Large round amount: CNY 1250000.0 sits in the top 1.38% of all voucher values and is an exact multiple of 10,000; Isolation Forest anomaly (score 0.743, rank 198 of 30,128); Amount CNY 1,250,000.00 is above the 98.6th percentile of the ledger"
TXN00011262,2024-10-21,2024-10-21,V00028,"Concord Logistics (Beijing) Co., Ltd.",2202,应付账款 Accounts payable,1250000.0,Finance,"Bank transfer to Concord Logistics (Beijing) Co., Ltd. - invoice INV-104044",E0094,E0034,68.5,High,2,0.820687,True,"Unusual vendor (Concord Logistics (Beijing) Co., Ltd.): amount is more than 8x this vendor's average payment; Large round amount: CNY 1250000.0 sits in the top 1.38% of all voucher values and is an exact multiple of 10,000; Isolation Forest anomaly (score 0.821, rank 61 of 30,128); Amount CNY 1,250,000.00 is above the 98.6th percentile of the ledger"
TXN00024046,2025-08-01,2025-08-01,V00063,"Innovate Supply Chain (Guangzhou) Co., Ltd.",660205,管理费用-咨询费 Consulting fees,1000000.0,Operations,"Consulting services from Innovate Supply Chain (Guangzhou) Co., Ltd. - contract 23143",E0099,E0066,68.45,High,2,0.840923,True,"Unusual vendor (Innovate Supply Chain (Guangzhou) Co., Ltd.): amount is more than 8x this vendor's average payment; Large round amount: CNY 1000000.0 sits in the top 2.5% of all voucher values and is an exact multiple of 10,000; Isolation Forest anomaly (score 0.841, rank 42 of 30,128); Amount CNY 1,000,000.00 is above the 97.5th percentile of the ledger"
TXN00025389,2024-09-18,2024-09-18,V00091,"Zhongtai Industrial Co., Ltd.",2202,应付账款 Accounts payable,1250000.0,Finance,"Vendor settlement Zhongtai Industrial Co., Ltd. / INV-767298",E0058,E0115,68.39,High,2,0.717049,True,"Unusual vendor (Zhongtai Industrial Co., Ltd.): amount is more than 8x this vendor's average payment; Large round amount: CNY 1250000.0 sits in the top 1.38% of all voucher values and is an exact multiple of 10,000; Isolation Forest anomaly (score 0.717, rank 274 of 30,128); Amount CNY 1,250,000.00 is above the 98.6th percentile of the ledger"
TXN00000400,2024-01-15,2024-01-17,V00315,"Ruixin Materials Co., Ltd.",2202,应付账款 Accounts payable,1250000.0,Finance,"Vendor settlement Ruixin Materials Co., Ltd. / INV-980685",E0055,E0068,68.36,High,2,0.840889,True,"Unusual vendor (Ruixin Materials Co., Ltd.): amount is more than 8x this vendor's average payment; Large round amount: CNY 1250000.0 sits in the top 1.38% of all voucher values and is an exact multiple of 10,000; Isolation Forest anomaly (score 0.841, rank 43 of 30,128); Amount CNY 1,250,000.00 is above the 98.6th percentile of the ledger"
TXN00014891,2024-04-01,2024-04-01,V00026,"Concord Logistics (Shanghai) Co., Ltd.",2202,应付账款 Accounts payable,1250000.0,Finance,"Settlement of Concord Logistics (Shanghai) Co., Ltd. invoice INV-252264",E0100,E0121,68.23,High,2,0.785972,True,"Unusual vendor (Concord Logistics (Shanghai) Co., Ltd.): amount is more than 8x this vendor's average payment; Large round amount: CNY 1250000.0 sits in the top 1.38% of all voucher values and is an exact multiple of 10,000; Isolation Forest anomaly (score 0.786, rank 102 of 30,128); Amount CNY 1,250,000.00 is above the 98.6th percentile of the ledger"
TXN00028678,2024-05-20,2024-05-20,V00250,"Zhongtai Trading Co., Ltd.",2202,应付账款 Accounts payable,1000000.0,Finance,"Settlement of Zhongtai Trading Co., Ltd. invoice INV-869410",E0035,E0050,68.18,High,2,0.846747,True,"Unusual vendor (Zhongtai Trading Co., Ltd.): amount is more than 8x this vendor's average payment; Large round amount: CNY 1000000.0 sits in the top 2.5% of all voucher values and is an exact multiple of 10,000; Isolation Forest anomaly (score 0.847, rank 36 of 30,128); Vendor risk 47/100 for Zhongtai Trading Co., Ltd.; Amount CNY 1,000,000.00 is above the 97.5th percentile of the ledger"
TXN00007675,2024-12-20,2024-12-20,V00319,"Sunrise Technology (Beijing) Co., Ltd.",1403,原材料 Raw materials,2000000.0,Procurement,Bulk purchase of components - PO63507,E0083,E0111,68.1,High,2,0.781823,True,"Unusual vendor (Sunrise Technology (Beijing) Co., Ltd.): amount is more than 8x this vendor's average payment; Large round amount: CNY 2000000.0 sits in the top 0.5% of all voucher values and is an exact multiple of 10,000; Isolation Forest anomaly (score 0.782, rank 109 of 30,128); Amount CNY 2,000,000.00 is above the 99.5th percentile of the ledger"
TXN00026672,2024-10-08,2024-10-08,V00312,"Longhe Trading (Shanghai) Co., Ltd.",2202,应付账款 Accounts payable,1250000.0,Finance,"Payment to Longhe Trading (Shanghai) Co., Ltd. for invoice INV-619698",E0131,E0034,68.0,High,2,0.789914,True,"Unusual vendor (Longhe Trading (Shanghai) Co., Ltd.): amount is more than 8x this vendor's average payment; Large round amount: CNY 1250000.0 sits in the top 1.38% of all voucher values and is an exact multiple of 10,000; Isolation Forest anomaly (score 0.790, rank 92 of 30,128); Amount CNY 1,250,000.00 is above the 98.6th percentile of the ledger"
TXN00021567,2025-11-17,2025-11-17,V00240,"Tianhe Industrial (Guangzhou) Co., Ltd.",2202,应付账款 Accounts payable,1250000.0,Finance,"Bank transfer to Tianhe Industrial (Guangzhou) Co., Ltd. - invoice INV-956026",E0043,E0134,67.88,High,2,0.73498,True,"Unusual vendor (Tianhe Industrial (Guangzhou) Co., Ltd.): amount is more than 8x this vendor's average payment; Large round amount: CNY 1250000.0 sits in the top 1.38% of all voucher values and is an exact multiple of 10,000; Isolation Forest anomaly (score 0.735, rank 213 of 30,128); Amount CNY 1,250,000.00 is above the 98.6th percentile of the ledger"
TXN90000046,2025-07-11,2025-07-12,V00199,"Silverline Industrial Co., Ltd.",2202,应付账款 Accounts payable,734305.34,Finance,"Settlement of Silverline Industrial Co., Ltd. invoice INV-511498",E0069,E0023,67.77,High,1,0.469686,False,"Duplicate payment: invoice INV-2025-70114 paid more than once to Silverline Industrial Co., Ltd.; Vendor risk 62/100 for Silverline Industrial Co., Ltd.; Amount CNY 734,305.34 is above the 95.4th percentile of the ledger"
TXN00028687,2025-06-23,2025-06-23,V00097,"Everest Logistics Co., Ltd.",1403,原材料 Raw materials,1000000.0,Procurement,Goods receipt against PO93099,E0087,E0089,67.71,High,2,0.787849,True,"Unusual vendor (Everest Logistics Co., Ltd.): amount is more than 8x this vendor's average payment; Large round amount: CNY 1000000.0 sits in the top 2.5% of all voucher values and is an exact multiple of 10,000; Isolation Forest anomaly (score 0.788, rank 96 of 30,128); Vendor risk 53/100 for Everest Logistics Co., Ltd.; Amount CNY 1,000,000.00 is above the 97.5th percentile of the ledger"
TXN00027273,2024-10-17,2024-10-18,V00294,Northwind Technology Holdings,1403,原材料 Raw materials,2000000.0,Procurement,Material procurement from Northwind Technology Holdings - PO68180,E0044,E0028,67.66,High,2,0.875635,True,"Unusual vendor (Northwind Technology Holdings): amount is more than 8x this vendor's average payment; Large round amount: CNY 2000000.0 sits in the top 0.5% of all voucher values and is an exact multiple of 10,000; Isolation Forest anomaly (score 0.876, rank 22 of 30,128); Amount CNY 2,000,000.00 is above the 99.5th percentile of the ledger"
TXN00028116,2024-09-02,2024-09-02,V00349,Delta Systems Group,2202,应付账款 Accounts payable,1250000.0,Finance,Payment to Delta Systems Group for invoice INV-720357,E0014,E0009,67.64,High,2,0.711582,True,"Unusual vendor (Delta Systems Group): amount is more than 8x this vendor's average payment; Large round amount: CNY 1250000.0 sits in the top 1.38% of all voucher values and is an exact multiple of 10,000; Isolation Forest anomaly (score 0.712, rank 296 of 30,128); Amount CNY 1,250,000.00 is above the 98.6th percentile of the ledger"
TXN00003239,2025-03-17,2025-03-17,V00123,Fortune Consulting Group,2202,应付账款 Accounts payable,1250000.0,Finance,Bank transfer to Fortune Consulting Group - invoice INV-880782,E0004,E0111,67.61,High,2,0.763648,True,"Unusual vendor (Fortune Consulting Group): amount is more than 8x this vendor's average payment; Large round amount: CNY 1250000.0 sits in the top 1.38% of all voucher values and is an exact multiple of 10,000; Isolation Forest anomaly (score 0.764, rank 143 of 30,128); Amount CNY 1,250,000.00 is above the 98.6th percentile of the ledger"
TXN00019943,2024-12-16,2024-12-16,V00245,"Vertex Consulting (Shenzhen) Co., Ltd.",2202,应付账款 Accounts payable,1250000.0,Finance,"Bank transfer to Vertex Consulting (Shenzhen) Co., Ltd. - invoice INV-106910",E0031,E0066,67.61,High,2,0.787778,True,"Unusual vendor (Vertex Consulting (Shenzhen) Co., Ltd.): amount is more than 8x this vendor's average payment; Large round amount: CNY 1250000.0 sits in the top 1.38% of all voucher values and is an exact multiple of 10,000; Isolation Forest anomaly (score 0.788, rank 97 of 30,128); Amount CNY 1,250,000.00 is above the 98.6th percentile of the ledger"
TXN00000081,2025-10-14,2025-10-14,V00185,"Northwind Facilities Co., Ltd.",2202,应付账款 Accounts payable,1250000.0,Finance,"Bank transfer to Northwind Facilities Co., Ltd. - invoice INV-484469",E0043,E0019,67.45,High,2,0.800888,True,"Unusual vendor (Northwind Facilities Co., Ltd.): amount is more than 8x this vendor's average payment; Large round amount: CNY 1250000.0 sits in the top 1.38% of all voucher values and is an exact multiple of 10,000; Isolation Forest anomaly (score 0.801, rank 79 of 30,128); Amount CNY 1,250,000.00 is above the 98.6th percentile of the ledger"
TXN00012644,2024-03-28,2024-03-28,V00086,"Delta Automation (Shanghai) Co., Ltd.",2202,应付账款 Accounts payable,1250000.0,Finance,"Payment to Delta Automation (Shanghai) Co., Ltd. for invoice INV-418728",E0122,E0066,67.41,High,2,0.743135,True,"Unusual vendor (Delta Automation (Shanghai) Co., Ltd.): amount is more than 8x this vendor's average payment; Large round amount: CNY 1250000.0 sits in the top 1.38% of all voucher values and is an exact multiple of 10,000; Isolation Forest anomaly (score 0.743, rank 196 of 30,128); Amount CNY 1,250,000.00 is above the 98.6th percentile of the ledger"
TXN00021471,2024-06-04,2024-06-04,V00123,Fortune Consulting Group,2202,应付账款 Accounts payable,1250000.0,Finance,Vendor settlement Fortune Consulting Group / INV-121845,E0026,E0053,67.36,High,2,0.753459,True,"Unusual vendor (Fortune Consulting Group): amount is more than 8x this vendor's average payment; Large round amount: CNY 1250000.0 sits in the top 1.38% of all voucher values and is an exact multiple of 10,000; Isolation Forest anomaly (score 0.753, rank 168 of 30,128); Amount CNY 1,250,000.00 is above the 98.6th percentile of the ledger"
TXN00026568,2024-11-22,2024-11-22,V00169,"Hengtai Media (Guangzhou) Co., Ltd.",2202,应付账款 Accounts payable,1250000.0,Finance,"Settlement of Hengtai Media (Guangzhou) Co., Ltd. invoice INV-565276",E0090,E0025,67.2,High,2,0.692819,True,"Unusual vendor (Hengtai Media (Guangzhou) Co., Ltd.): amount is more than 8x this vendor's average payment; Large round amount: CNY 1250000.0 sits in the top 1.38% of all voucher values and is an exact multiple of 10,000; Isolation Forest anomaly (score 0.693, rank 354 of 30,128); Amount CNY 1,250,000.00 is above the 98.6th percentile of the ledger"
TXN00024641,2024-06-17,2024-06-17,V00328,"Union Technology Co., Ltd.",2202,应付账款 Accounts payable,1250000.0,Finance,"Vendor settlement Union Technology Co., Ltd. / INV-167555",E0133,E0071,67.17,High,2,0.78425,True,"Unusual vendor (Union Technology Co., Ltd.): amount is more than 8x this vendor's average payment; Large round amount: CNY 1250000.0 sits in the top 1.38% of all voucher values and is an exact multiple of 10,000; Isolation Forest anomaly (score 0.784, rank 104 of 30,128); Amount CNY 1,250,000.00 is above the 98.6th percentile of the ledger"
TXN00010125,2025-07-07,2025-07-07,V00199,"Silverline Industrial Co., Ltd.",2202,应付账款 Accounts payable,734305.34,Finance,"Settlement of Silverline Industrial Co., Ltd. invoice INV-511498",E0069,E0023,67.15,High,1,0.444687,False,"Duplicate payment: invoice INV-2025-70114 paid more than once to Silverline Industrial Co., Ltd.; Vendor risk 62/100 for Silverline Industrial Co., Ltd.; Amount CNY 734,305.34 is above the 95.4th percentile of the ledger"
TXN80004100,2025-12-15,2025-12-15,V00175,Wanhe Packaging Holdings,2202,应付账款 Accounts payable,49733.57,Finance,Partial payment to Wanhe Packaging Holdings - instalment 1/3,E0100,E0121,67.15,High,1,0.840544,True,"Split payment: 3 payments to the same vendor on the same day, each just below the CNY 50,000 approval threshold (combined CNY 147780.32); Isolation Forest anomaly (score 0.841, rank 44 of 30,128); Vendor risk 61/100 for Wanhe Packaging Holdings; Amount sits just below the CNY 50,000 approval threshold"
TXN00009194,2024-01-04,2024-01-04,V00322,"Longhe Logistics (Beijing) Co., Ltd.",2202,应付账款 Accounts payable,1250000.0,Finance,"Payment to Longhe Logistics (Beijing) Co., Ltd. for invoice INV-521553",E0070,E0102,67.14,High,2,0.744136,True,"Unusual vendor (Longhe Logistics (Beijing) Co., Ltd.): amount is more than 8x this vendor's average payment; Large round amount: CNY 1250000.0 sits in the top 1.38% of all voucher values and is an exact multiple of 10,000; Isolation Forest anomaly (score 0.744, rank 190 of 30,128); Amount CNY 1,250,000.00 is above the 98.6th percentile of the ledger"
TXN00018285,2025-06-05,2025-06-05,V00307,Fortune Electronics Holdings,2202,应付账款 Accounts payable,1250000.0,Finance,Vendor settlement Fortune Electronics Holdings / INV-325430,E0065,E0092,67.13,High,2,0.768997,True,"Unusual vendor (Fortune Electronics Holdings): amount is more than 8x this vendor's average payment; Large round amount: CNY 1250000.0 sits in the top 1.38% of all voucher values and is an exact multiple of 10,000; Isolation Forest anomaly (score 0.769, rank 134 of 30,128); Amount CNY 1,250,000.00 is above the 98.6th percentile of the ledger"
TXN00009570,2025-01-06,2025-01-07,V00010,"Xinrun Consulting (Beijing) Co., Ltd.",2202,应付账款 Accounts payable,2000000.0,Finance,"Vendor settlement Xinrun Consulting (Beijing) Co., Ltd. / INV-152994",E0069,E0114,67.07,High,2,0.835499,True,"Unusual vendor (Xinrun Consulting (Beijing) Co., Ltd.): amount is more than 8x this vendor's average payment; Large round amount: CNY 2000000.0 sits in the top 0.5% of all voucher values and is an exact multiple of 10,000; Isolation Forest anomaly (score 0.835, rank 49 of 30,128); Amount CNY 2,000,000.00 is above the 99.5th percentile of the ledger"
TXN00015768,2024-08-06,2024-08-06,V00204,Mingda Technology Group,2202,应付账款 Accounts payable,2000000.0,Finance,Vendor settlement Mingda Technology Group / INV-648442,E0032,E0106,67.04,High,2,0.809352,True,"Unusual vendor (Mingda Technology Group): amount is more than 8x this vendor's average payment; Large round amount: CNY 2000000.0 sits in the top 0.5% of all voucher values and is an exact multiple of 10,000; Isolation Forest anomaly (score 0.809, rank 67 of 30,128); Amount CNY 2,000,000.00 is above the 99.5th percentile of the ledger"
TXN00028465,2025-03-24,2025-03-24,V00242,"Nordic Facilities (Guangzhou) Co., Ltd.",2202,应付账款 Accounts payable,1250000.0,Finance,"Settlement of Nordic Facilities (Guangzhou) Co., Ltd. invoice INV-559450",E0031,E0111,67.04,High,2,0.746124,True,"Unusual vendor (Nordic Facilities (Guangzhou) Co., Ltd.): amount is more than 8x this vendor's average payment; Large round amount: CNY 1250000.0 sits in the top 1.38% of all voucher values and is an exact multiple of 10,000; Isolation Forest anomaly (score 0.746, rank 185 of 30,128); Amount CNY 1,250,000.00 is above the 98.6th percentile of the ledger"
TXN00006935,2024-07-16,2024-07-16,V00337,"Kaiyuan Engineering Co., Ltd.",2202,应付账款 Accounts payable,1250000.0,Finance,"Bank transfer to Kaiyuan Engineering Co., Ltd. - invoice INV-230754",E0062,E0034,66.95,High,2,0.721127,True,"Unusual vendor (Kaiyuan Engineering Co., Ltd.): amount is more than 8x this vendor's average payment; Large round amount: CNY 1250000.0 sits in the top 1.38% of all voucher values and is an exact multiple of 10,000; Isolation Forest anomaly (score 0.721, rank 259 of 30,128); Amount CNY 1,250,000.00 is above the 98.6th percentile of the ledger"
TXN00015981,2025-11-07,2025-11-07,V00413,"Pacific Media (Shenzhen) Co., Ltd.",2202,应付账款 Accounts payable,123271.42,Finance,"Settlement of Pacific Media (Shenzhen) Co., Ltd. invoice INV-809562",E0013,E0019,66.92,High,1,0.510523,False,"Duplicate payment: invoice INV-2025-92744 paid more than once to Pacific Media (Shenzhen) Co., Ltd.; Vendor risk 58/100 for Pacific Media (Shenzhen) Co., Ltd.; Amount CNY 123,271.42 is above the 72.6th percentile of the ledger"
TXN00006478,2025-12-01,2025-12-01,V00008,Longhe Logistics Holdings,1403,原材料 Raw materials,2000000.0,Procurement,Purchase of raw materials - PO66251,E0099,E0121,66.88,High,2,0.77441,True,"Unusual vendor (Longhe Logistics Holdings): amount is more than 8x this vendor's average payment; Large round amount: CNY 2000000.0 sits in the top 0.5% of all voucher values and is an exact multiple of 10,000; Isolation Forest anomaly (score 0.774, rank 118 of 30,128); Amount CNY 2,000,000.00 is above the 99.5th percentile of the ledger"
TXN00022998,2025-09-04,2025-09-04,V00158,"Xinrun Engineering (Shanghai) Co., Ltd.",2202,应付账款 Accounts payable,1250000.0,Finance,"Vendor settlement Xinrun Engineering (Shanghai) Co., Ltd. / INV-947336",E0024,E0019,66.87,High,2,0.698357,True,"Unusual vendor (Xinrun Engineering (Shanghai) Co., Ltd.): amount is more than 8x this vendor's average payment; Large round amount: CNY 1250000.0 sits in the top 1.38% of all voucher values and is an exact multiple of 10,000; Isolation Forest anomaly (score 0.698, rank 339 of 30,128); Amount CNY 1,250,000.00 is above the 98.6th percentile of the ledger"
TXN00019631,2024-12-23,2024-12-23,V00049,"Orient Consulting (Shenzhen) Co., Ltd.",2202,应付账款 Accounts payable,1250000.0,Finance,"Bank transfer to Orient Consulting (Shenzhen) Co., Ltd. - invoice INV-968481",E0078,E0128,66.86,High,2,0.733177,True,"Unusual vendor (Orient Consulting (Shenzhen) Co., Ltd.): amount is more than 8x this vendor's average payment; Large round amount: CNY 1250000.0 sits in the top 1.38% of all voucher values and is an exact multiple of 10,000; Isolation Forest anomaly (score 0.733, rank 224 of 30,128); Amount CNY 1,250,000.00 is above the 98.6th percentile of the ledger"
TXN00003921,2025-10-12,2025-10-13,V00004,"Hanwei Electronics (Beijing) Co., Ltd.",2202,应付账款 Accounts payable,604174.85,Finance,"Vendor settlement Hanwei Electronics (Beijing) Co., Ltd. / INV-941926",E0041,E0049,66.74,High,2,0.638272,True,"Duplicate payment: invoice INV-2025-41646 paid more than once to Hanwei Electronics (Beijing) Co., Ltd.; Posted on Sunday - 2025-10-12 is outside the normal working week; Isolation Forest anomaly (score 0.638, rank 602 of 30,128); Amount CNY 604,174.85 is above the 93.8th percentile of the ledger"
TXN00008969,2025-08-12,2025-08-15,V00311,"Yongsheng Systems (Shanghai) Co., Ltd.",2202,应付账款 Accounts payable,1250000.0,Finance,"Vendor settlement Yongsheng Systems (Shanghai) Co., Ltd. / INV-897929",E0011,E0047,66.73,High,2,0.777235,True,"Unusual vendor (Yongsheng Systems (Shanghai) Co., Ltd.): amount is more than 8x this vendor's average payment; Large round amount: CNY 1250000.0 sits in the top 1.38% of all voucher values and is an exact multiple of 10,000; Isolation Forest anomaly (score 0.777, rank 117 of 30,128); Amount CNY 1,250,000.00 is above the 98.6th percentile of the ledger"
TXN00011723,2024-10-14,2024-10-14,V00077,Orient Packaging Group,2202,应付账款 Accounts payable,1250000.0,Finance,Payment to Orient Packaging Group for invoice INV-463588,E0037,E0068,66.69,High,2,0.780582,True,"Unusual vendor (Orient Packaging Group): amount is more than 8x this vendor's average payment; Large round amount: CNY 1250000.0 sits in the top 1.38% of all voucher values and is an exact multiple of 10,000; Isolation Forest anomaly (score 0.781, rank 110 of 30,128); Amount CNY 1,250,000.00 is above the 98.6th percentile of the ledger"
TXN00018558,2024-04-22,2024-04-22,V00333,"Delta Supply Chain Co., Ltd.",2202,应付账款 Accounts payable,1250000.0,Finance,"Vendor settlement Delta Supply Chain Co., Ltd. / INV-931738",E0118,E0128,66.69,High,2,0.708107,True,"Unusual vendor (Delta Supply Chain Co., Ltd.): amount is more than 8x this vendor's average payment; Large round amount: CNY 1250000.0 sits in the top 1.38% of all voucher values and is an exact multiple of 10,000; Isolation Forest anomaly (score 0.708, rank 311 of 30,128); Amount CNY 1,250,000.00 is above the 98.6th percentile of the ledger"
TXN00029656,2025-04-05,2025-04-05,V00226,"Zhongtai Industrial (Beijing) Co., Ltd.",1403,原材料 Raw materials,1000000.0,Procurement,Purchase of raw materials - PO67442,E0056,E0049,66.67,High,2,0.790966,True,"Large round amount: CNY 1000000.0 sits in the top 2.5% of all voucher values and is an exact multiple of 10,000; Posted on Saturday - 2025-04-05 is outside the normal working week; Isolation Forest anomaly (score 0.791, rank 91 of 30,128); Vendor risk 47/100 for Zhongtai Industrial (Beijing) Co., Ltd.; Amount CNY 1,000,000.00 is above the 97.5th percentile of the ledger"
TXN00009333,2024-12-02,2024-12-02,V00200,"Kaiyuan Technology Co., Ltd.",2202,应付账款 Accounts payable,1250000.0,Finance,"Payment to Kaiyuan Technology Co., Ltd. for invoice INV-685025",E0125,E0050,66.61,High,2,0.709338,True,"Unusual vendor (Kaiyuan Technology Co., Ltd.): amount is more than 8x this vendor's average payment; Large round amount: CNY 1250000.0 sits in the top 1.38% of all voucher values and is an exact multiple of 10,000; Isolation Forest anomaly (score 0.709, rank 305 of 30,128); Amount CNY 1,250,000.00 is above the 98.6th percentile of the ledger"
TXN00002448,2025-06-05,2025-06-05,V00202,"Tianhe Materials (Shanghai) Co., Ltd.",2202,应付账款 Accounts payable,1250000.0,Finance,"Payment to Tianhe Materials (Shanghai) Co., Ltd. for invoice INV-768163",E0133,E0068,66.53,High,2,0.763831,True,"Unusual vendor (Tianhe Materials (Shanghai) Co., Ltd.): amount is more than 8x this vendor's average payment; Large round amount: CNY 1250000.0 sits in the top 1.38% of all voucher values and is an exact multiple of 10,000; Isolation Forest anomaly (score 0.764, rank 142 of 30,128); Amount CNY 1,250,000.00 is above the 98.6th percentile of the ledger"
TXN00024176,2025-09-30,2025-09-30,V00135,"Fortune Industrial (Shenzhen) Co., Ltd.",2202,应付账款 Accounts payable,2000000.0,Finance,"Settlement of Fortune Industrial (Shenzhen) Co., Ltd. invoice INV-770507",E0007,E0023,66.52,High,2,0.782996,True,"Unusual vendor (Fortune Industrial (Shenzhen) Co., Ltd.): amount is more than 8x this vendor's average payment; Large round amount: CNY 2000000.0 sits in the top 0.5% of all voucher values and is an exact multiple of 10,000; Isolation Forest anomaly (score 0.783, rank 106 of 30,128); Amount CNY 2,000,000.00 is above the 99.5th percentile of the ledger"
TXN00004245,2024-12-04,2024-12-04,V00052,"Apex Systems (Beijing) Co., Ltd.",1403,原材料 Raw materials,1000000.0,Procurement,"Material procurement from Apex Systems (Beijing) Co., Ltd. - PO99463",E0054,E0028,66.4,High,2,0.834547,True,"Unusual vendor (Apex Systems (Beijing) Co., Ltd.): vendor registered less than 90 days before the payment; Large round amount: CNY 1000000.0 sits in the top 2.5% of all voucher values and is an exact multiple of 10,000; Isolation Forest anomaly (score 0.835, rank 50 of 30,128); Amount CNY 1,000,000.00 is above the 97.5th percentile of the ledger"
TXN00008716,2024-12-12,2024-12-12,V00125,"Yongsheng Electronics (Shanghai) Co., Ltd.",2202,应付账款 Accounts payable,2000000.0,Finance,"Bank transfer to Yongsheng Electronics (Shanghai) Co., Ltd. - invoice INV-999934",E0052,E0124,66.3,High,2,0.832529,True,"Unusual vendor (Yongsheng Electronics (Shanghai) Co., Ltd.): amount is more than 8x this vendor's average payment; Large round amount: CNY 2000000.0 sits in the top 0.5% of all voucher values and is an exact multiple of 10,000; Isolation Forest anomaly (score 0.833, rank 52 of 30,128); Amount CNY 2,000,000.00 is above the 99.5th percentile of the ledger"
TXN00001068,2024-12-25,2024-12-25,V00056,"Wanhe Systems (Guangzhou) Co., Ltd.",1403,原材料 Raw materials,1000000.0,Procurement,Goods receipt against PO80982,E0014,E0102,66.22,High,2,0.730989,True,"Unusual vendor (Wanhe Systems (Guangzhou) Co., Ltd.): amount is more than 8x this vendor's average payment; Large round amount: CNY 1000000.0 sits in the top 2.5% of all voucher values and is an exact multiple of 10,000; Isolation Forest anomaly (score 0.731, rank 231 of 30,128); Vendor risk 52/100 for Wanhe Systems (Guangzhou) Co., Ltd.; Amount CNY 1,000,000.00 is above the 97.5th percentile of the ledger"
TXN80004101,2025-12-15,2025-12-15,V00175,Wanhe Packaging Holdings,2202,应付账款 Accounts payable,49441.69,Finance,Partial payment to Wanhe Packaging Holdings - instalment 2/3,E0100,E0121,66.17,High,1,0.802234,True,"Split payment: 3 payments to the same vendor on the same day, each just below the CNY 50,000 approval threshold (combined CNY 147780.32); Isolation Forest anomaly (score 0.802, rank 75 of 30,128); Vendor risk 61/100 for Wanhe Packaging Holdings; Amount sits just below the CNY 50,000 approval threshold"
TXN00003149,2025-03-10,2025-03-10,V00337,"Kaiyuan Engineering Co., Ltd.",2202,应付账款 Accounts payable,1250000.0,Finance,"Payment to Kaiyuan Engineering Co., Ltd. for invoice INV-120209",E0107,E0135,66.16,High,2,0.689419,True,"Unusual vendor (Kaiyuan Engineering Co., Ltd.): amount is more than 8x this vendor's average payment; Large round amount: CNY 1250000.0 sits in the top 1.38% of all voucher values and is an exact multiple of 10,000; Isolation Forest anomaly (score 0.689, rank 369 of 30,128); Amount CNY 1,250,000.00 is above the 98.6th percentile of the ledger"
TXN00027420,2025-01-07,2025-01-07,V00250,"Zhongtai Trading Co., Ltd.",1403,原材料 Raw materials,1000000.0,Procurement,Purchase of raw materials - PO54022,E0060,E0002,66.15,High,2,0.759676,True,"Unusual vendor (Zhongtai Trading Co., Ltd.): amount is more than 8x this vendor's average payment; Large round amount: CNY 1000000.0 sits in the top 2.5% of all voucher values and is an exact multiple of 10,000; Isolation Forest anomaly (score 0.760, rank 154 of 30,128); Vendor risk 47/100 for Zhongtai Trading Co., Ltd.; Amount CNY 1,000,000.00 is above the 97.5th percentile of the ledger"
TXN80004102,2025-12-15,2025-12-15,V00175,Wanhe Packaging Holdings,2202,应付账款 Accounts payable,48605.06,Finance,Partial payment to Wanhe Packaging Holdings - instalment 3/3,E0100,E0121,66.1,High,1,0.801794,True,"Split payment: 3 payments to the same vendor on the same day, each just below the CNY 50,000 approval threshold (combined CNY 147780.32); Isolation Forest anomaly (score 0.802, rank 77 of 30,128); Vendor risk 61/100 for Wanhe Packaging Holdings; Amount sits just below the CNY 50,000 approval threshold"
TXN00027499,2024-12-03,2024-12-03,V00058,Union Electronics Group,2202,应付账款 Accounts payable,1250000.0,Finance,Settlement of Union Electronics Group invoice INV-908963,E0123,E0115,66.07,High,2,0.797212,True,"Unusual vendor (Union Electronics Group): amount is more than 8x this vendor's average payment; Large round amount: CNY 1250000.0 sits in the top 1.38% of all voucher values and is an exact multiple of 10,000; Isolation Forest anomaly (score 0.797, rank 83 of 30,128); Amount CNY 1,250,000.00 is above the 98.6th percentile of the ledger"
TXN00000855,2024-05-29,2024-05-29,V00285,Hengtai Systems Group,2202,应付账款 Accounts payable,1250000.0,Finance,Settlement of Hengtai Systems Group invoice INV-214086,E0060,E0136,66.03,High,2,0.761498,True,"Unusual vendor (Hengtai Systems Group): amount is more than 8x this vendor's average payment; Large round amount: CNY 1250000.0 sits in the top 1.38% of all voucher values and is an exact multiple of 10,000; Isolation Forest anomaly (score 0.761, rank 149 of 30,128); Amount CNY 1,250,000.00 is above the 98.6th percentile of the ledger"
TXN00020762,2025-08-25,2025-08-25,V00335,"Pacific Industrial (Shanghai) Co., Ltd.",2202,应付账款 Accounts payable,1250000.0,Finance,"Payment to Pacific Industrial (Shanghai) Co., Ltd. for invoice INV-494368",E0024,E0042,66.03,High,2,0.783676,True,"Unusual vendor (Pacific Industrial (Shanghai) Co., Ltd.): amount is more than 8x this vendor's average payment; Large round amount: CNY 1250000.0 sits in the top 1.38% of all voucher values and is an exact multiple of 10,000; Isolation Forest anomaly (score 0.784, rank 105 of 30,128); Amount CNY 1,250,000.00 is above the 98.6th percentile of the ledger"
TXN00004882,2024-07-02,2024-07-03,V00192,"Zhongtai Facilities (Shanghai) Co., Ltd.",2202,应付账款 Accounts payable,1250000.0,Finance,"Vendor settlement Zhongtai Facilities (Shanghai) Co., Ltd. / INV-161149",E0058,E0104,65.99,High,2,0.697774,True,"Unusual vendor (Zhongtai Facilities (Shanghai) Co., Ltd.): amount is more than 8x this vendor's average payment; Large round amount: CNY 1250000.0 sits in the top 1.38% of all voucher values and is an exact multiple of 10,000; Isolation Forest anomaly (score 0.698, rank 342 of 30,128); Amount CNY 1,250,000.00 is above the 98.6th percentile of the ledger"
TXN00008302,2025-08-14,2025-08-14,V00356,Concord Trading Group,2202,应付账款 Accounts payable,1250000.0,Finance,Vendor settlement Concord Trading Group / INV-744973,E0116,E0111,65.87,High,2,0.720134,True,"Unusual vendor (Concord Trading Group): amount is more than 8x this vendor's average payment; Large round amount: CNY 1250000.0 sits in the top 1.38% of all voucher values and is an exact multiple of 10,000; Isolation Forest anomaly (score 0.720, rank 263 of 30,128); Amount CNY 1,250,000.00 is above the 98.6th percentile of the ledger"
TXN00000660,2025-10-09,2025-10-09,V00362,Silverline Logistics Group,2202,应付账款 Accounts payable,1250000.0,Finance,Settlement of Silverline Logistics Group invoice INV-386435,E0013,E0002,65.85,High,2,0.773889,True,"Unusual vendor (Silverline Logistics Group): amount is more than 8x this vendor's average payment; Large round amount: CNY 1250000.0 sits in the top 1.38% of all voucher values and is an exact multiple of 10,000; Isolation Forest anomaly (score 0.774, rank 120 of 30,128); Amount CNY 1,250,000.00 is above the 98.6th percentile of the ledger"
TXN00008731,2024-11-18,2024-11-18,V00031,Orient Packaging Holdings,1403,原材料 Raw materials,1000000.0,Procurement,Bulk purchase of components - PO49620,E0122,E0128,65.85,High,2,0.801813,True,"Unusual vendor (Orient Packaging Holdings): amount is more than 8x this vendor's average payment; Large round amount: CNY 1000000.0 sits in the top 2.5% of all voucher values and is an exact multiple of 10,000; Isolation Forest anomaly (score 0.802, rank 76 of 30,128); Amount CNY 1,000,000.00 is above the 97.5th percentile of the ledger"
TXN00011898,2025-09-09,2025-09-09,V00070,Jinlong Facilities Group,1403,原材料 Raw materials,1000000.0,Procurement,Goods receipt against PO39680,E0117,E0002,65.74,High,2,0.769039,True,"Unusual vendor (Jinlong Facilities Group): amount is more than 8x this vendor's average payment; Large round amount: CNY 1000000.0 sits in the top 2.5% of all voucher values and is an exact multiple of 10,000; Isolation Forest anomaly (score 0.769, rank 133 of 30,128); Amount CNY 1,000,000.00 is above the 97.5th percentile of the ledger"
TXN00001151,2024-09-05,2024-09-05,V00183,"Innovate Technology (Shanghai) Co., Ltd.",1403,原材料 Raw materials,1000000.0,Procurement,Goods receipt against PO33531,E0118,E0095,65.63,High,2,0.740132,True,"Unusual vendor (Innovate Technology (Shanghai) Co., Ltd.): amount is more than 8x this vendor's average payment; Large round amount: CNY 1000000.0 sits in the top 2.5% of all voucher values and is an exact multiple of 10,000; Isolation Forest anomaly (score 0.740, rank 204 of 30,128); Vendor risk 47/100 for Innovate Technology (Shanghai) Co., Ltd.; Amount CNY 1,000,000.00 is above the 97.5th percentile of the ledger"
TXN00002097,2024-11-25,2024-11-25,V00282,"Kunlun Services Co., Ltd.",2202,应付账款 Accounts payable,1250000.0,Finance,"Settlement of Kunlun Services Co., Ltd. invoice INV-707404",E0024,E0033,65.62,High,2,0.673907,True,"Unusual vendor (Kunlun Services Co., Ltd.): amount is more than 8x this vendor's average payment; Large round amount: CNY 1250000.0 sits in the top 1.38% of all voucher values and is an exact multiple of 10,000; Isolation Forest anomaly (score 0.674, rank 428 of 30,128); Amount CNY 1,250,000.00 is above the 98.6th percentile of the ledger"
TXN00006204,2024-05-28,2024-05-28,V00078,"Global Engineering (Guangzhou) Co., Ltd.",2202,应付账款 Accounts payable,1250000.0,Finance,"Payment to Global Engineering (Guangzhou) Co., Ltd. for invoice INV-611418",E0067,E0095,65.56,High,2,0.782487,True,"Unusual vendor (Global Engineering (Guangzhou) Co., Ltd.): amount is more than 8x this vendor's average payment; Large round amount: CNY 1250000.0 sits in the top 1.38% of all voucher values and is an exact multiple of 10,000; Isolation Forest anomaly (score 0.782, rank 108 of 30,128); Amount CNY 1,250,000.00 is above the 98.6th percentile of the ledger"
TXN00013963,2025-03-12,2025-03-12,V00124,"Dynamic Facilities (Shenzhen) Co., Ltd.",660205,管理费用-咨询费 Consulting fees,1000000.0,Operations,"Advisory fee to Dynamic Facilities (Shenzhen) Co., Ltd.",E0139,E0050,65.54,High,2,0.751812,True,"Unusual vendor (Dynamic Facilities (Shenzhen) Co., Ltd.): amount is more than 8x this vendor's average payment; Large round amount: CNY 1000000.0 sits in the top 2.5% of all voucher values and is an exact multiple of 10,000; Isolation Forest anomaly (score 0.752, rank 173 of 30,128); Amount CNY 1,000,000.00 is above the 97.5th percentile of the ledger"
TXN00014764,2024-10-11,2024-10-11,V00294,Northwind Technology Holdings,2202,应付账款 Accounts payable,1250000.0,Finance,Settlement of Northwind Technology Holdings invoice INV-865534,E0079,E0104,65.5,High,2,0.771866,True,"Unusual vendor (Northwind Technology Holdings): amount is more than 8x this vendor's average payment; Large round amount: CNY 1250000.0 sits in the top 1.38% of all voucher values and is an exact multiple of 10,000; Isolation Forest anomaly (score 0.772, rank 128 of 30,128); Amount CNY 1,250,000.00 is above the 98.6th percentile of the ledger"
TXN00002742,2024-06-24,2024-06-24,V00166,"Blue Ridge Engineering Co., Ltd.",2202,应付账款 Accounts payable,1250000.0,Finance,"Settlement of Blue Ridge Engineering Co., Ltd. invoice INV-406348",E0018,E0111,65.27,High,2,0.708767,True,"Unusual vendor (Blue Ridge Engineering Co., Ltd.): amount is more than 8x this vendor's average payment; Large round amount: CNY 1250000.0 sits in the top 1.38% of all voucher values and is an exact multiple of 10,000; Isolation Forest anomaly (score 0.709, rank 308 of 30,128); Amount CNY 1,250,000.00 is above the 98.6th percentile of the ledger"
TXN00021593,2025-06-27,2025-06-27,V00203,"Bright Consulting Co., Ltd.",1403,原材料 Raw materials,1000000.0,Procurement,"Material procurement from Bright Consulting Co., Ltd. - PO27357",E0132,E0095,65.24,High,2,0.706715,True,"Unusual vendor (Bright Consulting Co., Ltd.): amount is more than 8x this vendor's average payment; Large round amount: CNY 1000000.0 sits in the top 2.5% of all voucher values and is an exact multiple of 10,000; Isolation Forest anomaly (score 0.707, rank 315 of 30,128); Vendor risk 50/100 for Bright Consulting Co., Ltd.; Amount CNY 1,000,000.00 is above the 97.5th percentile of the ledger"
TXN00016504,2025-06-09,2025-06-09,V00273,"Global Materials Co., Ltd.",1403,原材料 Raw materials,1000000.0,Procurement,Purchase of raw materials - PO58434,E0016,E0053,65.05,High,2,0.702537,True,"Unusual vendor (Global Materials Co., Ltd.): amount is more than 8x this vendor's average payment; Large round amount: CNY 1000000.0 sits in the top 2.5% of all voucher values and is an exact multiple of 10,000; Isolation Forest anomaly (score 0.703, rank 324 of 30,128); Vendor risk 49/100 for Global Materials Co., Ltd.; Amount CNY 1,000,000.00 is above the 97.5th percentile of the ledger"
TXN00022286,2024-11-07,2024-11-07,V00306,"Everest Logistics (Guangzhou) Co., Ltd.",2202,应付账款 Accounts payable,1250000.0,Finance,"Payment to Everest Logistics (Guangzhou) Co., Ltd. for invoice INV-595337",E0093,E0089,65.02,High,2,0.728514,True,"Unusual vendor (Everest Logistics (Guangzhou) Co., Ltd.): amount is more than 8x this vendor's average payment; Large round amount: CNY 1250000.0 sits in the top 1.38% of all voucher values and is an exact multiple of 10,000; Isolation Forest anomaly (score 0.729, rank 235 of 30,128); Amount CNY 1,250,000.00 is above the 98.6th percentile of the ledger"
TXN00012242,2025-05-26,2025-05-28,V00336,Vertex Consulting Holdings,2202,应付账款 Accounts payable,1250000.0,Finance,Bank transfer to Vertex Consulting Holdings - invoice INV-371765,E0018,E0124,64.97,High,2,0.700927,True,"Unusual vendor (Vertex Consulting Holdings): amount is more than 8x this vendor's average payment; Large round amount: CNY 1250000.0 sits in the top 1.38% of all voucher values and is an exact multiple of 10,000; Isolation Forest anomaly (score 0.701, rank 327 of 30,128); Amount CNY 1,250,000.00 is above the 98.6th percentile of the ledger"
TXN00005932,2024-11-11,2024-11-14,V00339,"Concord Packaging (Shenzhen) Co., Ltd.",2202,应付账款 Accounts payable,1250000.0,Finance,"Vendor settlement Concord Packaging (Shenzhen) Co., Ltd. / INV-794597",E0063,E0008,64.96,High,2,0.759378,True,"Unusual vendor (Concord Packaging (Shenzhen) Co., Ltd.): amount is more than 8x this vendor's average payment; Large round amount: CNY 1250000.0 sits in the top 1.38% of all voucher values and is an exact multiple of 10,000; Isolation Forest anomaly (score 0.759, rank 155 of 30,128); Amount CNY 1,250,000.00 is above the 98.6th percentile of the ledger"
TXN00004425,2024-12-05,2024-12-05,V00364,"Tianhe Packaging (Shenzhen) Co., Ltd.",2202,应付账款 Accounts payable,1250000.0,Finance,"Settlement of Tianhe Packaging (Shenzhen) Co., Ltd. invoice INV-267685",E0012,E0095,64.9,High,2,0.713001,True,"Unusual vendor (Tianhe Packaging (Shenzhen) Co., Ltd.): amount is more than 8x this vendor's average payment; Large round amount: CNY 1250000.0 sits in the top 1.38% of all voucher values and is an exact multiple of 10,000; Isolation Forest anomaly (score 0.713, rank 287 of 30,128); Amount CNY 1,250,000.00 is above the 98.6th percentile of the ledger"
TXN00000113,2024-03-12,2024-03-12,V00120,Vertex Supply Chain Group,2202,应付账款 Accounts payable,1250000.0,Finance,Vendor settlement Vertex Supply Chain Group / INV-961839,E0133,E0053,64.85,High,2,0.745887,True,"Unusual vendor (Vertex Supply Chain Group): amount is more than 8x this vendor's average payment; Large round amount: CNY 1250000.0 sits in the top 1.38% of all voucher values and is an exact multiple of 10,000; Isolation Forest anomaly (score 0.746, rank 186 of 30,128); Amount CNY 1,250,000.00 is above the 98.6th percentile of the ledger"
TXN00012707,2025-09-15,2025-09-15,V00227,Concord Systems Group,2202,应付账款 Accounts payable,1250000.0,Finance,Settlement of Concord Systems Group invoice INV-554370,E0127,E0028,64.85,High,2,0.741092,True,"Unusual vendor (Concord Systems Group): amount is more than 8x this vendor's average payment; Large round amount: CNY 1250000.0 sits in the top 1.38% of all voucher values and is an exact multiple of 10,000; Isolation Forest anomaly (score 0.741, rank 202 of 30,128); Amount CNY 1,250,000.00 is above the 98.6th percentile of the ledger"
TXN00016574,2025-12-03,2025-12-03,V00416,"Kunlun Technology (Shanghai) Co., Ltd.",2202,应付账款 Accounts payable,98154.33,Finance,"Bank transfer to Kunlun Technology (Shanghai) Co., Ltd. - invoice INV-700711",E0010,E0047,64.84,High,1,0.469937,False,"Duplicate payment: invoice INV-2025-70258 paid more than once to Kunlun Technology (Shanghai) Co., Ltd.; Vendor risk 73/100 for Kunlun Technology (Shanghai) Co., Ltd."
TXN00010990,2025-08-04,2025-08-04,V00342,Zhongtai Services Holdings,2202,应付账款 Accounts payable,1250000.0,Finance,Bank transfer to Zhongtai Services Holdings - invoice INV-489643,E0138,E0135,64.81,High,2,0.684092,True,"Unusual vendor (Zhongtai Services Holdings): amount is more than 8x this vendor's average payment; Large round amount: CNY 1250000.0 sits in the top 1.38% of all voucher values and is an exact multiple of 10,000; Isolation Forest anomaly (score 0.684, rank 395 of 30,128); Amount CNY 1,250,000.00 is above the 98.6th percentile of the ledger"
TXN00009234,2024-10-24,2024-10-24,V00215,Dynamic Logistics Holdings,1403,原材料 Raw materials,1000000.0,Procurement,Purchase of raw materials - PO52061,E0055,E0049,64.79,High,2,0.72107,True,"Unusual vendor (Dynamic Logistics Holdings): amount is more than 8x this vendor's average payment; Large round amount: CNY 1000000.0 sits in the top 2.5% of all voucher values and is an exact multiple of 10,000; Isolation Forest anomaly (score 0.721, rank 260 of 30,128); Amount CNY 1,000,000.00 is above the 97.5th percentile of the ledger"
TXN00002811,2024-08-05,2024-08-05,V00013,"Tianhe Services (Guangzhou) Co., Ltd.",2202,应付账款 Accounts payable,1250000.0,Finance,"Settlement of Tianhe Services (Guangzhou) Co., Ltd. invoice INV-578260",E0022,E0034,64.72,High,2,0.727536,True,"Unusual vendor (Tianhe Services (Guangzhou) Co., Ltd.): amount is more than 8x this vendor's average payment; Large round amount: CNY 1250000.0 sits in the top 1.38% of all voucher values and is an exact multiple of 10,000; Isolation Forest anomaly (score 0.728, rank 237 of 30,128); Amount CNY 1,250,000.00 is above the 98.6th percentile of the ledger"
TXN00022391,2024-12-23,2024-12-23,V00359,"Hanwei Facilities (Shenzhen) Co., Ltd.",2202,应付账款 Accounts payable,1250000.0,Finance,"Bank transfer to Hanwei Facilities (Shenzhen) Co., Ltd. - invoice INV-411836",E0080,E0033,64.72,High,2,0.734699,True,"Unusual vendor (Hanwei Facilities (Shenzhen) Co., Ltd.): amount is more than 8x this vendor's average payment; Large round amount: CNY 1250000.0 sits in the top 1.38% of all voucher values and is an exact multiple of 10,000; Isolation Forest anomaly (score 0.735, rank 214 of 30,128); Amount CNY 1,250,000.00 is above the 98.6th percentile of the ledger"
TXN00025385,2025-09-09,2025-09-09,V00335,"Pacific Industrial (Shanghai) Co., Ltd.",2202,应付账款 Accounts payable,1250000.0,Finance,"Vendor settlement Pacific Industrial (Shanghai) Co., Ltd. / INV-422087",E0131,E0009,64.69,High,2,0.730334,True,"Unusual vendor (Pacific Industrial (Shanghai) Co., Ltd.): amount is more than 8x this vendor's average payment; Large round amount: CNY 1250000.0 sits in the top 1.38% of all voucher values and is an exact multiple of 10,000; Isolation Forest anomaly (score 0.730, rank 233 of 30,128); Amount CNY 1,250,000.00 is above the 98.6th percentile of the ledger"
TXN00000641,2024-03-25,2024-03-25,V00107,Delta Engineering Group,1403,原材料 Raw materials,1000000.0,Procurement,Material procurement from Delta Engineering Group - PO84871,E0056,E0134,64.66,High,2,0.73602,True,"Unusual vendor (Delta Engineering Group): amount is more than 8x this vendor's average payment; Large round amount: CNY 1000000.0 sits in the top 2.5% of all voucher values and is an exact multiple of 10,000; Isolation Forest anomaly (score 0.736, rank 210 of 30,128); Amount CNY 1,000,000.00 is above the 97.5th percentile of the ledger"
TXN00007070,2024-08-29,2024-08-30,V00169,"Hengtai Media (Guangzhou) Co., Ltd.",2202,应付账款 Accounts payable,1000000.0,Finance,"Bank transfer to Hengtai Media (Guangzhou) Co., Ltd. - invoice INV-187031",E0061,E0028,64.63,High,2,0.746179,True,"Unusual vendor (Hengtai Media (Guangzhou) Co., Ltd.): amount is more than 8x this vendor's average payment; Large round amount: CNY 1000000.0 sits in the top 2.5% of all voucher values and is an exact multiple of 10,000; Isolation Forest anomaly (score 0.746, rank 184 of 30,128); Amount CNY 1,000,000.00 is above the 97.5th percentile of the ledger"
TXN00019390,2025-03-18,2025-03-20,V00230,Orient Automation Holdings,2202,应付账款 Accounts payable,1250000.0,Finance,Payment to Orient Automation Holdings for invoice INV-598724,E0096,E0092,64.53,High,2,0.71605,True,"Unusual vendor (Orient Automation Holdings): amount is more than 8x this vendor's average payment; Large round amount: CNY 1250000.0 sits in the top 1.38% of all voucher values and is an exact multiple of 10,000; Isolation Forest anomaly (score 0.716, rank 277 of 30,128); Amount CNY 1,250,000.00 is above the 98.6th percentile of the ledger"
TXN00023082,2025-12-29,2025-12-30,V00190,Northwind Media Holdings,1403,原材料 Raw materials,1000000.0,Procurement,Purchase of raw materials - PO57617,E0056,E0130,64.52,High,2,0.863252,True,"Unusual vendor (Northwind Media Holdings): amount is more than 8x this vendor's average payment; Large round amount: CNY 1000000.0 sits in the top 2.5% of all voucher values and is an exact multiple of 10,000; Isolation Forest anomaly (score 0.863, rank 29 of 30,128); Amount CNY 1,000,000.00 is above the 97.5th percentile of the ledger"
TXN00021607,2025-05-08,2025-05-08,V00070,Jinlong Facilities Group,1403,原材料 Raw materials,1000000.0,Procurement,Bulk purchase of components - PO28236,E0137,E0102,64.51,High,2,0.719846,True,"Unusual vendor (Jinlong Facilities Group): amount is more than 8x this vendor's average payment; Large round amount: CNY 1000000.0 sits in the top 2.5% of all voucher values and is an exact multiple of 10,000; Isolation Forest anomaly (score 0.720, rank 264 of 30,128); Amount CNY 1,000,000.00 is above the 97.5th percentile of the ledger"
TXN80001401,2025-10-20,2025-10-20,V00391,"Vertex Materials (Shanghai) Co., Ltd.",1403,原材料 Raw materials,49649.59,Procurement,"Partial payment to Vertex Materials (Shanghai) Co., Ltd. - instalment 2/3",E0069,E0104,64.5,High,1,0.852318,True,"Split payment: 3 payments to the same vendor on the same day, each just below the CNY 50,000 approval threshold (combined CNY 142877.07); Isolation Forest anomaly (score 0.852, rank 34 of 30,128); Amount sits just below the CNY 50,000 approval threshold"
TXN00008836,2025-06-25,2025-06-25,V00132,"Hanwei Consulting Co., Ltd.",2202,应付账款 Accounts payable,1250000.0,Finance,"Payment to Hanwei Consulting Co., Ltd. for invoice INV-717276",E0010,E0071,64.49,High,2,0.685484,True,"Unusual vendor (Hanwei Consulting Co., Ltd.): amount is more than 8x this vendor's average payment; Large round amount: CNY 1250000.0 sits in the top 1.38% of all voucher values and is an exact multiple of 10,000; Isolation Forest anomaly (score 0.685, rank 389 of 30,128); Amount CNY 1,250,000.00 is above the 98.6th percentile of the ledger"
TXN90000013,2025-08-04,2025-08-05,V00350,"Ruixin Systems (Guangzhou) Co., Ltd.",2202,应付账款 Accounts payable,160000.0,Finance,"Bank transfer to Ruixin Systems (Guangzhou) Co., Ltd. - invoice INV-418678",E0004,E0002,64.45,High,1,0.478763,False,"Duplicate payment: invoice INV-2025-71544 paid more than once to Ruixin Systems (Guangzhou) Co., Ltd.; Amount CNY 160,000.00 is above the 77.1th percentile of the ledger"
TXN90000004,2025-11-14,2025-11-15,V00413,"Pacific Media (Shenzhen) Co., Ltd.",2202,应付账款 Accounts payable,123271.42,Finance,"Settlement of Pacific Media (Shenzhen) Co., Ltd. invoice INV-809562",E0013,E0019,64.32,High,1,0.406786,False,"Duplicate payment: invoice INV-2025-92744 paid more than once to Pacific Media (Shenzhen) Co., Ltd.; Vendor risk 58/100 for Pacific Media (Shenzhen) Co., Ltd.; Amount CNY 123,271.42 is above the 72.6th percentile of the ledger"
TXN00010247,2024-10-25,2024-10-25,V00214,"Innovate Media (Shenzhen) Co., Ltd.",2202,应付账款 Accounts payable,1250000.0,Finance,"Payment to Innovate Media (Shenzhen) Co., Ltd. for invoice INV-717291",E0057,E0135,64.31,High,2,0.680486,True,"Unusual vendor (Innovate Media (Shenzhen) Co., Ltd.): amount is more than 8x this vendor's average payment; Large round amount: CNY 1250000.0 sits in the top 1.38% of all voucher values and is an exact multiple of 10,000; Isolation Forest anomaly (score 0.680, rank 402 of 30,128); Amount CNY 1,250,000.00 is above the 98.6th percentile of the ledger"
TXN00018174,2024-10-28,2024-10-28,V00360,Sunrise Packaging Holdings,1403,原材料 Raw materials,1000000.0,Procurement,Bulk purchase of components - PO42427,E0027,E0042,64.24,High,2,0.733288,True,"Unusual vendor (Sunrise Packaging Holdings): amount is more than 8x this vendor's average payment; Large round amount: CNY 1000000.0 sits in the top 2.5% of all voucher values and is an exact multiple of 10,000; Isolation Forest anomaly (score 0.733, rank 222 of 30,128); Amount CNY 1,000,000.00 is above the 97.5th percentile of the ledger"
TXN00000391,2024-03-25,2024-03-25,V00172,"Orient Industrial (Shanghai) Co., Ltd.",1403,原材料 Raw materials,1000000.0,Procurement,Bulk purchase of components - PO81711,E0004,E0136,64.23,High,2,0.863895,True,"Unusual vendor (Orient Industrial (Shanghai) Co., Ltd.): amount is more than 8x this vendor's average payment; Large round amount: CNY 1000000.0 sits in the top 2.5% of all voucher values and is an exact multiple of 10,000; Isolation Forest anomaly (score 0.864, rank 28 of 30,128); Amount CNY 1,000,000.00 is above the 97.5th percentile of the ledger"
TXN00001485,2024-10-14,2024-10-15,V00363,"Blue Ridge Systems (Beijing) Co., Ltd.",1403,原材料 Raw materials,1000000.0,Procurement,Purchase of raw materials - PO62723,E0113,E0095,64.18,High,2,0.67777,True,"Unusual vendor (Blue Ridge Systems (Beijing) Co., Ltd.): amount is more than 8x this vendor's average payment; Large round amount: CNY 1000000.0 sits in the top 2.5% of all voucher values and is an exact multiple of 10,000; Isolation Forest anomaly (score 0.678, rank 413 of 30,128); Vendor risk 47/100 for Blue Ridge Systems (Beijing) Co., Ltd.; Amount CNY 1,000,000.00 is above the 97.5th percentile of the ledger"
TXN00006056,2024-05-20,2024-05-20,V00079,"Concord Media (Shenzhen) Co., Ltd.",1403,原材料 Raw materials,1000000.0,Procurement,Goods receipt against PO26000,E0072,E0102,64.16,High,2,0.855144,True,"Unusual vendor (Concord Media (Shenzhen) Co., Ltd.): amount is more than 8x this vendor's average payment; Large round amount: CNY 1000000.0 sits in the top 2.5% of all voucher values and is an exact multiple of 10,000; Isolation Forest anomaly (score 0.855, rank 33 of 30,128); Amount CNY 1,000,000.00 is above the 97.5th percentile of the ledger"
TXN90000025,2025-12-11,2025-12-12,V00416,"Kunlun Technology (Shanghai) Co., Ltd.",2202,应付账款 Accounts payable,98154.33,Finance,"Bank transfer to Kunlun Technology (Shanghai) Co., Ltd. - invoice INV-700711",E0010,E0047,64.05,High,1,0.438422,False,"Duplicate payment: invoice INV-2025-70258 paid more than once to Kunlun Technology (Shanghai) Co., Ltd.; Vendor risk 73/100 for Kunlun Technology (Shanghai) Co., Ltd."
TXN80001402,2025-10-20,2025-10-20,V00391,"Vertex Materials (Shanghai) Co., Ltd.",1403,原材料 Raw materials,45071.84,Procurement,"Partial payment to Vertex Materials (Shanghai) Co., Ltd. - instalment 3/3",E0069,E0104,64.02,High,1,0.845963,True,"Split payment: 3 payments to the same vendor on the same day, each just below the CNY 50,000 approval threshold (combined CNY 142877.07); Isolation Forest anomaly (score 0.846, rank 38 of 30,128); Amount sits just below the CNY 50,000 approval threshold"
TXN80001201,2024-05-22,2024-05-22,V00045,"Yongsheng Materials (Guangzhou) Co., Ltd.",1403,原材料 Raw materials,49044.25,Procurement,"Partial payment to Yongsheng Materials (Guangzhou) Co., Ltd. - instalment 2/3",E0081,E0023,63.94,High,1,0.786959,True,"Split payment: 3 payments to the same vendor on the same day, each just below the CNY 50,000 approval threshold (combined CNY 146119.49); Isolation Forest anomaly (score 0.787, rank 98 of 30,128); Vendor risk 48/100 for Yongsheng Materials (Guangzhou) Co., Ltd.; Amount sits just below the CNY 50,000 approval threshold"
TXN80001202,2024-05-22,2024-05-22,V00045,"Yongsheng Materials (Guangzhou) Co., Ltd.",1403,原材料 Raw materials,48258.24,Procurement,"Partial payment to Yongsheng Materials (Guangzhou) Co., Ltd. - instalment 3/3",E0081,E0023,63.86,High,1,0.78616,True,"Split payment: 3 payments to the same vendor on the same day, each just below the CNY 50,000 approval threshold (combined CNY 146119.49); Isolation Forest anomaly (score 0.786, rank 100 of 30,128); Vendor risk 48/100 for Yongsheng Materials (Guangzhou) Co., Ltd.; Amount sits just below the CNY 50,000 approval threshold"
TXN00021269,2024-07-12,2024-07-13,V00362,Silverline Logistics Group,660205,管理费用-咨询费 Consulting fees,1000000.0,Operations,Professional services Silverline Logistics Group - engagement 91458,E0083,E0095,63.85,High,2,0.77412,True,"Unusual vendor (Silverline Logistics Group): amount is more than 8x this vendor's average payment; Large round amount: CNY 1000000.0 sits in the top 2.5% of all voucher values and is an exact multiple of 10,000; Isolation Forest anomaly (score 0.774, rank 119 of 30,128); Amount CNY 1,000,000.00 is above the 97.5th percentile of the ledger"
TXN00007177,2024-03-02,2024-03-02,V00080,"Dynamic Industrial (Guangzhou) Co., Ltd.",2202,应付账款 Accounts payable,120363.26,Finance,"Vendor settlement Dynamic Industrial (Guangzhou) Co., Ltd. / INV-176729",E0012,E0034,63.84,High,2,0.534938,False,"Duplicate payment: invoice INV-2024-92989 paid more than once to Dynamic Industrial (Guangzhou) Co., Ltd.; Posted on Saturday - 2024-03-02 is outside the normal working week; Amount CNY 120,363.26 is above the 72.3th percentile of the ledger"
TXN80001400,2025-10-20,2025-10-20,V00391,"Vertex Materials (Shanghai) Co., Ltd.",1403,原材料 Raw materials,48155.64,Procurement,"Partial payment to Vertex Materials (Shanghai) Co., Ltd. - instalment 1/3",E0069,E0104,63.64,High,1,0.822229,True,"Split payment: 3 payments to the same vendor on the same day, each just below the CNY 50,000 approval threshold (combined CNY 142877.07); Isolation Forest anomaly (score 0.822, rank 58 of 30,128); Amount sits just below the CNY 50,000 approval threshold"
TXN00008020,2024-01-23,2024-01-24,V00358,"Apex Materials (Guangzhou) Co., Ltd.",2202,应付账款 Accounts payable,1000000.0,Finance,"Settlement of Apex Materials (Guangzhou) Co., Ltd. invoice INV-361460",E0020,E0071,63.46,High,2,0.772209,True,"Unusual vendor (Apex Materials (Guangzhou) Co., Ltd.): amount is more than 8x this vendor's average payment; Large round amount: CNY 1000000.0 sits in the top 2.5% of all voucher values and is an exact multiple of 10,000; Isolation Forest anomaly (score 0.772, rank 125 of 30,128); Amount CNY 1,000,000.00 is above the 97.5th percentile of the ledger"
TXN00024334,2024-05-20,2024-05-22,V00273,"Global Materials Co., Ltd.",1403,原材料 Raw materials,1000000.0,Procurement,Bulk purchase of components - PO87452,E0069,E0053,63.45,High,2,0.638788,True,"Unusual vendor (Global Materials Co., Ltd.): amount is more than 8x this vendor's average payment; Large round amount: CNY 1000000.0 sits in the top 2.5% of all voucher values and is an exact multiple of 10,000; Isolation Forest anomaly (score 0.639, rank 597 of 30,128); Vendor risk 49/100 for Global Materials Co., Ltd.; Amount CNY 1,000,000.00 is above the 97.5th percentile of the ledger"
TXN00010142,2025-10-03,2025-10-03,V00041,"Ruixin Industrial (Beijing) Co., Ltd.",1403,原材料 Raw materials,1000000.0,Procurement,Goods receipt against PO55057,E0099,E0076,63.44,High,2,0.778155,True,"Large round amount: CNY 1000000.0 sits in the top 2.5% of all voucher values and is an exact multiple of 10,000; Posted on Friday (public holiday) - 2025-10-03 is outside the normal working week; Isolation Forest anomaly (score 0.778, rank 113 of 30,128); Amount CNY 1,000,000.00 is above the 97.5th percentile of the ledger"
TXN00007328,2024-12-23,2024-12-23,V00182,Delta Logistics Holdings,2202,应付账款 Accounts payable,1250000.0,Finance,Settlement of Delta Logistics Holdings invoice INV-140360,E0103,E0106,63.41,High,2,0.730991,True,"Unusual vendor (Delta Logistics Holdings): amount is more than 8x this vendor's average payment; Large round amount: CNY 1250000.0 sits in the top 1.38% of all voucher values and is an exact multiple of 10,000; Isolation Forest anomaly (score 0.731, rank 230 of 30,128); Amount CNY 1,250,000.00 is above the 98.6th percentile of the ledger"
TXN00016208,2024-12-30,2024-12-30,V00092,Northwind Engineering Group,1403,原材料 Raw materials,1000000.0,Procurement,Bulk purchase of components - PO79200,E0137,E0115,63.35,High,2,0.621274,True,"Unusual vendor (Northwind Engineering Group): amount is more than 8x this vendor's average payment; Large round amount: CNY 1000000.0 sits in the top 2.5% of all voucher values and is an exact multiple of 10,000; Isolation Forest anomaly (score 0.621, rank 686 of 30,128); Vendor risk 51/100 for Northwind Engineering Group; Amount CNY 1,000,000.00 is above the 97.5th percentile of the ledger"
TXN00012431,2024-11-28,2024-11-28,V00305,"Jinlong Packaging (Guangzhou) Co., Ltd.",2202,应付账款 Accounts payable,1250000.0,Finance,"Bank transfer to Jinlong Packaging (Guangzhou) Co., Ltd. - invoice INV-814181",E0119,E0019,63.34,High,2,0.728212,True,"Unusual vendor (Jinlong Packaging (Guangzhou) Co., Ltd.): amount is more than 8x this vendor's average payment; Large round amount: CNY 1250000.0 sits in the top 1.38% of all voucher values and is an exact multiple of 10,000; Isolation Forest anomaly (score 0.728, rank 236 of 30,128); Amount CNY 1,250,000.00 is above the 98.6th percentile of the ledger"
TXN80001200,2024-05-22,2024-05-22,V00045,"Yongsheng Materials (Guangzhou) Co., Ltd.",1403,原材料 Raw materials,48817.0,Procurement,"Partial payment to Yongsheng Materials (Guangzhou) Co., Ltd. - instalment 1/3",E0081,E0023,63.28,High,1,0.761325,True,"Split payment: 3 payments to the same vendor on the same day, each just below the CNY 50,000 approval threshold (combined CNY 146119.49); Isolation Forest anomaly (score 0.761, rank 150 of 30,128); Vendor risk 48/100 for Yongsheng Materials (Guangzhou) Co., Ltd.; Amount sits just below the CNY 50,000 approval threshold"
TXN80000001,2024-06-24,2024-06-24,V00397,"Wanhe Automation (Shenzhen) Co., Ltd.",1403,原材料 Raw materials,48284.87,Procurement,"Partial payment to Wanhe Automation (Shenzhen) Co., Ltd. - instalment 2/3",E0038,E0023,63.27,High,1,0.799863,True,"Split payment: 3 payments to the same vendor on the same day, each just below the CNY 50,000 approval threshold (combined CNY 142389.16); Isolation Forest anomaly (score 0.800, rank 81 of 30,128); Amount sits just below the CNY 50,000 approval threshold"
TXN80000002,2024-06-24,2024-06-24,V00397,"Wanhe Automation (Shenzhen) Co., Ltd.",1403,原材料 Raw materials,47607.81,Procurement,"Partial payment to Wanhe Automation (Shenzhen) Co., Ltd. - instalment 3/3",E0038,E0023,63.19,High,1,0.798545,True,"Split payment: 3 payments to the same vendor on the same day, each just below the CNY 50,000 approval threshold (combined CNY 142389.16); Isolation Forest anomaly (score 0.799, rank 82 of 30,128); Amount sits just below the CNY 50,000 approval threshold"
TXN00002934,2025-08-05,2025-08-05,V00077,Orient Packaging Group,2202,应付账款 Accounts payable,1000000.0,Finance,Bank transfer to Orient Packaging Group - invoice INV-841672,E0030,E0028,63.18,High,2,0.796069,True,"Unusual vendor (Orient Packaging Group): amount is more than 8x this vendor's average payment; Large round amount: CNY 1000000.0 sits in the top 2.5% of all voucher values and is an exact multiple of 10,000; Isolation Forest anomaly (score 0.796, rank 86 of 30,128); Amount CNY 1,000,000.00 is above the 97.5th percentile of the ledger"
TXN00016793,2025-01-15,2025-01-15,V00019,Kaiyuan Supply Chain Holdings,1403,原材料 Raw materials,1000000.0,Procurement,Bulk purchase of components - PO87783,E0085,E0033,63.16,High,2,0.646928,True,"Unusual vendor (Kaiyuan Supply Chain Holdings): amount is more than 8x this vendor's average payment; Large round amount: CNY 1000000.0 sits in the top 2.5% of all voucher values and is an exact multiple of 10,000; Isolation Forest anomaly (score 0.647, rank 559 of 30,128); Vendor risk 46/100 for Kaiyuan Supply Chain Holdings; Amount CNY 1,000,000.00 is above the 97.5th percentile of the ledger"
TXN00027896,2025-10-17,2025-10-17,V00118,Orient Media Group,2202,应付账款 Accounts payable,47000.0,Finance,Payment to Orient Media Group for invoice INV-993824,E0003,E0025,63.08,High,1,0.865919,True,"Split payment: 3 payments to the same vendor on the same day, each just below the CNY 50,000 approval threshold (combined CNY 73877.51); Isolation Forest anomaly (score 0.866, rank 26 of 30,128); Amount sits just below the CNY 50,000 approval threshold"
TXN00025543,2024-06-07,2024-06-07,V00349,Delta Systems Group,1403,原材料 Raw materials,1000000.0,Procurement,Goods receipt against PO14346,E0129,E0095,63.04,High,2,0.67766,True,"Unusual vendor (Delta Systems Group): amount is more than 8x this vendor's average payment; Large round amount: CNY 1000000.0 sits in the top 2.5% of all voucher values and is an exact multiple of 10,000; Isolation Forest anomaly (score 0.678, rank 414 of 30,128); Amount CNY 1,000,000.00 is above the 97.5th percentile of the ledger"
TXN00013863,2024-06-29,2024-06-29,V00289,Innovate Automation Group,2202,应付账款 Accounts payable,650610.84,Finance,Bank transfer to Innovate Automation Group - invoice INV-630348,E0058,E0058,62.99,High,2,0.725371,True,"Self approval: voucher raised and approved by the same employee (E0058) - segregation of duties breach; Posted on Saturday - 2024-06-29 is outside the normal working week; Isolation Forest anomaly (score 0.725, rank 244 of 30,128); Amount CNY 650,610.84 is above the 94.5th percentile of the ledger"
TXN00021854,2024-08-02,2024-08-02,V00101,"Innovate Facilities (Shenzhen) Co., Ltd.",1403,原材料 Raw materials,787329.37,Procurement,"Material procurement from Innovate Facilities (Shenzhen) Co., Ltd. - PO16588",E0132,E0132,62.99,High,1,0.666921,True,"Self approval: voucher raised and approved by the same employee (E0132) - segregation of duties breach; Isolation Forest anomaly (score 0.667, rank 460 of 30,128); Amount CNY 787,329.37 is above the 95.9th percentile of the ledger"
TXN80003400,2025-02-17,2025-02-17,V00021,Hengtai Engineering Holdings,2202,应付账款 Accounts payable,47413.16,Finance,Partial payment to Hengtai Engineering Holdings - instalment 1/3,E0069,E0025,62.98,High,1,0.766405,True,"Split payment: 3 payments to the same vendor on the same day, each just below the CNY 50,000 approval threshold (combined CNY 145123.94); Isolation Forest anomaly (score 0.766, rank 139 of 30,128); Vendor risk 47/100 for Hengtai Engineering Holdings; Amount sits just below the CNY 50,000 approval threshold"
TXN00017167,2024-10-01,2024-10-01,V00091,"Zhongtai Industrial Co., Ltd.",2202,应付账款 Accounts payable,1177661.59,Finance,"Settlement of Zhongtai Industrial Co., Ltd. invoice INV-925617",E0126,E0124,62.95,High,2,0.634887,True,"Unusual vendor (Zhongtai Industrial Co., Ltd.): amount is more than 8x this vendor's average payment; Posted on Tuesday (public holiday) - 2024-10-01 is outside the normal working week; Isolation Forest anomaly (score 0.635, rank 620 of 30,128); Amount CNY 1,177,661.59 is above the 98.3th percentile of the ledger"
TXN00009575,2025-09-01,2025-09-01,V00289,Innovate Automation Group,1403,原材料 Raw materials,1000000.0,Procurement,Material procurement from Innovate Automation Group - PO31757,E0118,E0102,62.94,High,2,0.770285,True,"Unusual vendor (Innovate Automation Group): amount is more than 8x this vendor's average payment; Large round amount: CNY 1000000.0 sits in the top 2.5% of all voucher values and is an exact multiple of 10,000; Isolation Forest anomaly (score 0.770, rank 130 of 30,128); Amount CNY 1,000,000.00 is above the 97.5th percentile of the ledger"
TXN00008748,2025-05-26,2025-05-26,V00011,"Zhongtai Supply Chain (Shanghai) Co., Ltd.",1403,原材料 Raw materials,1000000.0,Procurement,"Material procurement from Zhongtai Supply Chain (Shanghai) Co., Ltd. - PO94627",E0017,E0002,62.88,High,2,0.744327,True,"Unusual vendor (Zhongtai Supply Chain (Shanghai) Co., Ltd.): amount is more than 8x this vendor's average payment; Large round amount: CNY 1000000.0 sits in the top 2.5% of all voucher values and is an exact multiple of 10,000; Isolation Forest anomaly (score 0.744, rank 189 of 30,128); Amount CNY 1,000,000.00 is above the 97.5th percentile of the ledger"
TXN00020016,2025-01-22,2025-01-22,V00207,"Nordic Electronics Co., Ltd.",660205,管理费用-咨询费 Consulting fees,875000.0,Operations,"Consulting services from Nordic Electronics Co., Ltd. - contract 75264",E0040,E0049,62.83,High,2,0.788654,True,"Unusual vendor (Nordic Electronics Co., Ltd.): amount is more than 8x this vendor's average payment; Large round amount: CNY 875000.0 sits in the top 3.37% of all voucher values and is an exact multiple of 1,000; Isolation Forest anomaly (score 0.789, rank 95 of 30,128); Vendor risk 47/100 for Nordic Electronics Co., Ltd.; Amount CNY 875,000.00 is above the 96.6th percentile of the ledger"
TXN00004483,2025-03-18,2025-03-19,V00028,"Concord Logistics (Beijing) Co., Ltd.",1403,原材料 Raw materials,1000000.0,Procurement,"Material procurement from Concord Logistics (Beijing) Co., Ltd. - PO89512",E0125,E0115,62.79,High,2,0.742434,True,"Unusual vendor (Concord Logistics (Beijing) Co., Ltd.): amount is more than 8x this vendor's average payment; Large round amount: CNY 1000000.0 sits in the top 2.5% of all voucher values and is an exact multiple of 10,000; Isolation Forest anomaly (score 0.742, rank 199 of 30,128); Amount CNY 1,000,000.00 is above the 97.5th percentile of the ledger"
TXN00017058,2024-08-26,2024-08-27,V00242,"Nordic Facilities (Guangzhou) Co., Ltd.",1403,原材料 Raw materials,1000000.0,Procurement,Goods receipt against PO89406,E0079,E0130,62.79,High,2,0.726455,True,"Unusual vendor (Nordic Facilities (Guangzhou) Co., Ltd.): amount is more than 8x this vendor's average payment; Large round amount: CNY 1000000.0 sits in the top 2.5% of all voucher values and is an exact multiple of 10,000; Isolation Forest anomaly (score 0.726, rank 240 of 30,128); Amount CNY 1,000,000.00 is above the 97.5th percentile of the ledger"
TXN80000000,2024-06-24,2024-06-24,V00397,"Wanhe Automation (Shenzhen) Co., Ltd.",1403,原材料 Raw materials,46496.48,Procurement,"Partial payment to Wanhe Automation (Shenzhen) Co., Ltd. - instalment 1/3",E0038,E0023,62.72,High,1,0.782537,True,"Split payment: 3 payments to the same vendor on the same day, each just below the CNY 50,000 approval threshold (combined CNY 142389.16); Isolation Forest anomaly (score 0.783, rank 107 of 30,128); Amount sits just below the CNY 50,000 approval threshold"
TXN00026248,2024-12-25,2024-12-25,V00259,"Hanwei Industrial (Guangzhou) Co., Ltd.",2202,应付账款 Accounts payable,1000000.0,Finance,"Bank transfer to Hanwei Industrial (Guangzhou) Co., Ltd. - invoice INV-123389",E0098,E0049,62.69,High,2,0.6845,True,"Unusual vendor (Hanwei Industrial (Guangzhou) Co., Ltd.): amount is more than 8x this vendor's average payment; Large round amount: CNY 1000000.0 sits in the top 2.5% of all voucher values and is an exact multiple of 10,000; Isolation Forest anomaly (score 0.684, rank 392 of 30,128); Amount CNY 1,000,000.00 is above the 97.5th percentile of the ledger"
TXN00006250,2024-12-02,2024-12-02,V00209,"Concord Supply Chain Co., Ltd.",1403,原材料 Raw materials,1000000.0,Procurement,Purchase of raw materials - PO73982,E0101,E0124,62.58,High,2,0.716128,True,"Unusual vendor (Concord Supply Chain Co., Ltd.): amount is more than 8x this vendor's average payment; Large round amount: CNY 1000000.0 sits in the top 2.5% of all voucher values and is an exact multiple of 10,000; Isolation Forest anomaly (score 0.716, rank 276 of 30,128); Amount CNY 1,000,000.00 is above the 97.5th percentile of the ledger"
TXN90000052,2025-10-20,2025-10-21,V00004,"Hanwei Electronics (Beijing) Co., Ltd.",2202,应付账款 Accounts payable,604174.85,Finance,"Vendor settlement Hanwei Electronics (Beijing) Co., Ltd. / INV-941926",E0041,E0049,62.47,High,1,0.499241,False,"Duplicate payment: invoice INV-2025-41646 paid more than once to Hanwei Electronics (Beijing) Co., Ltd.; Amount CNY 604,174.85 is above the 93.8th percentile of the ledger"
TXN00004178,2025-01-04,2025-01-04,,,1601,固定资产 Fixed assets,2000000.0,Operations,Capital expenditure on plant equipment,E0127,E0130,62.44,High,2,0.779112,True,"Large round amount: CNY 2000000.0 sits in the top 0.5% of all voucher values and is an exact multiple of 10,000; Posted on Saturday - 2025-01-04 is outside the normal working week; Isolation Forest anomaly (score 0.779, rank 111 of 30,128); Amount CNY 2,000,000.00 is above the 99.5th percentile of the ledger"
TXN00020660,2025-07-24,2025-07-25,V00114,Union Engineering Holdings,2202,应付账款 Accounts payable,1250000.0,Finance,Bank transfer to Union Engineering Holdings - invoice INV-816471,E0036,E0089,62.36,High,2,0.679692,True,"Unusual vendor (Union Engineering Holdings): amount is more than 8x this vendor's average payment; Large round amount: CNY 1250000.0 sits in the top 1.38% of all voucher values and is an exact multiple of 10,000; Isolation Forest anomaly (score 0.680, rank 404 of 30,128); Amount CNY 1,250,000.00 is above the 98.6th percentile of the ledger"
TXN00022480,2024-04-23,2024-04-26,V00267,"Delta Services (Guangzhou) Co., Ltd.",2202,应付账款 Accounts payable,1040000.0,Finance,"Payment to Delta Services (Guangzhou) Co., Ltd. for invoice INV-676972",E0122,E0019,62.34,High,2,0.699235,True,"Unusual vendor (Delta Services (Guangzhou) Co., Ltd.): amount is more than 8x this vendor's average payment; Large round amount: CNY 1040000.0 sits in the top 2.12% of all voucher values and is an exact multiple of 10,000; Isolation Forest anomaly (score 0.699, rank 333 of 30,128); Amount CNY 1,040,000.00 is above the 97.9th percentile of the ledger"
TXN00018234,2024-01-29,2024-01-30,V00220,"Blue Ridge Technology (Shanghai) Co., Ltd.",2202,应付账款 Accounts payable,1000000.0,Finance,"Payment to Blue Ridge Technology (Shanghai) Co., Ltd. for invoice INV-272419",E0010,E0053,62.33,High,2,0.752485,True,"Unusual vendor (Blue Ridge Technology (Shanghai) Co., Ltd.): amount is more than 8x this vendor's average payment; Large round amount: CNY 1000000.0 sits in the top 2.5% of all voucher values and is an exact multiple of 10,000; Isolation Forest anomaly (score 0.752, rank 172 of 30,128); Amount CNY 1,000,000.00 is above the 97.5th percentile of the ledger"
TXN00023470,2025-10-09,2025-10-09,V00243,"Innovate Packaging Co., Ltd.",2202,应付账款 Accounts payable,800000.0,Finance,"Vendor settlement Innovate Packaging Co., Ltd. / INV-416392",E0091,E0121,62.3,High,2,0.821221,True,"Unusual vendor (Innovate Packaging Co., Ltd.): amount is more than 8x this vendor's average payment; Large round amount: CNY 800000.0 sits in the top 3.94% of all voucher values and is an exact multiple of 10,000; Isolation Forest anomaly (score 0.821, rank 59 of 30,128); Amount CNY 800,000.00 is above the 96.1th percentile of the ledger"
TXN00002066,2024-04-29,2024-04-29,V00152,"Longhe Trading (Shanghai) Co., Ltd.",1403,原材料 Raw materials,1000000.0,Procurement,Bulk purchase of components - PO11606,E0038,E0053,62.28,High,2,0.746664,True,"Unusual vendor (Longhe Trading (Shanghai) Co., Ltd.): amount is more than 8x this vendor's average payment; Large round amount: CNY 1000000.0 sits in the top 2.5% of all voucher values and is an exact multiple of 10,000; Isolation Forest anomaly (score 0.747, rank 183 of 30,128); Amount CNY 1,000,000.00 is above the 97.5th percentile of the ledger"
TXN00019865,2025-12-04,2025-12-04,V00204,Mingda Technology Group,1403,原材料 Raw materials,1000000.0,Procurement,Purchase of raw materials - PO43967,E0056,E0104,62.22,High,2,0.743484,True,"Unusual vendor (Mingda Technology Group): amount is more than 8x this vendor's average payment; Large round amount: CNY 1000000.0 sits in the top 2.5% of all voucher values and is an exact multiple of 10,000; Isolation Forest anomaly (score 0.743, rank 192 of 30,128); Amount CNY 1,000,000.00 is above the 97.5th percentile of the ledger"
TXN00001822,2025-12-24,2025-12-24,V00346,Fortune Services Group,1403,原材料 Raw materials,1000000.0,Procurement,Bulk purchase of components - PO47115,E0084,E0114,62.2,High,2,0.733865,True,"Unusual vendor (Fortune Services Group): amount is more than 8x this vendor's average payment; Large round amount: CNY 1000000.0 sits in the top 2.5% of all voucher values and is an exact multiple of 10,000; Isolation Forest anomaly (score 0.734, rank 219 of 30,128); Amount CNY 1,000,000.00 is above the 97.5th percentile of the ledger"
TXN00007546,2024-08-02,2024-08-02,V00238,"Hanwei Industrial (Guangzhou) Co., Ltd.",6401,主营业务成本 Cost of sales,669870.91,Operations,Cost of goods sold - shipment SO87758,E0062,E0062,62.18,High,2,0.664784,True,"Self approval: voucher raised and approved by the same employee (E0062) - segregation of duties breach; Unusual vendor (Hanwei Industrial (Guangzhou) Co., Ltd.): vendor registered less than 90 days before the payment; Isolation Forest anomaly (score 0.665, rank 470 of 30,128); Amount CNY 669,870.91 is above the 94.8th percentile of the ledger"
TXN00020124,2025-06-30,2025-06-30,V00317,Jinlong Packaging Holdings,2202,应付账款 Accounts payable,1000000.0,Finance,Payment to Jinlong Packaging Holdings for invoice INV-277278,E0035,E0071,62.15,High,2,0.697934,True,"Unusual vendor (Jinlong Packaging Holdings): amount is more than 8x this vendor's average payment; Large round amount: CNY 1000000.0 sits in the top 2.5% of all voucher values and is an exact multiple of 10,000; Isolation Forest anomaly (score 0.698, rank 341 of 30,128); Amount CNY 1,000,000.00 is above the 97.5th percentile of the ledger"
TXN90000014,2025-12-30,2025-12-31,V00056,"Wanhe Systems (Guangzhou) Co., Ltd.",2202,应付账款 Accounts payable,205605.87,Finance,"Bank transfer to Wanhe Systems (Guangzhou) Co., Ltd. - invoice INV-295582",E0061,E0023,61.96,High,1,0.370696,False,"Duplicate payment: invoice INV-2025-43855 paid more than once to Wanhe Systems (Guangzhou) Co., Ltd.; Vendor risk 52/100 for Wanhe Systems (Guangzhou) Co., Ltd.; Amount CNY 205,605.87 is above the 80.9th percentile of the ledger"
TXN00007104,2024-05-15,2024-05-15,V00127,Yongsheng Supply Chain Holdings,2202,应付账款 Accounts payable,1250000.0,Finance,Payment to Yongsheng Supply Chain Holdings for invoice INV-129092,E0099,E0025,61.91,High,1,0.805474,True,"Large round amount: CNY 1250000.0 sits in the top 1.38% of all voucher values and is an exact multiple of 10,000; Isolation Forest anomaly (score 0.805, rank 73 of 30,128); Vendor risk 54/100 for Yongsheng Supply Chain Holdings; Amount CNY 1,250,000.00 is above the 98.6th percentile of the ledger"
TXN00028176,2024-05-06,2024-05-06,V00257,"Blue Ridge Trading (Guangzhou) Co., Ltd.",2202,应付账款 Accounts payable,1000000.0,Finance,"Bank transfer to Blue Ridge Trading (Guangzhou) Co., Ltd. - invoice INV-574577",E0077,E0130,61.88,High,2,0.7432,True,"Unusual vendor (Blue Ridge Trading (Guangzhou) Co., Ltd.): amount is more than 8x this vendor's average payment; Large round amount: CNY 1000000.0 sits in the top 2.5% of all voucher values and is an exact multiple of 10,000; Isolation Forest anomaly (score 0.743, rank 194 of 30,128); Amount CNY 1,000,000.00 is above the 97.5th percentile of the ledger"
TXN80003402,2025-02-17,2025-02-17,V00021,Hengtai Engineering Holdings,2202,应付账款 Accounts payable,49325.9,Finance,Partial payment to Hengtai Engineering Holdings - instalment 3/3,E0069,E0025,61.82,High,1,0.715226,True,"Split payment: 3 payments to the same vendor on the same day, each just below the CNY 50,000 approval threshold (combined CNY 145123.94); Isolation Forest anomaly (score 0.715, rank 280 of 30,128); Vendor risk 47/100 for Hengtai Engineering Holdings; Amount sits just below the CNY 50,000 approval threshold"
TXN00021981,2024-03-11,2024-03-11,V00022,"Mingda Consulting Co., Ltd.",1403,原材料 Raw materials,1000000.0,Procurement,"Material procurement from Mingda Consulting Co., Ltd. - PO37636",E0085,E0089,61.77,High,2,0.711402,True,"Unusual vendor (Mingda Consulting Co., Ltd.): amount is more than 8x this vendor's average payment; Large round amount: CNY 1000000.0 sits in the top 2.5% of all voucher values and is an exact multiple of 10,000; Isolation Forest anomaly (score 0.711, rank 297 of 30,128); Amount CNY 1,000,000.00 is above the 97.5th percentile of the ledger"
TXN80003401,2025-02-17,2025-02-17,V00021,Hengtai Engineering Holdings,2202,应付账款 Accounts payable,48384.88,Finance,Partial payment to Hengtai Engineering Holdings - instalment 2/3,E0069,E0025,61.73,High,1,0.713878,True,"Split payment: 3 payments to the same vendor on the same day, each just below the CNY 50,000 approval threshold (combined CNY 145123.94); Isolation Forest anomaly (score 0.714, rank 285 of 30,128); Vendor risk 47/100 for Hengtai Engineering Holdings; Amount sits just below the CNY 50,000 approval threshold"
TXN00017935,2024-06-13,2024-06-13,V00351,"Concord Services Co., Ltd.",1403,原材料 Raw materials,1000000.0,Procurement,"Material procurement from Concord Services Co., Ltd. - PO90558",E0075,E0050,61.69,High,2,0.772049,True,"Unusual vendor (Concord Services Co., Ltd.): amount is more than 8x this vendor's average payment; Large round amount: CNY 1000000.0 sits in the top 2.5% of all voucher values and is an exact multiple of 10,000; Isolation Forest anomaly (score 0.772, rank 126 of 30,128); Amount CNY 1,000,000.00 is above the 97.5th percentile of the ledger"
TXN00023712,2025-02-24,2025-02-24,V00260,"Everest Trading Co., Ltd.",1403,原材料 Raw materials,1000000.0,Procurement,Bulk purchase of components - PO54660,E0100,E0104,61.69,High,2,0.718755,True,"Unusual vendor (Everest Trading Co., Ltd.): amount is more than 8x this vendor's average payment; Large round amount: CNY 1000000.0 sits in the top 2.5% of all voucher values and is an exact multiple of 10,000; Isolation Forest anomaly (score 0.719, rank 269 of 30,128); Amount CNY 1,000,000.00 is above the 97.5th percentile of the ledger"
TXN00018007,2024-08-12,2024-08-12,V00352,"Jinlong Facilities (Guangzhou) Co., Ltd.",1403,原材料 Raw materials,1000000.0,Procurement,Goods receipt against PO54305,E0051,E0008,61.68,High,2,0.748194,True,"Unusual vendor (Jinlong Facilities (Guangzhou) Co., Ltd.): amount is more than 8x this vendor's average payment; Large round amount: CNY 1000000.0 sits in the top 2.5% of all voucher values and is an exact multiple of 10,000; Isolation Forest anomaly (score 0.748, rank 182 of 30,128); Amount CNY 1,000,000.00 is above the 97.5th percentile of the ledger"
TXN00007309,2024-05-22,2024-05-22,V00156,"Cathay Services (Beijing) Co., Ltd.",1403,原材料 Raw materials,1000000.0,Procurement,Purchase of raw materials - PO63608,E0043,E0049,61.61,High,2,0.623601,True,"Unusual vendor (Cathay Services (Beijing) Co., Ltd.): amount is more than 8x this vendor's average payment; Large round amount: CNY 1000000.0 sits in the top 2.5% of all voucher values and is an exact multiple of 10,000; Isolation Forest anomaly (score 0.624, rank 670 of 30,128); Amount CNY 1,000,000.00 is above the 97.5th percentile of the ledger"
TXN80003900,2024-12-02,2024-12-02,V00042,"Northwind Automation (Shanghai) Co., Ltd.",2202,应付账款 Accounts payable,48041.74,Finance,"Partial payment to Northwind Automation (Shanghai) Co., Ltd. - instalment 1/3",E0055,E0071,61.6,High,1,0.717261,True,"Split payment: 3 payments to the same vendor on the same day, each just below the CNY 50,000 approval threshold (combined CNY 142179.64); Isolation Forest anomaly (score 0.717, rank 273 of 30,128); Vendor risk 46/100 for Northwind Automation (Shanghai) Co., Ltd.; Amount sits just below the CNY 50,000 approval threshold"
TXN00017648,2024-06-24,2024-06-24,V00049,"Orient Consulting (Shenzhen) Co., Ltd.",2202,应付账款 Accounts payable,237615.97,Finance,"Vendor settlement Orient Consulting (Shenzhen) Co., Ltd. / INV-577941",E0125,E0019,61.55,High,1,0.468946,False,"Duplicate payment: invoice INV-2024-68334 paid more than once to Orient Consulting (Shenzhen) Co., Ltd.; Amount CNY 237,615.97 is above the 83.1th percentile of the ledger"
TXN00017937,2025-06-16,2025-06-16,V00151,"Fortune Systems (Shenzhen) Co., Ltd.",2202,应付账款 Accounts payable,1250000.0,Finance,"Vendor settlement Fortune Systems (Shenzhen) Co., Ltd. / INV-972930",E0062,E0028,61.42,High,1,0.866597,True,"Large round amount: CNY 1250000.0 sits in the top 1.38% of all voucher values and is an exact multiple of 10,000; Isolation Forest anomaly (score 0.867, rank 25 of 30,128); Amount CNY 1,250,000.00 is above the 98.6th percentile of the ledger"
TXN00013624,2025-08-04,2025-08-04,V00132,"Hanwei Consulting Co., Ltd.",1403,原材料 Raw materials,1000000.0,Procurement,Purchase of raw materials - PO78896,E0139,E0066,61.31,High,2,0.708557,True,"Unusual vendor (Hanwei Consulting Co., Ltd.): amount is more than 8x this vendor's average payment; Large round amount: CNY 1000000.0 sits in the top 2.5% of all voucher values and is an exact multiple of 10,000; Isolation Forest anomaly (score 0.709, rank 310 of 30,128); Amount CNY 1,000,000.00 is above the 97.5th percentile of the ledger"
TXN80000301,2024-10-23,2024-10-23,V00256,"Kaiyuan Media (Shenzhen) Co., Ltd.",2202,应付账款 Accounts payable,48585.44,Finance,"Partial payment to Kaiyuan Media (Shenzhen) Co., Ltd. - instalment 2/3",E0063,E0071,61.31,High,1,0.795927,True,"Split payment: 3 payments to the same vendor on the same day, each just below the CNY 50,000 approval threshold (combined CNY 146413.57); Isolation Forest anomaly (score 0.796, rank 88 of 30,128); Amount sits just below the CNY 50,000 approval threshold"
TXN80000302,2024-10-23,2024-10-23,V00256,"Kaiyuan Media (Shenzhen) Co., Ltd.",2202,应付账款 Accounts payable,48702.8,Finance,"Partial payment to Kaiyuan Media (Shenzhen) Co., Ltd. - instalment 3/3",E0063,E0071,61.31,High,1,0.795927,True,"Split payment: 3 payments to the same vendor on the same day, each just below the CNY 50,000 approval threshold (combined CNY 146413.57); Isolation Forest anomaly (score 0.796, rank 87 of 30,128); Amount sits just below the CNY 50,000 approval threshold"
TXN00005135,2025-12-25,2025-12-25,V00056,"Wanhe Systems (Guangzhou) Co., Ltd.",2202,应付账款 Accounts payable,205605.87,Finance,"Bank transfer to Wanhe Systems (Guangzhou) Co., Ltd. - invoice INV-295582",E0061,E0023,61.27,High,1,0.343267,False,"Duplicate payment: invoice INV-2025-43855 paid more than once to Wanhe Systems (Guangzhou) Co., Ltd.; Vendor risk 52/100 for Wanhe Systems (Guangzhou) Co., Ltd.; Amount CNY 205,605.87 is above the 80.9th percentile of the ledger"
TXN00011117,2025-10-30,2025-10-30,V00280,Tianhe Supply Chain Holdings,1403,原材料 Raw materials,1000000.0,Procurement,Goods receipt against PO87004,E0044,E0049,61.18,High,2,0.762992,True,"Unusual vendor (Tianhe Supply Chain Holdings): amount is more than 8x this vendor's average payment; Large round amount: CNY 1000000.0 sits in the top 2.5% of all voucher values and is an exact multiple of 10,000; Isolation Forest anomaly (score 0.763, rank 146 of 30,128); Amount CNY 1,000,000.00 is above the 97.5th percentile of the ledger"
TXN00027922,2025-09-29,2025-09-30,V00269,"Blue Ridge Trading (Shanghai) Co., Ltd.",2202,应付账款 Accounts payable,1000000.0,Finance,"Vendor settlement Blue Ridge Trading (Shanghai) Co., Ltd. / INV-165655",E0079,E0042,61.14,High,2,0.730793,True,"Unusual vendor (Blue Ridge Trading (Shanghai) Co., Ltd.): amount is more than 8x this vendor's average payment; Large round amount: CNY 1000000.0 sits in the top 2.5% of all voucher values and is an exact multiple of 10,000; Isolation Forest anomaly (score 0.731, rank 232 of 30,128); Amount CNY 1,000,000.00 is above the 97.5th percentile of the ledger"
TXN80001700,2025-10-23,2025-10-23,V00068,"Xinrun Media (Shenzhen) Co., Ltd.",660205,管理费用-咨询费 Consulting fees,49446.42,Operations,"Partial payment to Xinrun Media (Shenzhen) Co., Ltd. - instalment 1/2",E0057,E0066,61.1,High,1,0.857384,True,"Split payment: 2 payments to the same vendor on the same day, each just below the CNY 50,000 approval threshold (combined CNY 95693.51); Isolation Forest anomaly (score 0.857, rank 32 of 30,128); Amount sits just below the CNY 50,000 approval threshold"
TXN80002400,2024-11-11,2024-11-11,V00219,"Silverline Trading (Guangzhou) Co., Ltd.",2202,应付账款 Accounts payable,49725.4,Finance,"Partial payment to Silverline Trading (Guangzhou) Co., Ltd. - instalment 1/2",E0063,E0092,61.02,High,1,0.649917,True,"Split payment: 3 payments to the same vendor on the same day, each just below the CNY 50,000 approval threshold (combined CNY 339230.37); Isolation Forest anomaly (score 0.650, rank 549 of 30,128); Vendor risk 52/100 for Silverline Trading (Guangzhou) Co., Ltd.; Amount sits just below the CNY 50,000 approval threshold"
TXN00006335,2025-01-04,2025-01-04,,,1122,应收账款 Accounts receivable,2250000.0,Sales,Revenue recognition for order SO82976,E0094,E0009,61.0,High,2,0.768335,True,"Large round amount: CNY 2250000.0 sits in the top 0.22% of all voucher values and is an exact multiple of 10,000; Posted on Saturday - 2025-01-04 is outside the normal working week; Isolation Forest anomaly (score 0.768, rank 136 of 30,128); Amount CNY 2,250,000.00 is above the 99.8th percentile of the ledger"
TXN80001302,2025-05-19,2025-05-19,V00244,Pacific Materials Group,1403,原材料 Raw materials,49037.81,Procurement,Partial payment to Pacific Materials Group - instalment 3/3,E0031,E0135,61.0,High,1,0.797192,True,"Split payment: 3 payments to the same vendor on the same day, each just below the CNY 50,000 approval threshold (combined CNY 145777.06); Isolation Forest anomaly (score 0.797, rank 84 of 30,128); Amount sits just below the CNY 50,000 approval threshold"
TXN00012936,2024-11-02,2024-11-02,,,1122,应收账款 Accounts receivable,2250000.0,Sales,Sales invoice to supplier - SO43055,E0061,E0068,60.93,High,2,0.765512,True,"Large round amount: CNY 2250000.0 sits in the top 0.22% of all voucher values and is an exact multiple of 10,000; Posted on Saturday - 2024-11-02 is outside the normal working week; Isolation Forest anomaly (score 0.766, rank 140 of 30,128); Amount CNY 2,250,000.00 is above the 99.8th percentile of the ledger"
TXN00028523,2024-02-05,2024-02-05,V00255,"Zenith Consulting (Shenzhen) Co., Ltd.",1403,原材料 Raw materials,1000000.0,Procurement,Purchase of raw materials - PO83772,E0097,E0008,60.93,High,2,0.69556,True,"Unusual vendor (Zenith Consulting (Shenzhen) Co., Ltd.): amount is more than 8x this vendor's average payment; Large round amount: CNY 1000000.0 sits in the top 2.5% of all voucher values and is an exact multiple of 10,000; Isolation Forest anomaly (score 0.696, rank 345 of 30,128); Amount CNY 1,000,000.00 is above the 97.5th percentile of the ledger"
TXN80002401,2024-11-11,2024-11-11,V00219,"Silverline Trading (Guangzhou) Co., Ltd.",2202,应付账款 Accounts payable,48411.54,Finance,"Partial payment to Silverline Trading (Guangzhou) Co., Ltd. - instalment 2/2",E0063,E0092,60.89,High,1,0.648415,True,"Split payment: 3 payments to the same vendor on the same day, each just below the CNY 50,000 approval threshold (combined CNY 339230.37); Isolation Forest anomaly (score 0.648, rank 553 of 30,128); Vendor risk 52/100 for Silverline Trading (Guangzhou) Co., Ltd.; Amount sits just below the CNY 50,000 approval threshold"
TXN00013091,2025-01-06,2025-01-06,V00174,Cathay Materials Group,1403,原材料 Raw materials,1000000.0,Procurement,Bulk purchase of components - PO58129,E0112,E0002,60.88,High,2,0.640597,True,"Unusual vendor (Cathay Materials Group): amount is more than 8x this vendor's average payment; Large round amount: CNY 1000000.0 sits in the top 2.5% of all voucher values and is an exact multiple of 10,000; Isolation Forest anomaly (score 0.641, rank 585 of 30,128); Amount CNY 1,000,000.00 is above the 97.5th percentile of the ledger"
TXN00003603,2025-07-30,2025-07-30,V00117,"Kunlun Packaging Co., Ltd.",1403,原材料 Raw materials,1000000.0,Procurement,Goods receipt against PO10549,E0101,E0009,60.86,High,2,0.740099,True,"Unusual vendor (Kunlun Packaging Co., Ltd.): amount is more than 8x this vendor's average payment; Large round amount: CNY 1000000.0 sits in the top 2.5% of all voucher values and is an exact multiple of 10,000; Isolation Forest anomaly (score 0.740, rank 205 of 30,128); Amount CNY 1,000,000.00 is above the 97.5th percentile of the ledger"
TXN00023423,2024-01-25,2024-01-25,V00081,"Ruixin Services (Shenzhen) Co., Ltd.",2202,应付账款 Accounts payable,344346.71,Finance,"Payment to Ruixin Services (Shenzhen) Co., Ltd. for invoice INV-960481",E0091,E0008,60.86,High,1,0.360005,False,"Duplicate payment: invoice INV-2024-10594 paid more than once to Ruixin Services (Shenzhen) Co., Ltd.; Amount CNY 344,346.71 is above the 88.1th percentile of the ledger"
TXN00003894,2024-12-20,2024-12-22,V00079,"Concord Media (Shenzhen) Co., Ltd.",1403,原材料 Raw materials,1000000.0,Procurement,Goods receipt against PO21749,E0131,E0135,60.84,High,2,0.722508,True,"Unusual vendor (Concord Media (Shenzhen) Co., Ltd.): amount is more than 8x this vendor's average payment; Large round amount: CNY 1000000.0 sits in the top 2.5% of all voucher values and is an exact multiple of 10,000; Isolation Forest anomaly (score 0.723, rank 252 of 30,128); Amount CNY 1,000,000.00 is above the 97.5th percentile of the ledger"
TXN00008469,2024-02-26,2024-02-26,V00076,"Wanhe Materials (Shanghai) Co., Ltd.",1403,原材料 Raw materials,1000000.0,Procurement,Purchase of raw materials - PO66237,E0112,E0134,60.83,High,2,0.732592,True,"Unusual vendor (Wanhe Materials (Shanghai) Co., Ltd.): amount is more than 8x this vendor's average payment; Large round amount: CNY 1000000.0 sits in the top 2.5% of all voucher values and is an exact multiple of 10,000; Isolation Forest anomaly (score 0.733, rank 225 of 30,128); Amount CNY 1,000,000.00 is above the 97.5th percentile of the ledger"
TXN80001301,2025-05-19,2025-05-19,V00244,Pacific Materials Group,1403,原材料 Raw materials,47416.54,Procurement,Partial payment to Pacific Materials Group - instalment 2/3,E0031,E0135,60.83,High,1,0.794559,True,"Split payment: 3 payments to the same vendor on the same day, each just below the CNY 50,000 approval threshold (combined CNY 145777.06); Isolation Forest anomaly (score 0.795, rank 90 of 30,128); Amount sits just below the CNY 50,000 approval threshold"
TXN00021741,2025-11-29,2025-12-01,,,1122,应收账款 Accounts receivable,2250000.0,Sales,Sales invoice to supplier - SO54044,E0016,E0124,60.82,High,2,0.760945,True,"Large round amount: CNY 2250000.0 sits in the top 0.22% of all voucher values and is an exact multiple of 10,000; Posted on Saturday - 2025-11-29 is outside the normal working week; Isolation Forest anomaly (score 0.761, rank 151 of 30,128); Amount CNY 2,250,000.00 is above the 99.8th percentile of the ledger"
TXN00016246,2024-08-05,2024-08-05,V00081,"Ruixin Services (Shenzhen) Co., Ltd.",660206,管理费用-水电费 Utilities,46479.61,Operations,Utility settlement for Nanjing facility,E0041,E0115,60.77,High,1,0.625408,True,"Split payment: 3 payments to the same vendor on the same day, each just below the CNY 50,000 approval threshold (combined CNY 331738.45); Isolation Forest anomaly (score 0.625, rank 658 of 30,128); Amount sits just below the CNY 50,000 approval threshold"
TXN80000300,2024-10-23,2024-10-23,V00256,"Kaiyuan Media (Shenzhen) Co., Ltd.",2202,应付账款 Accounts payable,49125.33,Finance,"Partial payment to Kaiyuan Media (Shenzhen) Co., Ltd. - instalment 1/3",E0063,E0071,60.75,High,1,0.772036,True,"Split payment: 3 payments to the same vendor on the same day, each just below the CNY 50,000 approval threshold (combined CNY 146413.57); Isolation Forest anomaly (score 0.772, rank 127 of 30,128); Amount sits just below the CNY 50,000 approval threshold"
TXN80003901,2024-12-02,2024-12-02,V00042,"Northwind Automation (Shanghai) Co., Ltd.",2202,应付账款 Accounts payable,47417.06,Finance,"Partial payment to Northwind Automation (Shanghai) Co., Ltd. - instalment 2/3",E0055,E0071,60.75,High,1,0.684615,True,"Split payment: 3 payments to the same vendor on the same day, each just below the CNY 50,000 approval threshold (combined CNY 142179.64); Isolation Forest anomaly (score 0.685, rank 391 of 30,128); Vendor risk 46/100 for Northwind Automation (Shanghai) Co., Ltd.; Amount sits just below the CNY 50,000 approval threshold"
TXN80003902,2024-12-02,2024-12-02,V00042,"Northwind Automation (Shanghai) Co., Ltd.",2202,应付账款 Accounts payable,46720.84,Finance,"Partial payment to Northwind Automation (Shanghai) Co., Ltd. - instalment 3/3",E0055,E0071,60.73,High,1,0.685857,True,"Split payment: 3 payments to the same vendor on the same day, each just below the CNY 50,000 approval threshold (combined CNY 142179.64); Isolation Forest anomaly (score 0.686, rank 387 of 30,128); Vendor risk 46/100 for Northwind Automation (Shanghai) Co., Ltd.; Amount sits just below the CNY 50,000 approval threshold"
TXN00023930,2025-04-30,2025-04-30,V00265,Zenith Consulting Holdings,1403,原材料 Raw materials,1000000.0,Procurement,Goods receipt against PO73243,E0059,E0034,60.7,High,2,0.660988,True,"Unusual vendor (Zenith Consulting Holdings): amount is more than 8x this vendor's average payment; Large round amount: CNY 1000000.0 sits in the top 2.5% of all voucher values and is an exact multiple of 10,000; Isolation Forest anomaly (score 0.661, rank 490 of 30,128); Amount CNY 1,000,000.00 is above the 97.5th percentile of the ledger"
TXN00024441,2025-10-19,2025-10-19,,,2221,应交税费 Taxes payable,206000.0,Finance,Tax settlement - Procurement,E0110,E0110,60.7,High,2,0.737913,True,"Self approval: voucher raised and approved by the same employee (E0110) - segregation of duties breach; Posted on Sunday - 2025-10-19 is outside the normal working week; Isolation Forest anomaly (score 0.738, rank 208 of 30,128); Amount CNY 206,000.00 is above the 81.0th percentile of the ledger"
TXN80002100,2024-05-09,2024-05-09,V00205,"Xinrun Engineering (Guangzhou) Co., Ltd.",2202,应付账款 Accounts payable,49330.17,Finance,"Partial payment to Xinrun Engineering (Guangzhou) Co., Ltd. - instalment 1/3",E0139,E0025,60.7,High,1,0.712288,True,"Split payment: 3 payments to the same vendor on the same day, each just below the CNY 50,000 approval threshold (combined CNY 143782.69); Isolation Forest anomaly (score 0.712, rank 292 of 30,128); Amount sits just below the CNY 50,000 approval threshold"
TXN00015939,2024-02-23,2024-02-24,V00306,"Everest Logistics (Guangzhou) Co., Ltd.",1403,原材料 Raw materials,1000000.0,Procurement,Purchase of raw materials - PO66782,E0012,E0092,60.58,High,2,0.701073,True,"Unusual vendor (Everest Logistics (Guangzhou) Co., Ltd.): amount is more than 8x this vendor's average payment; Large round amount: CNY 1000000.0 sits in the top 2.5% of all voucher values and is an exact multiple of 10,000; Isolation Forest anomaly (score 0.701, rank 326 of 30,128); Amount CNY 1,000,000.00 is above the 97.5th percentile of the ledger"
TXN80002101,2024-05-09,2024-05-09,V00205,"Xinrun Engineering (Guangzhou) Co., Ltd.",2202,应付账款 Accounts payable,47738.83,Finance,"Partial payment to Xinrun Engineering (Guangzhou) Co., Ltd. - instalment 2/3",E0139,E0025,60.58,High,1,0.711869,True,"Split payment: 3 payments to the same vendor on the same day, each just below the CNY 50,000 approval threshold (combined CNY 143782.69); Isolation Forest anomaly (score 0.712, rank 295 of 30,128); Amount sits just below the CNY 50,000 approval threshold"
TXN80001300,2025-05-19,2025-05-19,V00244,Pacific Materials Group,1403,原材料 Raw materials,49322.71,Procurement,Partial payment to Pacific Materials Group - instalment 1/3,E0031,E0135,60.53,High,1,0.777667,True,"Split payment: 3 payments to the same vendor on the same day, each just below the CNY 50,000 approval threshold (combined CNY 145777.06); Isolation Forest anomaly (score 0.778, rank 115 of 30,128); Amount sits just below the CNY 50,000 approval threshold"
TXN80002102,2024-05-09,2024-05-09,V00205,"Xinrun Engineering (Guangzhou) Co., Ltd.",2202,应付账款 Accounts payable,46713.69,Finance,"Partial payment to Xinrun Engineering (Guangzhou) Co., Ltd. - instalment 3/3",E0139,E0025,60.49,High,1,0.71113,True,"Split payment: 3 payments to the same vendor on the same day, each just below the CNY 50,000 approval threshold (combined CNY 143782.69); Isolation Forest anomaly (score 0.711, rank 299 of 30,128); Amount sits just below the CNY 50,000 approval threshold"
TXN00010663,2025-12-29,2025-12-29,V00329,Innovate Packaging Group,1403,原材料 Raw materials,1000000.0,Procurement,Material procurement from Innovate Packaging Group - PO79277,E0080,E0111,60.39,High,2,0.653579,True,"Unusual vendor (Innovate Packaging Group): amount is more than 8x this vendor's average payment; Large round amount: CNY 1000000.0 sits in the top 2.5% of all voucher values and is an exact multiple of 10,000; Isolation Forest anomaly (score 0.654, rank 528 of 30,128); Amount CNY 1,000,000.00 is above the 97.5th percentile of the ledger"
TXN00008872,2025-12-19,2025-12-19,V00183,"Innovate Technology (Shanghai) Co., Ltd.",1403,原材料 Raw materials,800000.0,Procurement,Goods receipt against PO76676,E0132,E0104,60.37,High,2,0.711178,True,"Unusual vendor (Innovate Technology (Shanghai) Co., Ltd.): amount is more than 8x this vendor's average payment; Large round amount: CNY 800000.0 sits in the top 3.94% of all voucher values and is an exact multiple of 10,000; Isolation Forest anomaly (score 0.711, rank 298 of 30,128); Vendor risk 47/100 for Innovate Technology (Shanghai) Co., Ltd.; Amount CNY 800,000.00 is above the 96.1th percentile of the ledger"
TXN00019231,2025-09-24,2025-09-24,V00321,"Zenith Services (Shenzhen) Co., Ltd.",1403,原材料 Raw materials,1000000.0,Procurement,Bulk purchase of components - PO99151,E0022,E0071,60.37,High,2,0.712424,True,"Unusual vendor (Zenith Services (Shenzhen) Co., Ltd.): amount is more than 8x this vendor's average payment; Large round amount: CNY 1000000.0 sits in the top 2.5% of all voucher values and is an exact multiple of 10,000; Isolation Forest anomaly (score 0.712, rank 291 of 30,128); Amount CNY 1,000,000.00 is above the 97.5th percentile of the ledger"
TXN00005557,2024-09-02,2024-09-02,V00165,Concord Materials Holdings,1403,原材料 Raw materials,1000000.0,Procurement,Purchase of raw materials - PO64840,E0035,E0124,60.32,High,2,0.778149,True,"Unusual vendor (Concord Materials Holdings): amount is more than 8x this vendor's average payment; Large round amount: CNY 1000000.0 sits in the top 2.5% of all voucher values and is an exact multiple of 10,000; Isolation Forest anomaly (score 0.778, rank 114 of 30,128); Amount CNY 1,000,000.00 is above the 97.5th percentile of the ledger"
TXN00006018,2025-04-03,2025-04-03,V00005,"Everest Media (Shanghai) Co., Ltd.",1403,原材料 Raw materials,1000000.0,Procurement,Bulk purchase of components - PO54797,E0096,E0009,60.22,High,2,0.680836,True,"Unusual vendor (Everest Media (Shanghai) Co., Ltd.): amount is more than 8x this vendor's average payment; Large round amount: CNY 1000000.0 sits in the top 2.5% of all voucher values and is an exact multiple of 10,000; Isolation Forest anomaly (score 0.681, rank 400 of 30,128); Amount CNY 1,000,000.00 is above the 97.5th percentile of the ledger"
TXN80001900,2025-08-19,2025-08-19,V00173,Zhongtai Services Holdings,1403,原材料 Raw materials,49154.28,Procurement,Partial payment to Zhongtai Services Holdings - instalment 1/2,E0035,E0009,60.09,High,1,0.754509,True,"Split payment: 3 payments to the same vendor on the same day, each just below the CNY 50,000 approval threshold (combined CNY 223305.66); Isolation Forest anomaly (score 0.755, rank 164 of 30,128); Amount sits just below the CNY 50,000 approval threshold"
TXN00005462,2024-04-23,2024-04-24,V00057,Apex Packaging Holdings,1403,原材料 Raw materials,1000000.0,Procurement,Goods receipt against PO89442,E0046,E0019,60.07,High,2,0.73513,True,"Unusual vendor (Apex Packaging Holdings): amount is more than 8x this vendor's average payment; Large round amount: CNY 1000000.0 sits in the top 2.5% of all voucher values and is an exact multiple of 10,000; Isolation Forest anomaly (score 0.735, rank 212 of 30,128); Amount CNY 1,000,000.00 is above the 97.5th percentile of the ledger"
TXN00029209,2025-06-23,2025-06-23,V00291,"Dynamic Facilities (Beijing) Co., Ltd.",660205,管理费用-咨询费 Consulting fees,46971.49,Operations,"Consulting services from Dynamic Facilities (Beijing) Co., Ltd. - contract 47726",E0120,E0114,60.06,High,1,0.671652,True,"Split payment: 2 payments to the same vendor on the same day, each just below the CNY 50,000 approval threshold (combined CNY 78226.14); Isolation Forest anomaly (score 0.672, rank 442 of 30,128); Vendor risk 54/100 for Dynamic Facilities (Beijing) Co., Ltd.; Amount sits just below the CNY 50,000 approval threshold"
TXN00011621,2025-06-29,2025-06-29,,,1122,应收账款 Accounts receivable,2060000.0,Sales,Revenue recognition for order SO38677,E0037,E0028,60.05,High,2,0.742995,True,"Large round amount: CNY 2060000.0 sits in the top 0.42% of all voucher values and is an exact multiple of 10,000; Posted on Sunday - 2025-06-29 is outside the normal working week; Isolation Forest anomaly (score 0.743, rank 197 of 30,128); Amount CNY 2,060,000.00 is above the 99.6th percentile of the ledger"
TXN00023346,2025-12-17,2025-12-17,V00252,"Ruixin Industrial (Beijing) Co., Ltd.",1403,原材料 Raw materials,1000000.0,Procurement,Goods receipt against PO41928,E0070,E0033,60.01,High,2,0.721304,True,"Unusual vendor (Ruixin Industrial (Beijing) Co., Ltd.): amount is more than 8x this vendor's average payment; Large round amount: CNY 1000000.0 sits in the top 2.5% of all voucher values and is an exact multiple of 10,000; Isolation Forest anomaly (score 0.721, rank 258 of 30,128); Amount CNY 1,000,000.00 is above the 97.5th percentile of the ledger"
TXN80001901,2025-08-19,2025-08-19,V00173,Zhongtai Services Holdings,1403,原材料 Raw materials,48394.98,Procurement,Partial payment to Zhongtai Services Holdings - instalment 2/2,E0035,E0009,60.01,High,1,0.753221,True,"Split payment: 3 payments to the same vendor on the same day, each just below the CNY 50,000 approval threshold (combined CNY 223305.66); Isolation Forest anomaly (score 0.753, rank 170 of 30,128); Amount sits just below the CNY 50,000 approval threshold"
