review_order,transaction_id,selection_route,selection_reason,random_inclusion_probability,random_sampling_weight,transaction_date,vendor_id,debit_amount,audit_risk_score,risk_level,rule_keys,risk_reason_text,review_outcome,evidence_reference,reviewer_notes
1,TXN00002899,rule_coverage,"Covers procedures: Large Round Amount, Unusual Vendor, Weekend / Holiday Posting",,,2025-03-09,V00051,1250000,82.75,Critical,large_round_amount; unusual_vendor; weekend_posting,"Unusual vendor (Nordic Materials (Shanghai) Co., Ltd.): vendor registered less than 90 days before the payment; amount is more than 8x this vendor's average payment; Large round amount: CNY 1250000.0 sits in the top 1.38% of all voucher values and is an exact multiple of 10,000; Posted on Sunday - 2025-03-09 is outside the normal working week; Isolation Forest anomaly (score 0.947, rank 3 of 30,128); Vendor risk 61/100 for Nordic Materials (Shanghai) Co., Ltd.; Amount CNY 1,250,000.00 is above the 98.6th percentile of the ledger",,,
2,TXN80003801,rule_coverage,"Covers procedures: Split Transaction, Suspicious Description",,,2025-05-05,V00041,48208.86,59.72,Medium,split_transaction; suspicious_description; weekend_posting,"Split payment: 2 payments to the same vendor on the same day, each just below the CNY 50,000 approval threshold (combined CNY 96669.63); Suspicious description: narration is missing entirely; Posted on Monday (public holiday) - 2025-05-05 is outside the normal working week; Isolation Forest anomaly (score 0.698, rank 340 of 30,128); Amount sits just below the CNY 50,000 approval threshold",,,
3,TXN00022738,rule_coverage,Covers procedures: Self Approval,,,2024-12-25,V00344,1000000,73.78,High,large_round_amount; self_approval; unusual_vendor,"Self approval: voucher raised and approved by the same employee (E0054) - segregation of duties breach; Unusual vendor (Hanwei Engineering Group): amount is more than 8x this vendor's average payment; Large round amount: CNY 1000000.0 sits in the top 2.5% of all voucher values and is an exact multiple of 10,000; Isolation Forest anomaly (score 0.819, rank 62 of 30,128); Amount CNY 1,000,000.00 is above the 97.5th percentile of the ledger",,,
4,TXN00001164,rule_coverage,Covers procedures: Rapid Payment,,,2024-10-08,V00042,1250000,73.64,High,large_round_amount; rapid_payment; unusual_vendor,"Unusual vendor (Northwind Automation (Shanghai) Co., Ltd.): amount is more than 8x this vendor's average payment; Large round amount: CNY 1250000.0 sits in the top 1.38% of all voucher values and is an exact multiple of 10,000; Rapid payment: settled 3.6 hours after the invoice arrived (normal supplier terms are 30-60 days); Isolation Forest anomaly (score 0.756, rank 162 of 30,128); Vendor risk 46/100 for Northwind Automation (Shanghai) Co., Ltd.; Amount CNY 1,250,000.00 is above the 98.6th percentile of the ledger",,,
5,TXN90000010,rule_coverage,Covers procedures: Duplicate Payment,,,2024-07-22,V00304,1250000,73.64,High,duplicate_payment; large_round_amount; unusual_vendor,"Duplicate payment: invoice INV-2024-74366 paid more than once to Zenith Services Co., Ltd.; Unusual vendor (Zenith Services Co., Ltd.): amount is more than 8x this vendor's average payment; Large round amount: CNY 1250000.0 sits in the top 1.38% of all voucher values and is an exact multiple of 10,000; Isolation Forest anomaly (score 0.734, rank 218 of 30,128); Amount CNY 1,250,000.00 is above the 98.6th percentile of the ledger",,,
6,TXN00015745,rule_coverage,Covers procedures: Rare Account Usage,,,2024-05-06,V00173,1250000,69.19,High,large_round_amount; rare_account_usage,"Large round amount: CNY 1250000.0 sits in the top 1.38% of all voucher values and is an exact multiple of 10,000; Rare account usage: posted to 1405 (库存商品 Finished goods), used by only 0.03% of vouchers and atypical for this business process; Isolation Forest anomaly (score 0.947, rank 2 of 30,128); Amount CNY 1,250,000.00 is above the 98.6th percentile of the ledger",,,
7,TXN00026714,risk_priority,Risk score 76.74/100,,,2024-12-30,V00160,2000000,76.74,High,large_round_amount; unusual_vendor,"Unusual vendor (Xinrun Consulting (Shenzhen) Co., Ltd.): amount is more than 8x this vendor's average payment; Large round amount: CNY 2000000.0 sits in the top 0.5% of all voucher values and is an exact multiple of 10,000; Isolation Forest anomaly (score 1.000, rank 1 of 30,128); Amount CNY 2,000,000.00 is above the 99.5th percentile of the ledger",,,
8,TXN00025071,risk_priority,Risk score 75.78/100,,,2025-03-17,V00262,1250000,75.78,High,large_round_amount; unusual_vendor,"Unusual vendor (Jinlong Consulting Co., Ltd.): vendor registered less than 90 days before the payment; amount is more than 8x this vendor's average payment; Large round amount: CNY 1250000.0 sits in the top 1.38% of all voucher values and is an exact multiple of 10,000; Isolation Forest anomaly (score 0.846, rank 37 of 30,128); Vendor risk 46/100 for Jinlong Consulting Co., Ltd.; Amount CNY 1,250,000.00 is above the 98.6th percentile of the ledger",,,
9,TXN00003501,risk_priority,Risk score 74.59/100,,,2025-02-05,V00320,2000000,74.59,High,large_round_amount; unusual_vendor,"Unusual vendor (Yongsheng Automation (Beijing) Co., Ltd.): amount is more than 8x this vendor's average payment; Large round amount: CNY 2000000.0 sits in the top 0.5% of all voucher values and is an exact multiple of 10,000; Isolation Forest anomaly (score 0.925, rank 8 of 30,128); Vendor risk 54/100 for Yongsheng Automation (Beijing) Co., Ltd.; Amount CNY 2,000,000.00 is above the 99.5th percentile of the ledger",,,
10,TXN00008993,risk_priority,Risk score 74.37/100,,,2025-11-12,V00372,1250000,74.37,High,large_round_amount; unusual_vendor,"Unusual vendor (Bright Packaging (Shenzhen) Co., Ltd.): vendor registered less than 90 days before the payment; Large round amount: CNY 1250000.0 sits in the top 1.38% of all voucher values and is an exact multiple of 10,000; Isolation Forest anomaly (score 0.848, rank 35 of 30,128); Vendor risk 57/100 for Bright Packaging (Shenzhen) Co., Ltd.; Amount CNY 1,250,000.00 is above the 98.6th percentile of the ledger",,,
11,TXN00012581,risk_priority,Risk score 74.29/100,,,2024-08-05,V00232,2000000,74.29,High,large_round_amount; unusual_vendor,"Unusual vendor (Zenith Facilities Co., Ltd.): amount is more than 8x this vendor's average payment; Large round amount: CNY 2000000.0 sits in the top 0.5% of all voucher values and is an exact multiple of 10,000; Isolation Forest anomaly (score 0.917, rank 12 of 30,128); Amount CNY 2,000,000.00 is above the 99.5th percentile of the ledger",,,
12,TXN00020265,risk_priority,Risk score 73.65/100,,,2024-01-14,V00129,1250000,73.65,High,large_round_amount; unusual_vendor; weekend_posting,"Unusual vendor (Everest Services (Shenzhen) Co., Ltd.): amount is more than 8x this vendor's average payment; Large round amount: CNY 1250000.0 sits in the top 1.38% of all voucher values and is an exact multiple of 10,000; Posted on Sunday - 2024-01-14 is outside the normal working week; Isolation Forest anomaly (score 0.889, rank 18 of 30,128); Amount CNY 1,250,000.00 is above the 98.6th percentile of the ledger",,,
13,TXN00001300,risk_priority,Risk score 73.42/100,,,2024-07-16,V00304,1250000,73.42,High,duplicate_payment; large_round_amount; unusual_vendor,"Duplicate payment: invoice INV-2024-74366 paid more than once to Zenith Services Co., Ltd.; Unusual vendor (Zenith Services Co., Ltd.): amount is more than 8x this vendor's average payment; Large round amount: CNY 1250000.0 sits in the top 1.38% of all voucher values and is an exact multiple of 10,000; Isolation Forest anomaly (score 0.725, rank 247 of 30,128); Amount CNY 1,250,000.00 is above the 98.6th percentile of the ledger",,,
14,TXN00022965,risk_priority,Risk score 73.24/100,,,2025-09-29,V00331,1250000,73.24,High,large_round_amount; unusual_vendor,"Unusual vendor (Silverline Packaging Co., Ltd.): vendor registered less than 90 days before the payment; Large round amount: CNY 1250000.0 sits in the top 1.38% of all voucher values and is an exact multiple of 10,000; Isolation Forest anomaly (score 0.868, rank 24 of 30,128); Vendor risk 46/100 for Silverline Packaging Co., Ltd.; Amount CNY 1,250,000.00 is above the 98.6th percentile of the ledger",,,
15,TXN00019362,risk_priority,Risk score 73.23/100,,,2025-06-20,V00064,2000000,73.23,High,large_round_amount; unusual_vendor,"Unusual vendor (Tianhe Consulting (Shenzhen) Co., Ltd.): amount is more than 8x this vendor's average payment; Large round amount: CNY 2000000.0 sits in the top 0.5% of all voucher values and is an exact multiple of 10,000; Isolation Forest anomaly (score 0.858, rank 31 of 30,128); Vendor risk 57/100 for Tianhe Consulting (Shenzhen) Co., Ltd.; Amount CNY 2,000,000.00 is above the 99.5th percentile of the ledger",,,
16,TXN00022937,risk_priority,Risk score 73.21/100,,,2024-01-29,V00320,2000000,73.21,High,large_round_amount; unusual_vendor,"Unusual vendor (Yongsheng Automation (Beijing) Co., Ltd.): amount is more than 8x this vendor's average payment; Large round amount: CNY 2000000.0 sits in the top 0.5% of all voucher values and is an exact multiple of 10,000; Isolation Forest anomaly (score 0.875, rank 23 of 30,128); Vendor risk 54/100 for Yongsheng Automation (Beijing) Co., Ltd.; Amount CNY 2,000,000.00 is above the 99.5th percentile of the ledger",,,
17,TXN00006066,risk_priority,Risk score 72.51/100,,,2024-07-09,V00112,2000000,72.51,High,large_round_amount; unusual_vendor,"Unusual vendor (Pacific Materials (Guangzhou) Co., Ltd.): amount is more than 8x this vendor's average payment; Large round amount: CNY 2000000.0 sits in the top 0.5% of all voucher values and is an exact multiple of 10,000; Isolation Forest anomaly (score 0.936, rank 5 of 30,128); Amount CNY 2,000,000.00 is above the 99.5th percentile of the ledger",,,
18,TXN00004076,risk_priority,Risk score 72.42/100,,,2025-03-30,V00115,2000000,72.42,High,large_round_amount; unusual_vendor; weekend_posting,"Unusual vendor (Xinrun Materials (Shenzhen) Co., Ltd.): amount is more than 8x this vendor's average payment; Large round amount: CNY 2000000.0 sits in the top 0.5% of all voucher values and is an exact multiple of 10,000; Posted on Sunday - 2025-03-30 is outside the normal working week; Isolation Forest anomaly (score 0.894, rank 15 of 30,128); Amount CNY 2,000,000.00 is above the 99.5th percentile of the ledger",,,
19,TXN00017219,risk_priority,Risk score 72.17/100,,,2025-04-18,V00127,2000000,72.17,High,large_round_amount; unusual_vendor,"Unusual vendor (Yongsheng Supply Chain Holdings): amount is more than 8x this vendor's average payment; Large round amount: CNY 2000000.0 sits in the top 0.5% of all voucher values and is an exact multiple of 10,000; Isolation Forest anomaly (score 0.841, rank 41 of 30,128); Vendor risk 52/100 for Yongsheng Supply Chain Holdings; Amount CNY 2,000,000.00 is above the 99.5th percentile of the ledger",,,
20,TXN00006356,risk_priority,Risk score 71.94/100,,,2024-02-01,V00014,2000000,71.94,High,large_round_amount; unusual_vendor,"Unusual vendor (Orient Engineering (Shanghai) Co., Ltd.): amount is more than 8x this vendor's average payment; Large round amount: CNY 2000000.0 sits in the top 0.5% of all voucher values and is an exact multiple of 10,000; Isolation Forest anomaly (score 0.889, rank 19 of 30,128); Amount CNY 2,000,000.00 is above the 99.5th percentile of the ledger",,,
21,TXN00017089,risk_priority,Risk score 71.91/100,,,2025-04-15,V00213,1250000,71.91,High,large_round_amount; unusual_vendor,"Unusual vendor (Blue Ridge Consulting (Shanghai) Co., Ltd.): vendor registered less than 90 days before the payment; Large round amount: CNY 1250000.0 sits in the top 1.38% of all voucher values and is an exact multiple of 10,000; Isolation Forest anomaly (score 0.893, rank 17 of 30,128); Amount CNY 1,250,000.00 is above the 98.6th percentile of the ledger",,,
22,TXN00009235,risk_priority,Risk score 71.60/100,,,2025-06-17,V00299,1250000,71.6,High,large_round_amount; unusual_vendor,"Unusual vendor (Mingda Packaging (Shenzhen) Co., Ltd.): amount is more than 8x this vendor's average payment; Large round amount: CNY 1250000.0 sits in the top 1.38% of all voucher values and is an exact multiple of 10,000; Isolation Forest anomaly (score 0.758, rank 161 of 30,128); Vendor risk 59/100 for Mingda Packaging (Shenzhen) Co., Ltd.; Amount CNY 1,250,000.00 is above the 98.6th percentile of the ledger",,,
23,TXN00024485,risk_priority,Risk score 71.45/100,,,2024-12-30,V00345,2000000,71.45,High,large_round_amount; unusual_vendor,"Unusual vendor (Orient Supply Chain (Guangzhou) Co., Ltd.): amount is more than 8x this vendor's average payment; Large round amount: CNY 2000000.0 sits in the top 0.5% of all voucher values and is an exact multiple of 10,000; Isolation Forest anomaly (score 0.933, rank 6 of 30,128); Amount CNY 2,000,000.00 is above the 99.5th percentile of the ledger",,,
24,TXN00006613,risk_priority,Risk score 70.89/100,,,2024-10-21,V00112,1250000,70.89,High,large_round_amount; unusual_vendor,"Unusual vendor (Pacific Materials (Guangzhou) Co., Ltd.): amount is more than 8x this vendor's average payment; Large round amount: CNY 1250000.0 sits in the top 1.38% of all voucher values and is an exact multiple of 10,000; Isolation Forest anomaly (score 0.923, rank 10 of 30,128); Amount CNY 1,250,000.00 is above the 98.6th percentile of the ledger",,,
25,TXN00015009,risk_priority,Risk score 70.74/100,,,2024-10-16,V00041,2000000,70.74,High,large_round_amount; unusual_vendor,"Unusual vendor (Ruixin Industrial (Beijing) Co., Ltd.): amount is more than 8x this vendor's average payment; Large round amount: CNY 2000000.0 sits in the top 0.5% of all voucher values and is an exact multiple of 10,000; Isolation Forest anomaly (score 0.894, rank 16 of 30,128); Amount CNY 2,000,000.00 is above the 99.5th percentile of the ledger",,,
26,TXN00028111,risk_priority,Risk score 70.64/100,,,2025-01-13,V00206,1250000,70.64,High,large_round_amount; unusual_vendor,"Unusual vendor (Apex Automation (Guangzhou) Co., Ltd.): amount is more than 8x this vendor's average payment; Large round amount: CNY 1250000.0 sits in the top 1.38% of all voucher values and is an exact multiple of 10,000; Isolation Forest anomaly (score 0.797, rank 85 of 30,128); Vendor risk 46/100 for Apex Automation (Guangzhou) Co., Ltd.; Amount CNY 1,250,000.00 is above the 98.6th percentile of the ledger",,,
27,TXN00015397,risk_priority,Risk score 70.62/100,,,2024-04-15,V00141,1250000,70.62,High,large_round_amount; unusual_vendor,"Unusual vendor (Everest Materials Holdings): amount is more than 8x this vendor's average payment; Large round amount: CNY 1250000.0 sits in the top 1.38% of all voucher values and is an exact multiple of 10,000; Isolation Forest anomaly (score 0.711, rank 301 of 30,128); Vendor risk 60/100 for Everest Materials Holdings; Amount CNY 1,250,000.00 is above the 98.6th percentile of the ledger",,,
28,TXN00013011,risk_priority,Risk score 70.60/100,,,2024-09-09,V00207,1250000,70.6,High,large_round_amount; unusual_vendor,"Unusual vendor (Nordic Electronics Co., Ltd.): amount is more than 8x this vendor's average payment; Large round amount: CNY 1250000.0 sits in the top 1.38% of all voucher values and is an exact multiple of 10,000; Isolation Forest anomaly (score 0.789, rank 94 of 30,128); Vendor risk 47/100 for Nordic Electronics Co., Ltd.; Amount CNY 1,250,000.00 is above the 98.6th percentile of the ledger",,,
29,TXN00025642,risk_priority,Risk score 70.56/100,,,2024-06-03,V00144,2000000,70.56,High,large_round_amount; unusual_vendor,"Unusual vendor (Silverline Media Co., Ltd.): amount is more than 8x this vendor's average payment; Large round amount: CNY 2000000.0 sits in the top 0.5% of all voucher values and is an exact multiple of 10,000; Isolation Forest anomaly (score 0.938, rank 4 of 30,128); Amount CNY 2,000,000.00 is above the 99.5th percentile of the ledger",,,
30,TXN00007791,risk_priority,Risk score 70.38/100,,,2024-02-05,V00353,1250000,70.38,High,large_round_amount; unusual_vendor,"Unusual vendor (Concord Services (Shanghai) Co., Ltd.): amount is more than 8x this vendor's average payment; Large round amount: CNY 1250000.0 sits in the top 1.38% of all voucher values and is an exact multiple of 10,000; Isolation Forest anomaly (score 0.767, rank 137 of 30,128); Vendor risk 49/100 for Concord Services (Shanghai) Co., Ltd.; Amount CNY 1,250,000.00 is above the 98.6th percentile of the ledger",,,
31,TXN00011457,risk_priority,Risk score 70.30/100,,,2025-09-17,V00097,1250000,70.3,High,large_round_amount; unusual_vendor,"Unusual vendor (Everest Logistics Co., Ltd.): amount is more than 8x this vendor's average payment; Large round amount: CNY 1250000.0 sits in the top 1.38% of all voucher values and is an exact multiple of 10,000; Isolation Forest anomaly (score 0.740, rank 203 of 30,128); Vendor risk 53/100 for Everest Logistics Co., Ltd.; Amount CNY 1,250,000.00 is above the 98.6th percentile of the ledger",,,
32,TXN00006457,risk_priority,Risk score 70.19/100,,,2025-12-05,V00129,1250000,70.19,High,large_round_amount; unusual_vendor,"Unusual vendor (Everest Services (Shenzhen) Co., Ltd.): amount is more than 8x this vendor's average payment; Large round amount: CNY 1250000.0 sits in the top 1.38% of all voucher values and is an exact multiple of 10,000; Isolation Forest anomaly (score 0.898, rank 14 of 30,128); Amount CNY 1,250,000.00 is above the 98.6th percentile of the ledger",,,
33,TXN00020863,risk_priority,Risk score 70.10/100,,,2024-09-27,V00348,2000000,70.1,High,large_round_amount; unusual_vendor,"Unusual vendor (Global Trading (Shanghai) Co., Ltd.): amount is more than 8x this vendor's average payment; Large round amount: CNY 2000000.0 sits in the top 0.5% of all voucher values and is an exact multiple of 10,000; Isolation Forest anomaly (score 0.842, rank 40 of 30,128); Amount CNY 2,000,000.00 is above the 99.5th percentile of the ledger",,,
34,TXN00029876,risk_priority,Risk score 70.09/100,,,2025-09-18,V00299,1000000,70.09,High,large_round_amount; unusual_vendor,"Unusual vendor (Mingda Packaging (Shenzhen) Co., Ltd.): amount is more than 8x this vendor's average payment; Large round amount: CNY 1000000.0 sits in the top 2.5% of all voucher values and is an exact multiple of 10,000; Isolation Forest anomaly (score 0.778, rank 116 of 30,128); Vendor risk 59/100 for Mingda Packaging (Shenzhen) Co., Ltd.; Amount CNY 1,000,000.00 is above the 97.5th percentile of the ledger",,,
35,TXN00003048,risk_priority,Risk score 70.01/100,,,2024-12-19,V00149,1250000,70.01,High,large_round_amount; unusual_vendor,"Unusual vendor (Tianhe Technology (Guangzhou) Co., Ltd.): vendor registered less than 90 days before the payment; Large round amount: CNY 1250000.0 sits in the top 1.38% of all voucher values and is an exact multiple of 10,000; Isolation Forest anomaly (score 0.840, rank 47 of 30,128); Amount CNY 1,250,000.00 is above the 98.6th percentile of the ledger",,,
36,TXN00012478,risk_priority,Risk score 69.98/100,,,2025-03-24,V00350,1250000,69.98,High,large_round_amount; unusual_vendor,"Unusual vendor (Ruixin Systems (Guangzhou) Co., Ltd.): amount is more than 8x this vendor's average payment; Large round amount: CNY 1250000.0 sits in the top 1.38% of all voucher values and is an exact multiple of 10,000; Isolation Forest anomaly (score 0.865, rank 27 of 30,128); Amount CNY 1,250,000.00 is above the 98.6th percentile of the ledger",,,
37,TXN00010974,risk_priority,Risk score 69.89/100,,,2024-05-20,V00055,1250000,69.89,High,large_round_amount; unusual_vendor,"Unusual vendor (Xinrun Services (Beijing) Co., Ltd.): amount is more than 8x this vendor's average payment; Large round amount: CNY 1250000.0 sits in the top 1.38% of all voucher values and is an exact multiple of 10,000; Isolation Forest anomaly (score 0.789, rank 93 of 30,128); Amount CNY 1,250,000.00 is above the 98.6th percentile of the ledger",,,
38,TXN00018944,risk_priority,Risk score 69.86/100,,,2024-02-19,V00341,2000000,69.86,High,large_round_amount; unusual_vendor,"Unusual vendor (Hengtai Industrial (Shenzhen) Co., Ltd.): amount is more than 8x this vendor's average payment; Large round amount: CNY 2000000.0 sits in the top 0.5% of all voucher values and is an exact multiple of 10,000; Isolation Forest anomaly (score 0.916, rank 13 of 30,128); Amount CNY 2,000,000.00 is above the 99.5th percentile of the ledger",,,
39,TXN00026808,risk_priority,Risk score 69.85/100,,,2024-10-14,V00103,2000000,69.85,High,large_round_amount; unusual_vendor,"Unusual vendor (Kaiyuan Electronics (Beijing) Co., Ltd.): amount is more than 8x this vendor's average payment; Large round amount: CNY 2000000.0 sits in the top 0.5% of all voucher values and is an exact multiple of 10,000; Isolation Forest anomaly (score 0.888, rank 20 of 30,128); Amount CNY 2,000,000.00 is above the 99.5th percentile of the ledger",,,
40,TXN00019593,risk_priority,Risk score 69.79/100,,,2025-01-07,V00363,1250000,69.79,High,large_round_amount; unusual_vendor,"Unusual vendor (Blue Ridge Systems (Beijing) Co., Ltd.): amount is more than 8x this vendor's average payment; Large round amount: CNY 1250000.0 sits in the top 1.38% of all voucher values and is an exact multiple of 10,000; Isolation Forest anomaly (score 0.751, rank 175 of 30,128); Vendor risk 48/100 for Blue Ridge Systems (Beijing) Co., Ltd.; Amount CNY 1,250,000.00 is above the 98.6th percentile of the ledger",,,
41,TXN00002280,risk_priority,Risk score 69.75/100,,,2025-11-10,V00154,1250000,69.75,High,large_round_amount; unusual_vendor,"Unusual vendor (Innovate Materials Co., Ltd.): amount is more than 8x this vendor's average payment; Large round amount: CNY 1250000.0 sits in the top 1.38% of all voucher values and is an exact multiple of 10,000; Isolation Forest anomaly (score 0.772, rank 124 of 30,128); Amount CNY 1,250,000.00 is above the 98.6th percentile of the ledger",,,
42,TXN00009504,risk_priority,Risk score 69.74/100,,,2024-03-15,V00126,2000000,69.74,High,large_round_amount; unusual_vendor,"Unusual vendor (Apex Consulting (Shanghai) Co., Ltd.): amount is more than 8x this vendor's average payment; Large round amount: CNY 2000000.0 sits in the top 0.5% of all voucher values and is an exact multiple of 10,000; Isolation Forest anomaly (score 0.786, rank 99 of 30,128); Vendor risk 45/100 for Apex Consulting (Shanghai) Co., Ltd.; Amount CNY 2,000,000.00 is above the 99.5th percentile of the ledger",,,
43,TXN00024088,risk_priority,Risk score 69.68/100,,,2024-05-31,V00206,1250000,69.68,High,large_round_amount; unusual_vendor,"Unusual vendor (Apex Automation (Guangzhou) Co., Ltd.): amount is more than 8x this vendor's average payment; Large round amount: CNY 1250000.0 sits in the top 1.38% of all voucher values and is an exact multiple of 10,000; Isolation Forest anomaly (score 0.758, rank 158 of 30,128); Vendor risk 46/100 for Apex Automation (Guangzhou) Co., Ltd.; Amount CNY 1,250,000.00 is above the 98.6th percentile of the ledger",,,
44,TXN00027041,risk_priority,Risk score 69.62/100,,,2024-01-09,V00291,1250000,69.62,High,large_round_amount; unusual_vendor,"Unusual vendor (Dynamic Facilities (Beijing) Co., Ltd.): amount is more than 8x this vendor's average payment; Large round amount: CNY 1250000.0 sits in the top 1.38% of all voucher values and is an exact multiple of 10,000; Isolation Forest anomaly (score 0.720, rank 266 of 30,128); Vendor risk 52/100 for Dynamic Facilities (Beijing) Co., Ltd.; Amount CNY 1,250,000.00 is above the 98.6th percentile of the ledger",,,
45,TXN00013617,risk_priority,Risk score 69.56/100,,,2024-03-14,V00173,2000000,69.56,High,large_round_amount; unusual_vendor,"Unusual vendor (Zhongtai Services Holdings): amount is more than 8x this vendor's average payment; Large round amount: CNY 2000000.0 sits in the top 0.5% of all voucher values and is an exact multiple of 10,000; Isolation Forest anomaly (score 0.881, rank 21 of 30,128); Amount CNY 2,000,000.00 is above the 99.5th percentile of the ledger",,,
46,TXN00026026,risk_priority,Risk score 69.56/100,,,2025-12-08,V00067,1250000,69.56,High,large_round_amount; unusual_vendor,"Unusual vendor (Kaiyuan Trading (Shanghai) Co., Ltd.): amount is more than 8x this vendor's average payment; Large round amount: CNY 1250000.0 sits in the top 1.38% of all voucher values and is an exact multiple of 10,000; Isolation Forest anomaly (score 0.860, rank 30 of 30,128); Amount CNY 1,250,000.00 is above the 98.6th percentile of the ledger",,,
47,TXN00004557,risk_priority,Risk score 69.45/100,,,2024-12-09,V00101,2000000,69.45,High,large_round_amount; unusual_vendor,"Unusual vendor (Innovate Facilities (Shenzhen) Co., Ltd.): amount is more than 8x this vendor's average payment; Large round amount: CNY 2000000.0 sits in the top 0.5% of all voucher values and is an exact multiple of 10,000; Isolation Forest anomaly (score 0.830, rank 55 of 30,128); Amount CNY 2,000,000.00 is above the 99.5th percentile of the ledger",,,
48,TXN00007068,risk_priority,Risk score 69.45/100,,,2024-11-26,V00203,1250000,69.45,High,large_round_amount; unusual_vendor,"Unusual vendor (Bright Consulting Co., Ltd.): amount is more than 8x this vendor's average payment; Large round amount: CNY 1250000.0 sits in the top 1.38% of all voucher values and is an exact multiple of 10,000; Isolation Forest anomaly (score 0.722, rank 256 of 30,128); Vendor risk 50/100 for Bright Consulting Co., Ltd.; Amount CNY 1,250,000.00 is above the 98.6th percentile of the ledger",,,
49,TXN00029033,risk_priority,Risk score 69.40/100,,,2025-07-31,V00298,1250000,69.4,High,large_round_amount; unusual_vendor,"Unusual vendor (Longhe Systems (Shanghai) Co., Ltd.): amount is more than 8x this vendor's average payment; Large round amount: CNY 1250000.0 sits in the top 1.38% of all voucher values and is an exact multiple of 10,000; Isolation Forest anomaly (score 0.801, rank 78 of 30,128); Amount CNY 1,250,000.00 is above the 98.6th percentile of the ledger",,,
50,TXN00025990,risk_priority,Risk score 69.29/100,,,2025-12-05,V00226,1250000,69.29,High,large_round_amount; unusual_vendor,"Unusual vendor (Zhongtai Industrial (Beijing) Co., Ltd.): amount is more than 8x this vendor's average payment; Large round amount: CNY 1250000.0 sits in the top 1.38% of all voucher values and is an exact multiple of 10,000; Isolation Forest anomaly (score 0.734, rank 221 of 30,128); Vendor risk 47/100 for Zhongtai Industrial (Beijing) Co., Ltd.; Amount CNY 1,250,000.00 is above the 98.6th percentile of the ledger",,,
51,TXN00024102,risk_priority,Risk score 69.27/100,,,2025-07-26,V00350,160000,69.27,High,duplicate_payment; weekend_posting,"Duplicate payment: invoice INV-2025-71544 paid more than once to Ruixin Systems (Guangzhou) Co., Ltd.; Posted on Saturday - 2025-07-26 is outside the normal working week; Isolation Forest anomaly (score 0.640, rank 590 of 30,128); Amount CNY 160,000.00 is above the 77.1th percentile of the ledger",,,
52,TXN00004619,risk_priority,Risk score 69.23/100,,,2024-09-11,V00348,2000000,69.23,High,large_round_amount; unusual_vendor,"Unusual vendor (Global Trading (Shanghai) Co., Ltd.): amount is more than 8x this vendor's average payment; Large round amount: CNY 2000000.0 sits in the top 0.5% of all voucher values and is an exact multiple of 10,000; Isolation Forest anomaly (score 0.807, rank 71 of 30,128); Amount CNY 2,000,000.00 is above the 99.5th percentile of the ledger",,,
53,TXN00014547,risk_priority,Risk score 69.20/100,,,2024-11-11,V00354,1250000,69.2,High,large_round_amount; unusual_vendor,"Unusual vendor (Orient Industrial (Shanghai) Co., Ltd.): amount is more than 8x this vendor's average payment; Large round amount: CNY 1250000.0 sits in the top 1.38% of all voucher values and is an exact multiple of 10,000; Isolation Forest anomaly (score 0.925, rank 9 of 30,128); Amount CNY 1,250,000.00 is above the 98.6th percentile of the ledger",,,
54,TXN00025119,risk_priority,Risk score 69.19/100,,,2025-09-15,V00099,1250000,69.19,High,large_round_amount; unusual_vendor,"Unusual vendor (Tianhe Services (Guangzhou) Co., Ltd.): amount is more than 8x this vendor's average payment; Large round amount: CNY 1250000.0 sits in the top 1.38% of all voucher values and is an exact multiple of 10,000; Isolation Forest anomaly (score 0.841, rank 45 of 30,128); Amount CNY 1,250,000.00 is above the 98.6th percentile of the ledger",,,
55,TXN00015908,risk_priority,Risk score 69.17/100,,,2025-09-30,V00059,1250000,69.17,High,large_round_amount; unusual_vendor,"Unusual vendor (Bright Automation (Shanghai) Co., Ltd.): amount is more than 8x this vendor's average payment; Large round amount: CNY 1250000.0 sits in the top 1.38% of all voucher values and is an exact multiple of 10,000; Isolation Forest anomaly (score 0.814, rank 64 of 30,128); Amount CNY 1,250,000.00 is above the 98.6th percentile of the ledger",,,
56,TXN00011915,risk_priority,Risk score 69.11/100,,,2025-08-27,V00140,2000000,69.11,High,large_round_amount; unusual_vendor,"Unusual vendor (Sunrise Automation (Shanghai) Co., Ltd.): amount is more than 8x this vendor's average payment; Large round amount: CNY 2000000.0 sits in the top 0.5% of all voucher values and is an exact multiple of 10,000; Isolation Forest anomaly (score 0.929, rank 7 of 30,128); Amount CNY 2,000,000.00 is above the 99.5th percentile of the ledger",,,
57,TXN00013256,risk_priority,Risk score 69.10/100,,,2025-09-29,V00055,1250000,69.1,High,large_round_amount; unusual_vendor,"Unusual vendor (Xinrun Services (Beijing) Co., Ltd.): amount is more than 8x this vendor's average payment; Large round amount: CNY 1250000.0 sits in the top 1.38% of all voucher values and is an exact multiple of 10,000; Isolation Forest anomaly (score 0.758, rank 159 of 30,128); Amount CNY 1,250,000.00 is above the 98.6th percentile of the ledger",,,
58,TXN00013333,risk_priority,Risk score 69.04/100,,,2024-09-18,V00200,1250000,69.04,High,large_round_amount; unusual_vendor,"Unusual vendor (Kaiyuan Technology Co., Ltd.): amount is more than 8x this vendor's average payment; Large round amount: CNY 1250000.0 sits in the top 1.38% of all voucher values and is an exact multiple of 10,000; Isolation Forest anomaly (score 0.803, rank 74 of 30,128); Amount CNY 1,250,000.00 is above the 98.6th percentile of the ledger",,,
59,TXN90000018,risk_priority,Risk score 68.97/100,,,2024-06-17,V00050,1014576.45,68.97,High,duplicate_payment,"Duplicate payment: invoice INV-2024-25127 paid more than once to Sunrise Services Holdings; Amount CNY 1,014,576.45 is above the 97.8th percentile of the ledger",,,
60,TXN00007048,risk_priority,Risk score 68.94/100,,,2024-05-21,V00040,2000000,68.94,High,large_round_amount; unusual_vendor,"Unusual vendor (Nordic Consulting Group): amount is more than 8x this vendor's average payment; Large round amount: CNY 2000000.0 sits in the top 0.5% of all voucher values and is an exact multiple of 10,000; Isolation Forest anomaly (score 0.834, rank 51 of 30,128); Amount CNY 2,000,000.00 is above the 99.5th percentile of the ledger",,,
61,TXN00015946,risk_priority,Risk score 68.82/100,,,2025-10-28,V00298,1250000,68.82,High,large_round_amount; unusual_vendor,"Unusual vendor (Longhe Systems (Shanghai) Co., Ltd.): amount is more than 8x this vendor's average payment; Large round amount: CNY 1250000.0 sits in the top 1.38% of all voucher values and is an exact multiple of 10,000; Isolation Forest anomaly (score 0.778, rank 112 of 30,128); Amount CNY 1,250,000.00 is above the 98.6th percentile of the ledger",,,
62,TXN00028197,risk_priority,Risk score 68.76/100,,,2025-02-10,V00081,1250000,68.76,High,large_round_amount; unusual_vendor,"Unusual vendor (Ruixin Services (Shenzhen) Co., Ltd.): amount is more than 8x this vendor's average payment; Large round amount: CNY 1250000.0 sits in the top 1.38% of all voucher values and is an exact multiple of 10,000; Isolation Forest anomaly (score 0.734, rank 215 of 30,128); Amount CNY 1,250,000.00 is above the 98.6th percentile of the ledger",,,
63,TXN00003281,risk_priority,Risk score 68.75/100,,,2024-06-13,V00050,1014576.45,68.75,High,duplicate_payment,"Duplicate payment: invoice INV-2024-25127 paid more than once to Sunrise Services Holdings; Amount CNY 1,014,576.45 is above the 97.8th percentile of the ledger",,,
64,TXN00021024,risk_priority,Risk score 68.70/100,,,2025-07-02,V00298,1250000,68.7,High,large_round_amount; unusual_vendor,"Unusual vendor (Longhe Systems (Shanghai) Co., Ltd.): amount is more than 8x this vendor's average payment; Large round amount: CNY 1250000.0 sits in the top 1.38% of all voucher values and is an exact multiple of 10,000; Isolation Forest anomaly (score 0.773, rank 122 of 30,128); Amount CNY 1,250,000.00 is above the 98.6th percentile of the ledger",,,
65,TXN00011262,risk_priority,Risk score 68.58/100,,,2024-10-21,V00028,1250000,68.58,High,large_round_amount; unusual_vendor,"Unusual vendor (Concord Logistics (Beijing) Co., Ltd.): amount is more than 8x this vendor's average payment; Large round amount: CNY 1250000.0 sits in the top 1.38% of all voucher values and is an exact multiple of 10,000; Isolation Forest anomaly (score 0.821, rank 61 of 30,128); Amount CNY 1,250,000.00 is above the 98.6th percentile of the ledger",,,
66,TXN00019990,risk_priority,Risk score 68.58/100,,,2025-08-01,V00254,1250000,68.58,High,large_round_amount; unusual_vendor,"Unusual vendor (Ruixin Facilities (Shenzhen) Co., Ltd.): vendor registered less than 90 days before the payment; Large round amount: CNY 1250000.0 sits in the top 1.38% of all voucher values and is an exact multiple of 10,000; Isolation Forest anomaly (score 0.832, rank 53 of 30,128); Amount CNY 1,250,000.00 is above the 98.6th percentile of the ledger",,,
67,TXN00008820,risk_priority,Risk score 68.57/100,,,2024-03-21,V00085,1178000,68.57,High,large_round_amount; unusual_vendor,"Unusual vendor (Qianhai Supply Chain (Guangzhou) Co., Ltd.): amount is more than 8x this vendor's average payment; Large round amount: CNY 1178000.0 sits in the top 1.75% of all voucher values and is an exact multiple of 1,000; Isolation Forest anomaly (score 0.755, rank 163 of 30,128); Vendor risk 53/100 for Qianhai Supply Chain (Guangzhou) Co., Ltd.; Amount CNY 1,178,000.00 is above the 98.3th percentile of the ledger",,,
68,TXN00006297,risk_priority,Risk score 68.55/100,,,2024-04-02,V00302,1250000,68.55,High,large_round_amount; unusual_vendor,"Unusual vendor (Innovate Industrial (Shanghai) Co., Ltd.): amount is more than 8x this vendor's average payment; Large round amount: CNY 1250000.0 sits in the top 1.38% of all voucher values and is an exact multiple of 10,000; Isolation Forest anomaly (score 0.743, rank 198 of 30,128); Amount CNY 1,250,000.00 is above the 98.6th percentile of the ledger",,,
69,TXN00024046,risk_priority,Risk score 68.47/100,,,2025-08-01,V00063,1000000,68.47,High,large_round_amount; unusual_vendor,"Unusual vendor (Innovate Supply Chain (Guangzhou) Co., Ltd.): amount is more than 8x this vendor's average payment; Large round amount: CNY 1000000.0 sits in the top 2.5% of all voucher values and is an exact multiple of 10,000; Isolation Forest anomaly (score 0.841, rank 42 of 30,128); Amount CNY 1,000,000.00 is above the 97.5th percentile of the ledger",,,
70,TXN00025389,risk_priority,Risk score 68.42/100,,,2024-09-18,V00091,1250000,68.42,High,large_round_amount; unusual_vendor,"Unusual vendor (Zhongtai Industrial Co., Ltd.): amount is more than 8x this vendor's average payment; Large round amount: CNY 1250000.0 sits in the top 1.38% of all voucher values and is an exact multiple of 10,000; Isolation Forest anomaly (score 0.717, rank 274 of 30,128); Amount CNY 1,250,000.00 is above the 98.6th percentile of the ledger",,,
71,TXN00003709,risk_priority,Risk score 68.35/100,,,2025-12-10,V00231,1250000,68.35,High,large_round_amount; unusual_vendor,"Unusual vendor (Apex Packaging (Shenzhen) Co., Ltd.): amount is more than 8x this vendor's average payment; Large round amount: CNY 1250000.0 sits in the top 1.38% of all voucher values and is an exact multiple of 10,000; Isolation Forest anomaly (score 0.754, rank 166 of 30,128); Amount CNY 1,250,000.00 is above the 98.6th percentile of the ledger",,,
72,TXN00025636,risk_priority,Risk score 68.31/100,,,2025-04-23,V00002,1250000,68.31,High,large_round_amount; unusual_vendor,"Unusual vendor (Tianhe Consulting Co., Ltd.): amount is more than 8x this vendor's average payment; Large round amount: CNY 1250000.0 sits in the top 1.38% of all voucher values and is an exact multiple of 10,000; Isolation Forest anomaly (score 0.773, rank 121 of 30,128); Amount CNY 1,250,000.00 is above the 98.6th percentile of the ledger",,,
73,TXN00028678,risk_priority,Risk score 68.23/100,,,2024-05-20,V00250,1000000,68.23,High,large_round_amount; unusual_vendor,"Unusual vendor (Zhongtai Trading Co., Ltd.): amount is more than 8x this vendor's average payment; Large round amount: CNY 1000000.0 sits in the top 2.5% of all voucher values and is an exact multiple of 10,000; Isolation Forest anomaly (score 0.847, rank 36 of 30,128); Vendor risk 47/100 for Zhongtai Trading Co., Ltd.; Amount CNY 1,000,000.00 is above the 97.5th percentile of the ledger",,,
74,TXN00014891,risk_priority,Risk score 68.20/100,,,2024-04-01,V00026,1250000,68.2,High,large_round_amount; unusual_vendor,"Unusual vendor (Concord Logistics (Shanghai) Co., Ltd.): amount is more than 8x this vendor's average payment; Large round amount: CNY 1250000.0 sits in the top 1.38% of all voucher values and is an exact multiple of 10,000; Isolation Forest anomaly (score 0.786, rank 102 of 30,128); Amount CNY 1,250,000.00 is above the 98.6th percentile of the ledger",,,
75,TXN00007675,risk_priority,Risk score 68.18/100,,,2024-12-20,V00319,2000000,68.18,High,large_round_amount; unusual_vendor,"Unusual vendor (Sunrise Technology (Beijing) Co., Ltd.): amount is more than 8x this vendor's average payment; Large round amount: CNY 2000000.0 sits in the top 0.5% of all voucher values and is an exact multiple of 10,000; Isolation Forest anomaly (score 0.782, rank 109 of 30,128); Amount CNY 2,000,000.00 is above the 99.5th percentile of the ledger",,,
76,TXN00021567,risk_priority,Risk score 67.96/100,,,2025-11-17,V00240,1250000,67.96,High,large_round_amount; unusual_vendor,"Unusual vendor (Tianhe Industrial (Guangzhou) Co., Ltd.): amount is more than 8x this vendor's average payment; Large round amount: CNY 1250000.0 sits in the top 1.38% of all voucher values and is an exact multiple of 10,000; Isolation Forest anomaly (score 0.735, rank 213 of 30,128); Amount CNY 1,250,000.00 is above the 98.6th percentile of the ledger",,,
77,TXN00026672,risk_priority,Risk score 67.88/100,,,2024-10-08,V00312,1250000,67.88,High,large_round_amount; unusual_vendor,"Unusual vendor (Longhe Trading (Shanghai) Co., Ltd.): amount is more than 8x this vendor's average payment; Large round amount: CNY 1250000.0 sits in the top 1.38% of all voucher values and is an exact multiple of 10,000; Isolation Forest anomaly (score 0.790, rank 92 of 30,128); Amount CNY 1,250,000.00 is above the 98.6th percentile of the ledger",,,
78,TXN00027273,risk_priority,Risk score 67.74/100,,,2024-10-17,V00294,2000000,67.74,High,large_round_amount; unusual_vendor,"Unusual vendor (Northwind Technology Holdings): amount is more than 8x this vendor's average payment; Large round amount: CNY 2000000.0 sits in the top 0.5% of all voucher values and is an exact multiple of 10,000; Isolation Forest anomaly (score 0.876, rank 22 of 30,128); Amount CNY 2,000,000.00 is above the 99.5th percentile of the ledger",,,
79,TXN00028687,risk_priority,Risk score 67.73/100,,,2025-06-23,V00097,1000000,67.73,High,large_round_amount; unusual_vendor,"Unusual vendor (Everest Logistics Co., Ltd.): amount is more than 8x this vendor's average payment; Large round amount: CNY 1000000.0 sits in the top 2.5% of all voucher values and is an exact multiple of 10,000; Isolation Forest anomaly (score 0.788, rank 96 of 30,128); Vendor risk 53/100 for Everest Logistics Co., Ltd.; Amount CNY 1,000,000.00 is above the 97.5th percentile of the ledger",,,
80,TXN00028116,risk_priority,Risk score 67.71/100,,,2024-09-02,V00349,1250000,67.71,High,large_round_amount; unusual_vendor,"Unusual vendor (Delta Systems Group): amount is more than 8x this vendor's average payment; Large round amount: CNY 1250000.0 sits in the top 1.38% of all voucher values and is an exact multiple of 10,000; Isolation Forest anomaly (score 0.712, rank 296 of 30,128); Amount CNY 1,250,000.00 is above the 98.6th percentile of the ledger",,,
81,TXN00000400,risk_priority,Risk score 67.69/100,,,2024-01-15,V00315,1250000,67.69,High,large_round_amount; unusual_vendor,"Unusual vendor (Ruixin Materials Co., Ltd.): amount is more than 8x this vendor's average payment; Large round amount: CNY 1250000.0 sits in the top 1.38% of all voucher values and is an exact multiple of 10,000; Isolation Forest anomaly (score 0.841, rank 43 of 30,128); Amount CNY 1,250,000.00 is above the 98.6th percentile of the ledger",,,
82,TXN00019943,risk_priority,Risk score 67.67/100,,,2024-12-16,V00245,1250000,67.67,High,large_round_amount; unusual_vendor,"Unusual vendor (Vertex Consulting (Shenzhen) Co., Ltd.): amount is more than 8x this vendor's average payment; Large round amount: CNY 1250000.0 sits in the top 1.38% of all voucher values and is an exact multiple of 10,000; Isolation Forest anomaly (score 0.788, rank 97 of 30,128); Amount CNY 1,250,000.00 is above the 98.6th percentile of the ledger",,,
83,TXN90000046,risk_priority,Risk score 67.63/100,,,2025-07-11,V00199,734305.34,67.63,High,duplicate_payment,"Duplicate payment: invoice INV-2025-70114 paid more than once to Silverline Industrial Co., Ltd.; Vendor risk 61/100 for Silverline Industrial Co., Ltd.; Amount CNY 734,305.34 is above the 95.4th percentile of the ledger",,,
84,TXN00000081,risk_priority,Risk score 67.53/100,,,2025-10-14,V00185,1250000,67.53,High,large_round_amount; unusual_vendor,"Unusual vendor (Northwind Facilities Co., Ltd.): amount is more than 8x this vendor's average payment; Large round amount: CNY 1250000.0 sits in the top 1.38% of all voucher values and is an exact multiple of 10,000; Isolation Forest anomaly (score 0.801, rank 79 of 30,128); Amount CNY 1,250,000.00 is above the 98.6th percentile of the ledger",,,
85,TXN00003239,risk_priority,Risk score 67.51/100,,,2025-03-17,V00123,1250000,67.51,High,large_round_amount; unusual_vendor,"Unusual vendor (Fortune Consulting Group): amount is more than 8x this vendor's average payment; Large round amount: CNY 1250000.0 sits in the top 1.38% of all voucher values and is an exact multiple of 10,000; Isolation Forest anomaly (score 0.764, rank 143 of 30,128); Amount CNY 1,250,000.00 is above the 98.6th percentile of the ledger",,,
86,TXN00012644,risk_priority,Risk score 67.48/100,,,2024-03-28,V00086,1250000,67.48,High,large_round_amount; unusual_vendor,"Unusual vendor (Delta Automation (Shanghai) Co., Ltd.): amount is more than 8x this vendor's average payment; Large round amount: CNY 1250000.0 sits in the top 1.38% of all voucher values and is an exact multiple of 10,000; Isolation Forest anomaly (score 0.743, rank 196 of 30,128); Amount CNY 1,250,000.00 is above the 98.6th percentile of the ledger",,,
87,TXN00026568,risk_priority,Risk score 67.28/100,,,2024-11-22,V00169,1250000,67.28,High,large_round_amount; unusual_vendor,"Unusual vendor (Hengtai Media (Guangzhou) Co., Ltd.): amount is more than 8x this vendor's average payment; Large round amount: CNY 1250000.0 sits in the top 1.38% of all voucher values and is an exact multiple of 10,000; Isolation Forest anomaly (score 0.693, rank 354 of 30,128); Amount CNY 1,250,000.00 is above the 98.6th percentile of the ledger",,,
88,TXN00021471,risk_priority,Risk score 67.26/100,,,2024-06-04,V00123,1250000,67.26,High,large_round_amount; unusual_vendor,"Unusual vendor (Fortune Consulting Group): amount is more than 8x this vendor's average payment; Large round amount: CNY 1250000.0 sits in the top 1.38% of all voucher values and is an exact multiple of 10,000; Isolation Forest anomaly (score 0.753, rank 168 of 30,128); Amount CNY 1,250,000.00 is above the 98.6th percentile of the ledger",,,
89,TXN00009194,risk_priority,Risk score 67.21/100,,,2024-01-04,V00322,1250000,67.21,High,large_round_amount; unusual_vendor,"Unusual vendor (Longhe Logistics (Beijing) Co., Ltd.): amount is more than 8x this vendor's average payment; Large round amount: CNY 1250000.0 sits in the top 1.38% of all voucher values and is an exact multiple of 10,000; Isolation Forest anomaly (score 0.744, rank 190 of 30,128); Amount CNY 1,250,000.00 is above the 98.6th percentile of the ledger",,,
90,TXN00024641,risk_priority,Risk score 67.20/100,,,2024-06-17,V00328,1250000,67.2,High,large_round_amount; unusual_vendor,"Unusual vendor (Union Technology Co., Ltd.): amount is more than 8x this vendor's average payment; Large round amount: CNY 1250000.0 sits in the top 1.38% of all voucher values and is an exact multiple of 10,000; Isolation Forest anomaly (score 0.784, rank 104 of 30,128); Amount CNY 1,250,000.00 is above the 98.6th percentile of the ledger",,,
91,TXN00018285,risk_priority,Risk score 67.18/100,,,2025-06-05,V00307,1250000,67.18,High,large_round_amount; unusual_vendor,"Unusual vendor (Fortune Electronics Holdings): amount is more than 8x this vendor's average payment; Large round amount: CNY 1250000.0 sits in the top 1.38% of all voucher values and is an exact multiple of 10,000; Isolation Forest anomaly (score 0.769, rank 134 of 30,128); Amount CNY 1,250,000.00 is above the 98.6th percentile of the ledger",,,
92,TXN00009570,risk_priority,Risk score 67.15/100,,,2025-01-06,V00010,2000000,67.15,High,large_round_amount; unusual_vendor,"Unusual vendor (Xinrun Consulting (Beijing) Co., Ltd.): amount is more than 8x this vendor's average payment; Large round amount: CNY 2000000.0 sits in the top 0.5% of all voucher values and is an exact multiple of 10,000; Isolation Forest anomaly (score 0.835, rank 49 of 30,128); Amount CNY 2,000,000.00 is above the 99.5th percentile of the ledger",,,
93,TXN80004100,risk_priority,Risk score 67.15/100,,,2025-12-15,V00175,49733.57,67.15,High,split_transaction,"Split payment: 3 payments to the same vendor on the same day, each just below the CNY 50,000 approval threshold (combined CNY 147780.32); Isolation Forest anomaly (score 0.841, rank 44 of 30,128); Vendor risk 61/100 for Wanhe Packaging Holdings; Amount sits just below the CNY 50,000 approval threshold",,,
94,TXN00028465,risk_priority,Risk score 67.08/100,,,2025-03-24,V00242,1250000,67.08,High,large_round_amount; unusual_vendor,"Unusual vendor (Nordic Facilities (Guangzhou) Co., Ltd.): amount is more than 8x this vendor's average payment; Large round amount: CNY 1250000.0 sits in the top 1.38% of all voucher values and is an exact multiple of 10,000; Isolation Forest anomaly (score 0.746, rank 185 of 30,128); Amount CNY 1,250,000.00 is above the 98.6th percentile of the ledger",,,
95,TXN00015768,risk_priority,Risk score 67.07/100,,,2024-08-06,V00204,2000000,67.07,High,large_round_amount; unusual_vendor,"Unusual vendor (Mingda Technology Group): amount is more than 8x this vendor's average payment; Large round amount: CNY 2000000.0 sits in the top 0.5% of all voucher values and is an exact multiple of 10,000; Isolation Forest anomaly (score 0.809, rank 67 of 30,128); Amount CNY 2,000,000.00 is above the 99.5th percentile of the ledger",,,
96,TXN00010125,risk_priority,Risk score 67.00/100,,,2025-07-07,V00199,734305.34,67,High,duplicate_payment,"Duplicate payment: invoice INV-2025-70114 paid more than once to Silverline Industrial Co., Ltd.; Vendor risk 61/100 for Silverline Industrial Co., Ltd.; Amount CNY 734,305.34 is above the 95.4th percentile of the ledger",,,
97,TXN00006935,risk_priority,Risk score 66.97/100,,,2024-07-16,V00337,1250000,66.97,High,large_round_amount; unusual_vendor,"Unusual vendor (Kaiyuan Engineering Co., Ltd.): amount is more than 8x this vendor's average payment; Large round amount: CNY 1250000.0 sits in the top 1.38% of all voucher values and is an exact multiple of 10,000; Isolation Forest anomaly (score 0.721, rank 259 of 30,128); Amount CNY 1,250,000.00 is above the 98.6th percentile of the ledger",,,
98,TXN00006478,risk_priority,Risk score 66.96/100,,,2025-12-01,V00008,2000000,66.96,High,large_round_amount; unusual_vendor,"Unusual vendor (Longhe Logistics Holdings): amount is more than 8x this vendor's average payment; Large round amount: CNY 2000000.0 sits in the top 0.5% of all voucher values and is an exact multiple of 10,000; Isolation Forest anomaly (score 0.774, rank 118 of 30,128); Amount CNY 2,000,000.00 is above the 99.5th percentile of the ledger",,,
99,TXN00019631,risk_priority,Risk score 66.92/100,,,2024-12-23,V00049,1250000,66.92,High,large_round_amount; unusual_vendor,"Unusual vendor (Orient Consulting (Shenzhen) Co., Ltd.): amount is more than 8x this vendor's average payment; Large round amount: CNY 1250000.0 sits in the top 1.38% of all voucher values and is an exact multiple of 10,000; Isolation Forest anomaly (score 0.733, rank 224 of 30,128); Amount CNY 1,250,000.00 is above the 98.6th percentile of the ledger",,,
100,TXN00015981,risk_priority,Risk score 66.92/100,,,2025-11-07,V00413,123271.42,66.92,High,duplicate_payment,"Duplicate payment: invoice INV-2025-92744 paid more than once to Pacific Media (Shenzhen) Co., Ltd.; Vendor risk 58/100 for Pacific Media (Shenzhen) Co., Ltd.; Amount CNY 123,271.42 is above the 72.6th percentile of the ledger",,,
101,TXN00008969,risk_priority,Risk score 66.80/100,,,2025-08-12,V00311,1250000,66.8,High,large_round_amount; unusual_vendor,"Unusual vendor (Yongsheng Systems (Shanghai) Co., Ltd.): amount is more than 8x this vendor's average payment; Large round amount: CNY 1250000.0 sits in the top 1.38% of all voucher values and is an exact multiple of 10,000; Isolation Forest anomaly (score 0.777, rank 117 of 30,128); Amount CNY 1,250,000.00 is above the 98.6th percentile of the ledger",,,
102,TXN00011723,risk_priority,Risk score 66.79/100,,,2024-10-14,V00077,1250000,66.79,High,large_round_amount; unusual_vendor,"Unusual vendor (Orient Packaging Group): amount is more than 8x this vendor's average payment; Large round amount: CNY 1250000.0 sits in the top 1.38% of all voucher values and is an exact multiple of 10,000; Isolation Forest anomaly (score 0.781, rank 110 of 30,128); Amount CNY 1,250,000.00 is above the 98.6th percentile of the ledger",,,
103,TXN00029656,risk_priority,Risk score 66.71/100,,,2025-04-05,V00226,1000000,66.71,High,large_round_amount; weekend_posting,"Large round amount: CNY 1000000.0 sits in the top 2.5% of all voucher values and is an exact multiple of 10,000; Posted on Saturday - 2025-04-05 is outside the normal working week; Isolation Forest anomaly (score 0.791, rank 91 of 30,128); Vendor risk 47/100 for Zhongtai Industrial (Beijing) Co., Ltd.; Amount CNY 1,000,000.00 is above the 97.5th percentile of the ledger",,,
104,TXN00009333,risk_priority,Risk score 66.69/100,,,2024-12-02,V00200,1250000,66.69,High,large_round_amount; unusual_vendor,"Unusual vendor (Kaiyuan Technology Co., Ltd.): amount is more than 8x this vendor's average payment; Large round amount: CNY 1250000.0 sits in the top 1.38% of all voucher values and is an exact multiple of 10,000; Isolation Forest anomaly (score 0.709, rank 305 of 30,128); Amount CNY 1,250,000.00 is above the 98.6th percentile of the ledger",,,
105,TXN00018558,risk_priority,Risk score 66.69/100,,,2024-04-22,V00333,1250000,66.69,High,large_round_amount; unusual_vendor,"Unusual vendor (Delta Supply Chain Co., Ltd.): amount is more than 8x this vendor's average payment; Large round amount: CNY 1250000.0 sits in the top 1.38% of all voucher values and is an exact multiple of 10,000; Isolation Forest anomaly (score 0.708, rank 311 of 30,128); Amount CNY 1,250,000.00 is above the 98.6th percentile of the ledger",,,
106,TXN00024176,risk_priority,Risk score 66.56/100,,,2025-09-30,V00135,2000000,66.56,High,large_round_amount; unusual_vendor,"Unusual vendor (Fortune Industrial (Shenzhen) Co., Ltd.): amount is more than 8x this vendor's average payment; Large round amount: CNY 2000000.0 sits in the top 0.5% of all voucher values and is an exact multiple of 10,000; Isolation Forest anomaly (score 0.783, rank 106 of 30,128); Amount CNY 2,000,000.00 is above the 99.5th percentile of the ledger",,,
107,TXN00002448,risk_priority,Risk score 66.56/100,,,2025-06-05,V00202,1250000,66.56,High,large_round_amount; unusual_vendor,"Unusual vendor (Tianhe Materials (Shanghai) Co., Ltd.): amount is more than 8x this vendor's average payment; Large round amount: CNY 1250000.0 sits in the top 1.38% of all voucher values and is an exact multiple of 10,000; Isolation Forest anomaly (score 0.764, rank 142 of 30,128); Amount CNY 1,250,000.00 is above the 98.6th percentile of the ledger",,,
108,TXN00004245,risk_priority,Risk score 66.40/100,,,2024-12-04,V00052,1000000,66.4,High,large_round_amount; unusual_vendor,"Unusual vendor (Apex Systems (Beijing) Co., Ltd.): vendor registered less than 90 days before the payment; Large round amount: CNY 1000000.0 sits in the top 2.5% of all voucher values and is an exact multiple of 10,000; Isolation Forest anomaly (score 0.835, rank 50 of 30,128); Amount CNY 1,000,000.00 is above the 97.5th percentile of the ledger",,,
109,TXN00008716,risk_priority,Risk score 66.35/100,,,2024-12-12,V00125,2000000,66.35,High,large_round_amount; unusual_vendor,"Unusual vendor (Yongsheng Electronics (Shanghai) Co., Ltd.): amount is more than 8x this vendor's average payment; Large round amount: CNY 2000000.0 sits in the top 0.5% of all voucher values and is an exact multiple of 10,000; Isolation Forest anomaly (score 0.833, rank 52 of 30,128); Amount CNY 2,000,000.00 is above the 99.5th percentile of the ledger",,,
110,TXN00003921,risk_priority,Risk score 66.24/100,,,2025-10-12,V00004,604174.85,66.24,High,duplicate_payment; weekend_posting,"Duplicate payment: invoice INV-2025-41646 paid more than once to Hanwei Electronics (Beijing) Co., Ltd.; Posted on Sunday - 2025-10-12 is outside the normal working week; Isolation Forest anomaly (score 0.638, rank 602 of 30,128); Amount CNY 604,174.85 is above the 93.8th percentile of the ledger",,,
111,TXN00022998,risk_priority,Risk score 66.20/100,,,2025-09-04,V00158,1250000,66.2,High,large_round_amount; unusual_vendor,"Unusual vendor (Xinrun Engineering (Shanghai) Co., Ltd.): amount is more than 8x this vendor's average payment; Large round amount: CNY 1250000.0 sits in the top 1.38% of all voucher values and is an exact multiple of 10,000; Isolation Forest anomaly (score 0.698, rank 339 of 30,128); Amount CNY 1,250,000.00 is above the 98.6th percentile of the ledger",,,
112,TXN00027420,risk_priority,Risk score 66.20/100,,,2025-01-07,V00250,1000000,66.2,High,large_round_amount; unusual_vendor,"Unusual vendor (Zhongtai Trading Co., Ltd.): amount is more than 8x this vendor's average payment; Large round amount: CNY 1000000.0 sits in the top 2.5% of all voucher values and is an exact multiple of 10,000; Isolation Forest anomaly (score 0.760, rank 154 of 30,128); Vendor risk 47/100 for Zhongtai Trading Co., Ltd.; Amount CNY 1,000,000.00 is above the 97.5th percentile of the ledger",,,
113,TXN00003149,risk_priority,Risk score 66.17/100,,,2025-03-10,V00337,1250000,66.17,High,large_round_amount; unusual_vendor,"Unusual vendor (Kaiyuan Engineering Co., Ltd.): amount is more than 8x this vendor's average payment; Large round amount: CNY 1250000.0 sits in the top 1.38% of all voucher values and is an exact multiple of 10,000; Isolation Forest anomaly (score 0.689, rank 369 of 30,128); Amount CNY 1,250,000.00 is above the 98.6th percentile of the ledger",,,
114,TXN80004101,risk_priority,Risk score 66.17/100,,,2025-12-15,V00175,49441.69,66.17,High,split_transaction,"Split payment: 3 payments to the same vendor on the same day, each just below the CNY 50,000 approval threshold (combined CNY 147780.32); Isolation Forest anomaly (score 0.802, rank 75 of 30,128); Vendor risk 61/100 for Wanhe Packaging Holdings; Amount sits just below the CNY 50,000 approval threshold",,,
115,TXN00000855,risk_priority,Risk score 66.13/100,,,2024-05-29,V00285,1250000,66.13,High,large_round_amount; unusual_vendor,"Unusual vendor (Hengtai Systems Group): amount is more than 8x this vendor's average payment; Large round amount: CNY 1250000.0 sits in the top 1.38% of all voucher values and is an exact multiple of 10,000; Isolation Forest anomaly (score 0.761, rank 149 of 30,128); Amount CNY 1,250,000.00 is above the 98.6th percentile of the ledger",,,
116,TXN00027499,risk_priority,Risk score 66.13/100,,,2024-12-03,V00058,1250000,66.13,High,large_round_amount; unusual_vendor,"Unusual vendor (Union Electronics Group): amount is more than 8x this vendor's average payment; Large round amount: CNY 1250000.0 sits in the top 1.38% of all voucher values and is an exact multiple of 10,000; Isolation Forest anomaly (score 0.797, rank 83 of 30,128); Amount CNY 1,250,000.00 is above the 98.6th percentile of the ledger",,,
117,TXN80004102,risk_priority,Risk score 66.10/100,,,2025-12-15,V00175,48605.06,66.1,High,split_transaction,"Split payment: 3 payments to the same vendor on the same day, each just below the CNY 50,000 approval threshold (combined CNY 147780.32); Isolation Forest anomaly (score 0.802, rank 77 of 30,128); Vendor risk 61/100 for Wanhe Packaging Holdings; Amount sits just below the CNY 50,000 approval threshold",,,
118,TXN00020762,risk_priority,Risk score 66.09/100,,,2025-08-25,V00335,1250000,66.09,High,large_round_amount; unusual_vendor,"Unusual vendor (Pacific Industrial (Shanghai) Co., Ltd.): amount is more than 8x this vendor's average payment; Large round amount: CNY 1250000.0 sits in the top 1.38% of all voucher values and is an exact multiple of 10,000; Isolation Forest anomaly (score 0.784, rank 105 of 30,128); Amount CNY 1,250,000.00 is above the 98.6th percentile of the ledger",,,
119,TXN00004882,risk_priority,Risk score 66.01/100,,,2024-07-02,V00192,1250000,66.01,High,large_round_amount; unusual_vendor,"Unusual vendor (Zhongtai Facilities (Shanghai) Co., Ltd.): amount is more than 8x this vendor's average payment; Large round amount: CNY 1250000.0 sits in the top 1.38% of all voucher values and is an exact multiple of 10,000; Isolation Forest anomaly (score 0.698, rank 342 of 30,128); Amount CNY 1,250,000.00 is above the 98.6th percentile of the ledger",,,
120,TXN00001068,risk_priority,Risk score 65.97/100,,,2024-12-25,V00056,1000000,65.97,High,large_round_amount; unusual_vendor,"Unusual vendor (Wanhe Systems (Guangzhou) Co., Ltd.): amount is more than 8x this vendor's average payment; Large round amount: CNY 1000000.0 sits in the top 2.5% of all voucher values and is an exact multiple of 10,000; Isolation Forest anomaly (score 0.731, rank 231 of 30,128); Vendor risk 50/100 for Wanhe Systems (Guangzhou) Co., Ltd.; Amount CNY 1,000,000.00 is above the 97.5th percentile of the ledger",,,
121,TXN00008302,risk_priority,Risk score 65.94/100,,,2025-08-14,V00356,1250000,65.94,High,large_round_amount; unusual_vendor,"Unusual vendor (Concord Trading Group): amount is more than 8x this vendor's average payment; Large round amount: CNY 1250000.0 sits in the top 1.38% of all voucher values and is an exact multiple of 10,000; Isolation Forest anomaly (score 0.720, rank 263 of 30,128); Amount CNY 1,250,000.00 is above the 98.6th percentile of the ledger",,,
122,TXN00000660,risk_priority,Risk score 65.92/100,,,2025-10-09,V00362,1250000,65.92,High,large_round_amount; unusual_vendor,"Unusual vendor (Silverline Logistics Group): amount is more than 8x this vendor's average payment; Large round amount: CNY 1250000.0 sits in the top 1.38% of all voucher values and is an exact multiple of 10,000; Isolation Forest anomaly (score 0.774, rank 120 of 30,128); Amount CNY 1,250,000.00 is above the 98.6th percentile of the ledger",,,
123,TXN00008731,risk_priority,Risk score 65.90/100,,,2024-11-18,V00031,1000000,65.9,High,large_round_amount; unusual_vendor,"Unusual vendor (Orient Packaging Holdings): amount is more than 8x this vendor's average payment; Large round amount: CNY 1000000.0 sits in the top 2.5% of all voucher values and is an exact multiple of 10,000; Isolation Forest anomaly (score 0.802, rank 76 of 30,128); Amount CNY 1,000,000.00 is above the 97.5th percentile of the ledger",,,
124,TXN00002097,risk_priority,Risk score 65.70/100,,,2024-11-25,V00282,1250000,65.7,High,large_round_amount; unusual_vendor,"Unusual vendor (Kunlun Services Co., Ltd.): amount is more than 8x this vendor's average payment; Large round amount: CNY 1250000.0 sits in the top 1.38% of all voucher values and is an exact multiple of 10,000; Isolation Forest anomaly (score 0.674, rank 428 of 30,128); Amount CNY 1,250,000.00 is above the 98.6th percentile of the ledger",,,
125,TXN00006204,risk_priority,Risk score 65.63/100,,,2024-05-28,V00078,1250000,65.63,High,large_round_amount; unusual_vendor,"Unusual vendor (Global Engineering (Guangzhou) Co., Ltd.): amount is more than 8x this vendor's average payment; Large round amount: CNY 1250000.0 sits in the top 1.38% of all voucher values and is an exact multiple of 10,000; Isolation Forest anomaly (score 0.782, rank 108 of 30,128); Amount CNY 1,250,000.00 is above the 98.6th percentile of the ledger",,,
126,TXN00001151,risk_priority,Risk score 65.63/100,,,2024-09-05,V00183,1000000,65.63,High,large_round_amount; unusual_vendor,"Unusual vendor (Innovate Technology (Shanghai) Co., Ltd.): amount is more than 8x this vendor's average payment; Large round amount: CNY 1000000.0 sits in the top 2.5% of all voucher values and is an exact multiple of 10,000; Isolation Forest anomaly (score 0.740, rank 204 of 30,128); Vendor risk 47/100 for Innovate Technology (Shanghai) Co., Ltd.; Amount CNY 1,000,000.00 is above the 97.5th percentile of the ledger",,,
127,TXN00013963,risk_priority,Risk score 65.62/100,,,2025-03-12,V00124,1000000,65.62,High,large_round_amount; unusual_vendor,"Unusual vendor (Dynamic Facilities (Shenzhen) Co., Ltd.): amount is more than 8x this vendor's average payment; Large round amount: CNY 1000000.0 sits in the top 2.5% of all voucher values and is an exact multiple of 10,000; Isolation Forest anomaly (score 0.752, rank 173 of 30,128); Amount CNY 1,000,000.00 is above the 97.5th percentile of the ledger",,,
128,TXN00014764,risk_priority,Risk score 65.58/100,,,2024-10-11,V00294,1250000,65.58,High,large_round_amount; unusual_vendor,"Unusual vendor (Northwind Technology Holdings): amount is more than 8x this vendor's average payment; Large round amount: CNY 1250000.0 sits in the top 1.38% of all voucher values and is an exact multiple of 10,000; Isolation Forest anomaly (score 0.772, rank 128 of 30,128); Amount CNY 1,250,000.00 is above the 98.6th percentile of the ledger",,,
129,TXN00011898,risk_priority,Risk score 65.48/100,,,2025-09-09,V00070,1000000,65.48,High,large_round_amount; unusual_vendor,"Unusual vendor (Jinlong Facilities Group): amount is more than 8x this vendor's average payment; Large round amount: CNY 1000000.0 sits in the top 2.5% of all voucher values and is an exact multiple of 10,000; Isolation Forest anomaly (score 0.769, rank 133 of 30,128); Amount CNY 1,000,000.00 is above the 97.5th percentile of the ledger",,,
130,TXN00002742,risk_priority,Risk score 65.35/100,,,2024-06-24,V00166,1250000,65.35,High,large_round_amount; unusual_vendor,"Unusual vendor (Blue Ridge Engineering Co., Ltd.): amount is more than 8x this vendor's average payment; Large round amount: CNY 1250000.0 sits in the top 1.38% of all voucher values and is an exact multiple of 10,000; Isolation Forest anomaly (score 0.709, rank 308 of 30,128); Amount CNY 1,250,000.00 is above the 98.6th percentile of the ledger",,,
131,TXN00021593,risk_priority,Risk score 65.32/100,,,2025-06-27,V00203,1000000,65.32,High,large_round_amount; unusual_vendor,"Unusual vendor (Bright Consulting Co., Ltd.): amount is more than 8x this vendor's average payment; Large round amount: CNY 1000000.0 sits in the top 2.5% of all voucher values and is an exact multiple of 10,000; Isolation Forest anomaly (score 0.707, rank 315 of 30,128); Vendor risk 50/100 for Bright Consulting Co., Ltd.; Amount CNY 1,000,000.00 is above the 97.5th percentile of the ledger",,,
132,TXN00016504,risk_priority,Risk score 65.12/100,,,2025-06-09,V00273,1000000,65.12,High,large_round_amount; unusual_vendor,"Unusual vendor (Global Materials Co., Ltd.): amount is more than 8x this vendor's average payment; Large round amount: CNY 1000000.0 sits in the top 2.5% of all voucher values and is an exact multiple of 10,000; Isolation Forest anomaly (score 0.703, rank 324 of 30,128); Vendor risk 50/100 for Global Materials Co., Ltd.; Amount CNY 1,000,000.00 is above the 97.5th percentile of the ledger",,,
133,TXN00005932,risk_priority,Risk score 65.03/100,,,2024-11-11,V00339,1250000,65.03,High,large_round_amount; unusual_vendor,"Unusual vendor (Concord Packaging (Shenzhen) Co., Ltd.): amount is more than 8x this vendor's average payment; Large round amount: CNY 1250000.0 sits in the top 1.38% of all voucher values and is an exact multiple of 10,000; Isolation Forest anomaly (score 0.759, rank 155 of 30,128); Amount CNY 1,250,000.00 is above the 98.6th percentile of the ledger",,,
134,TXN00012242,risk_priority,Risk score 65.01/100,,,2025-05-26,V00336,1250000,65.01,High,large_round_amount; unusual_vendor,"Unusual vendor (Vertex Consulting Holdings): amount is more than 8x this vendor's average payment; Large round amount: CNY 1250000.0 sits in the top 1.38% of all voucher values and is an exact multiple of 10,000; Isolation Forest anomaly (score 0.701, rank 327 of 30,128); Amount CNY 1,250,000.00 is above the 98.6th percentile of the ledger",,,
135,TXN00000113,risk_priority,Risk score 64.93/100,,,2024-03-12,V00120,1250000,64.93,High,large_round_amount; unusual_vendor,"Unusual vendor (Vertex Supply Chain Group): amount is more than 8x this vendor's average payment; Large round amount: CNY 1250000.0 sits in the top 1.38% of all voucher values and is an exact multiple of 10,000; Isolation Forest anomaly (score 0.746, rank 186 of 30,128); Amount CNY 1,250,000.00 is above the 98.6th percentile of the ledger",,,
136,TXN00004425,risk_priority,Risk score 64.93/100,,,2024-12-05,V00364,1250000,64.93,High,large_round_amount; unusual_vendor,"Unusual vendor (Tianhe Packaging (Shenzhen) Co., Ltd.): amount is more than 8x this vendor's average payment; Large round amount: CNY 1250000.0 sits in the top 1.38% of all voucher values and is an exact multiple of 10,000; Isolation Forest anomaly (score 0.713, rank 287 of 30,128); Amount CNY 1,250,000.00 is above the 98.6th percentile of the ledger",,,
137,TXN00012707,risk_priority,Risk score 64.90/100,,,2025-09-15,V00227,1250000,64.9,High,large_round_amount; unusual_vendor,"Unusual vendor (Concord Systems Group): amount is more than 8x this vendor's average payment; Large round amount: CNY 1250000.0 sits in the top 1.38% of all voucher values and is an exact multiple of 10,000; Isolation Forest anomaly (score 0.741, rank 202 of 30,128); Amount CNY 1,250,000.00 is above the 98.6th percentile of the ledger",,,
138,TXN00010990,risk_priority,Risk score 64.87/100,,,2025-08-04,V00342,1250000,64.87,High,large_round_amount; unusual_vendor,"Unusual vendor (Zhongtai Services Holdings): amount is more than 8x this vendor's average payment; Large round amount: CNY 1250000.0 sits in the top 1.38% of all voucher values and is an exact multiple of 10,000; Isolation Forest anomaly (score 0.684, rank 395 of 30,128); Amount CNY 1,250,000.00 is above the 98.6th percentile of the ledger",,,
139,TXN00016574,risk_priority,Risk score 64.84/100,,,2025-12-03,V00416,98154.33,64.84,High,duplicate_payment,"Duplicate payment: invoice INV-2025-70258 paid more than once to Kunlun Technology (Shanghai) Co., Ltd.; Vendor risk 73/100 for Kunlun Technology (Shanghai) Co., Ltd.",,,
140,TXN00009234,risk_priority,Risk score 64.82/100,,,2024-10-24,V00215,1000000,64.82,High,large_round_amount; unusual_vendor,"Unusual vendor (Dynamic Logistics Holdings): amount is more than 8x this vendor's average payment; Large round amount: CNY 1000000.0 sits in the top 2.5% of all voucher values and is an exact multiple of 10,000; Isolation Forest anomaly (score 0.721, rank 260 of 30,128); Amount CNY 1,000,000.00 is above the 97.5th percentile of the ledger",,,
141,TXN00002811,risk_priority,Risk score 64.80/100,,,2024-08-05,V00013,1250000,64.8,High,large_round_amount; unusual_vendor,"Unusual vendor (Tianhe Services (Guangzhou) Co., Ltd.): amount is more than 8x this vendor's average payment; Large round amount: CNY 1250000.0 sits in the top 1.38% of all voucher values and is an exact multiple of 10,000; Isolation Forest anomaly (score 0.728, rank 237 of 30,128); Amount CNY 1,250,000.00 is above the 98.6th percentile of the ledger",,,
142,TXN00022391,risk_priority,Risk score 64.78/100,,,2024-12-23,V00359,1250000,64.78,High,large_round_amount; unusual_vendor,"Unusual vendor (Hanwei Facilities (Shenzhen) Co., Ltd.): amount is more than 8x this vendor's average payment; Large round amount: CNY 1250000.0 sits in the top 1.38% of all voucher values and is an exact multiple of 10,000; Isolation Forest anomaly (score 0.735, rank 214 of 30,128); Amount CNY 1,250,000.00 is above the 98.6th percentile of the ledger",,,
143,TXN00025385,risk_priority,Risk score 64.76/100,,,2025-09-09,V00335,1250000,64.76,High,large_round_amount; unusual_vendor,"Unusual vendor (Pacific Industrial (Shanghai) Co., Ltd.): amount is more than 8x this vendor's average payment; Large round amount: CNY 1250000.0 sits in the top 1.38% of all voucher values and is an exact multiple of 10,000; Isolation Forest anomaly (score 0.730, rank 233 of 30,128); Amount CNY 1,250,000.00 is above the 98.6th percentile of the ledger",,,
144,TXN00000641,risk_priority,Risk score 64.72/100,,,2024-03-25,V00107,1000000,64.72,High,large_round_amount; unusual_vendor,"Unusual vendor (Delta Engineering Group): amount is more than 8x this vendor's average payment; Large round amount: CNY 1000000.0 sits in the top 2.5% of all voucher values and is an exact multiple of 10,000; Isolation Forest anomaly (score 0.736, rank 210 of 30,128); Amount CNY 1,000,000.00 is above the 97.5th percentile of the ledger",,,
145,TXN00007070,risk_priority,Risk score 64.71/100,,,2024-08-29,V00169,1000000,64.71,High,large_round_amount; unusual_vendor,"Unusual vendor (Hengtai Media (Guangzhou) Co., Ltd.): amount is more than 8x this vendor's average payment; Large round amount: CNY 1000000.0 sits in the top 2.5% of all voucher values and is an exact multiple of 10,000; Isolation Forest anomaly (score 0.746, rank 184 of 30,128); Amount CNY 1,000,000.00 is above the 97.5th percentile of the ledger",,,
146,TXN00023082,risk_priority,Risk score 64.61/100,,,2025-12-29,V00190,1000000,64.61,High,large_round_amount; unusual_vendor,"Unusual vendor (Northwind Media Holdings): amount is more than 8x this vendor's average payment; Large round amount: CNY 1000000.0 sits in the top 2.5% of all voucher values and is an exact multiple of 10,000; Isolation Forest anomaly (score 0.863, rank 29 of 30,128); Amount CNY 1,000,000.00 is above the 97.5th percentile of the ledger",,,
147,TXN00019390,risk_priority,Risk score 64.60/100,,,2025-03-18,V00230,1250000,64.6,High,large_round_amount; unusual_vendor,"Unusual vendor (Orient Automation Holdings): amount is more than 8x this vendor's average payment; Large round amount: CNY 1250000.0 sits in the top 1.38% of all voucher values and is an exact multiple of 10,000; Isolation Forest anomaly (score 0.716, rank 277 of 30,128); Amount CNY 1,250,000.00 is above the 98.6th percentile of the ledger",,,
148,TXN00022286,risk_priority,Risk score 64.56/100,,,2024-11-07,V00306,1250000,64.56,High,large_round_amount; unusual_vendor,"Unusual vendor (Everest Logistics (Guangzhou) Co., Ltd.): amount is more than 8x this vendor's average payment; Large round amount: CNY 1250000.0 sits in the top 1.38% of all voucher values and is an exact multiple of 10,000; Isolation Forest anomaly (score 0.729, rank 235 of 30,128); Amount CNY 1,250,000.00 is above the 98.6th percentile of the ledger",,,
149,TXN00008836,risk_priority,Risk score 64.51/100,,,2025-06-25,V00132,1250000,64.51,High,large_round_amount; unusual_vendor,"Unusual vendor (Hanwei Consulting Co., Ltd.): amount is more than 8x this vendor's average payment; Large round amount: CNY 1250000.0 sits in the top 1.38% of all voucher values and is an exact multiple of 10,000; Isolation Forest anomaly (score 0.685, rank 389 of 30,128); Amount CNY 1,250,000.00 is above the 98.6th percentile of the ledger",,,
150,TXN80001401,risk_priority,Risk score 64.50/100,,,2025-10-20,V00391,49649.59,64.5,High,split_transaction,"Split payment: 3 payments to the same vendor on the same day, each just below the CNY 50,000 approval threshold (combined CNY 142877.07); Isolation Forest anomaly (score 0.852, rank 34 of 30,128); Amount sits just below the CNY 50,000 approval threshold",,,
151,TXN90000013,risk_priority,Risk score 64.49/100,,,2025-08-04,V00350,160000,64.49,High,duplicate_payment,"Duplicate payment: invoice INV-2025-71544 paid more than once to Ruixin Systems (Guangzhou) Co., Ltd.; Amount CNY 160,000.00 is above the 77.1th percentile of the ledger",,,
152,TXN00010247,risk_priority,Risk score 64.33/100,,,2024-10-25,V00214,1250000,64.33,High,large_round_amount; unusual_vendor,"Unusual vendor (Innovate Media (Shenzhen) Co., Ltd.): amount is more than 8x this vendor's average payment; Large round amount: CNY 1250000.0 sits in the top 1.38% of all voucher values and is an exact multiple of 10,000; Isolation Forest anomaly (score 0.680, rank 402 of 30,128); Amount CNY 1,250,000.00 is above the 98.6th percentile of the ledger",,,
153,TXN90000004,risk_priority,Risk score 64.32/100,,,2025-11-14,V00413,123271.42,64.32,High,duplicate_payment,"Duplicate payment: invoice INV-2025-92744 paid more than once to Pacific Media (Shenzhen) Co., Ltd.; Vendor risk 58/100 for Pacific Media (Shenzhen) Co., Ltd.; Amount CNY 123,271.42 is above the 72.6th percentile of the ledger",,,
154,TXN00000391,risk_priority,Risk score 64.30/100,,,2024-03-25,V00172,1000000,64.3,High,large_round_amount; unusual_vendor,"Unusual vendor (Orient Industrial (Shanghai) Co., Ltd.): amount is more than 8x this vendor's average payment; Large round amount: CNY 1000000.0 sits in the top 2.5% of all voucher values and is an exact multiple of 10,000; Isolation Forest anomaly (score 0.864, rank 28 of 30,128); Amount CNY 1,000,000.00 is above the 97.5th percentile of the ledger",,,
155,TXN00021607,risk_priority,Risk score 64.25/100,,,2025-05-08,V00070,1000000,64.25,High,large_round_amount; unusual_vendor,"Unusual vendor (Jinlong Facilities Group): amount is more than 8x this vendor's average payment; Large round amount: CNY 1000000.0 sits in the top 2.5% of all voucher values and is an exact multiple of 10,000; Isolation Forest anomaly (score 0.720, rank 264 of 30,128); Amount CNY 1,000,000.00 is above the 97.5th percentile of the ledger",,,
156,TXN00006056,risk_priority,Risk score 64.24/100,,,2024-05-20,V00079,1000000,64.24,High,large_round_amount; unusual_vendor,"Unusual vendor (Concord Media (Shenzhen) Co., Ltd.): amount is more than 8x this vendor's average payment; Large round amount: CNY 1000000.0 sits in the top 2.5% of all voucher values and is an exact multiple of 10,000; Isolation Forest anomaly (score 0.855, rank 33 of 30,128); Amount CNY 1,000,000.00 is above the 97.5th percentile of the ledger",,,
157,TXN00001485,risk_priority,Risk score 64.20/100,,,2024-10-14,V00363,1000000,64.2,High,large_round_amount; unusual_vendor,"Unusual vendor (Blue Ridge Systems (Beijing) Co., Ltd.): amount is more than 8x this vendor's average payment; Large round amount: CNY 1000000.0 sits in the top 2.5% of all voucher values and is an exact multiple of 10,000; Isolation Forest anomaly (score 0.678, rank 413 of 30,128); Vendor risk 48/100 for Blue Ridge Systems (Beijing) Co., Ltd.; Amount CNY 1,000,000.00 is above the 97.5th percentile of the ledger",,,
158,TXN90000025,risk_priority,Risk score 64.05/100,,,2025-12-11,V00416,98154.33,64.05,High,duplicate_payment,"Duplicate payment: invoice INV-2025-70258 paid more than once to Kunlun Technology (Shanghai) Co., Ltd.; Vendor risk 73/100 for Kunlun Technology (Shanghai) Co., Ltd.",,,
159,TXN00018174,risk_priority,Risk score 64.02/100,,,2024-10-28,V00360,1000000,64.02,High,large_round_amount; unusual_vendor,"Unusual vendor (Sunrise Packaging Holdings): amount is more than 8x this vendor's average payment; Large round amount: CNY 1000000.0 sits in the top 2.5% of all voucher values and is an exact multiple of 10,000; Isolation Forest anomaly (score 0.733, rank 222 of 30,128); Amount CNY 1,000,000.00 is above the 97.5th percentile of the ledger",,,
160,TXN80001402,risk_priority,Risk score 64.02/100,,,2025-10-20,V00391,45071.84,64.02,High,split_transaction,"Split payment: 3 payments to the same vendor on the same day, each just below the CNY 50,000 approval threshold (combined CNY 142877.07); Isolation Forest anomaly (score 0.846, rank 38 of 30,128); Amount sits just below the CNY 50,000 approval threshold",,,
161,TXN80001201,risk_priority,Risk score 63.94/100,,,2024-05-22,V00045,49044.25,63.94,High,split_transaction,"Split payment: 3 payments to the same vendor on the same day, each just below the CNY 50,000 approval threshold (combined CNY 146119.49); Isolation Forest anomaly (score 0.787, rank 98 of 30,128); Vendor risk 48/100 for Yongsheng Materials (Guangzhou) Co., Ltd.; Amount sits just below the CNY 50,000 approval threshold",,,
162,TXN00021269,risk_priority,Risk score 63.91/100,,,2024-07-12,V00362,1000000,63.91,High,large_round_amount; unusual_vendor,"Unusual vendor (Silverline Logistics Group): amount is more than 8x this vendor's average payment; Large round amount: CNY 1000000.0 sits in the top 2.5% of all voucher values and is an exact multiple of 10,000; Isolation Forest anomaly (score 0.774, rank 119 of 30,128); Amount CNY 1,000,000.00 is above the 97.5th percentile of the ledger",,,
163,TXN80001202,risk_priority,Risk score 63.86/100,,,2024-05-22,V00045,48258.24,63.86,High,split_transaction,"Split payment: 3 payments to the same vendor on the same day, each just below the CNY 50,000 approval threshold (combined CNY 146119.49); Isolation Forest anomaly (score 0.786, rank 100 of 30,128); Vendor risk 48/100 for Yongsheng Materials (Guangzhou) Co., Ltd.; Amount sits just below the CNY 50,000 approval threshold",,,
164,TXN00007177,risk_priority,Risk score 63.74/100,,,2024-03-02,V00080,120363.26,63.74,High,duplicate_payment; weekend_posting,"Duplicate payment: invoice INV-2024-92989 paid more than once to Dynamic Industrial (Guangzhou) Co., Ltd.; Posted on Saturday - 2024-03-02 is outside the normal working week; Amount CNY 120,363.26 is above the 72.3th percentile of the ledger",,,
165,TXN80001400,risk_priority,Risk score 63.64/100,,,2025-10-20,V00391,48155.64,63.64,High,split_transaction,"Split payment: 3 payments to the same vendor on the same day, each just below the CNY 50,000 approval threshold (combined CNY 142877.07); Isolation Forest anomaly (score 0.822, rank 58 of 30,128); Amount sits just below the CNY 50,000 approval threshold",,,
166,TXN00008020,risk_priority,Risk score 63.53/100,,,2024-01-23,V00358,1000000,63.53,High,large_round_amount; unusual_vendor,"Unusual vendor (Apex Materials (Guangzhou) Co., Ltd.): amount is more than 8x this vendor's average payment; Large round amount: CNY 1000000.0 sits in the top 2.5% of all voucher values and is an exact multiple of 10,000; Isolation Forest anomaly (score 0.772, rank 125 of 30,128); Amount CNY 1,000,000.00 is above the 97.5th percentile of the ledger",,,
167,TXN00024334,risk_priority,Risk score 63.53/100,,,2024-05-20,V00273,1000000,63.53,High,large_round_amount; unusual_vendor,"Unusual vendor (Global Materials Co., Ltd.): amount is more than 8x this vendor's average payment; Large round amount: CNY 1000000.0 sits in the top 2.5% of all voucher values and is an exact multiple of 10,000; Isolation Forest anomaly (score 0.639, rank 597 of 30,128); Vendor risk 50/100 for Global Materials Co., Ltd.; Amount CNY 1,000,000.00 is above the 97.5th percentile of the ledger",,,
168,TXN00010142,risk_priority,Risk score 63.52/100,,,2025-10-03,V00041,1000000,63.52,High,large_round_amount; weekend_posting,"Large round amount: CNY 1000000.0 sits in the top 2.5% of all voucher values and is an exact multiple of 10,000; Posted on Friday (public holiday) - 2025-10-03 is outside the normal working week; Isolation Forest anomaly (score 0.778, rank 113 of 30,128); Amount CNY 1,000,000.00 is above the 97.5th percentile of the ledger",,,
169,TXN00007328,risk_priority,Risk score 63.43/100,,,2024-12-23,V00182,1250000,63.43,High,large_round_amount; unusual_vendor,"Unusual vendor (Delta Logistics Holdings): amount is more than 8x this vendor's average payment; Large round amount: CNY 1250000.0 sits in the top 1.38% of all voucher values and is an exact multiple of 10,000; Isolation Forest anomaly (score 0.731, rank 230 of 30,128); Amount CNY 1,250,000.00 is above the 98.6th percentile of the ledger",,,
170,TXN00016208,risk_priority,Risk score 63.43/100,,,2024-12-30,V00092,1000000,63.43,High,large_round_amount; unusual_vendor,"Unusual vendor (Northwind Engineering Group): amount is more than 8x this vendor's average payment; Large round amount: CNY 1000000.0 sits in the top 2.5% of all voucher values and is an exact multiple of 10,000; Isolation Forest anomaly (score 0.621, rank 686 of 30,128); Vendor risk 52/100 for Northwind Engineering Group; Amount CNY 1,000,000.00 is above the 97.5th percentile of the ledger",,,
171,TXN00012431,risk_priority,Risk score 63.39/100,,,2024-11-28,V00305,1250000,63.39,High,large_round_amount; unusual_vendor,"Unusual vendor (Jinlong Packaging (Guangzhou) Co., Ltd.): amount is more than 8x this vendor's average payment; Large round amount: CNY 1250000.0 sits in the top 1.38% of all voucher values and is an exact multiple of 10,000; Isolation Forest anomaly (score 0.728, rank 236 of 30,128); Amount CNY 1,250,000.00 is above the 98.6th percentile of the ledger",,,
172,TXN00002934,risk_priority,Risk score 63.28/100,,,2025-08-05,V00077,1000000,63.28,High,large_round_amount; unusual_vendor,"Unusual vendor (Orient Packaging Group): amount is more than 8x this vendor's average payment; Large round amount: CNY 1000000.0 sits in the top 2.5% of all voucher values and is an exact multiple of 10,000; Isolation Forest anomaly (score 0.796, rank 86 of 30,128); Amount CNY 1,000,000.00 is above the 97.5th percentile of the ledger",,,
173,TXN80001200,risk_priority,Risk score 63.28/100,,,2024-05-22,V00045,48817,63.28,High,split_transaction,"Split payment: 3 payments to the same vendor on the same day, each just below the CNY 50,000 approval threshold (combined CNY 146119.49); Isolation Forest anomaly (score 0.761, rank 150 of 30,128); Vendor risk 48/100 for Yongsheng Materials (Guangzhou) Co., Ltd.; Amount sits just below the CNY 50,000 approval threshold",,,
174,TXN80000001,risk_priority,Risk score 63.27/100,,,2024-06-24,V00397,48284.87,63.27,High,split_transaction,"Split payment: 3 payments to the same vendor on the same day, each just below the CNY 50,000 approval threshold (combined CNY 142389.16); Isolation Forest anomaly (score 0.800, rank 81 of 30,128); Amount sits just below the CNY 50,000 approval threshold",,,
175,TXN80000002,risk_priority,Risk score 63.19/100,,,2024-06-24,V00397,47607.81,63.19,High,split_transaction,"Split payment: 3 payments to the same vendor on the same day, each just below the CNY 50,000 approval threshold (combined CNY 142389.16); Isolation Forest anomaly (score 0.799, rank 82 of 30,128); Amount sits just below the CNY 50,000 approval threshold",,,
176,TXN00016793,risk_priority,Risk score 63.18/100,,,2025-01-15,V00019,1000000,63.18,High,large_round_amount; unusual_vendor,"Unusual vendor (Kaiyuan Supply Chain Holdings): amount is more than 8x this vendor's average payment; Large round amount: CNY 1000000.0 sits in the top 2.5% of all voucher values and is an exact multiple of 10,000; Isolation Forest anomaly (score 0.647, rank 559 of 30,128); Vendor risk 46/100 for Kaiyuan Supply Chain Holdings; Amount CNY 1,000,000.00 is above the 97.5th percentile of the ledger",,,
177,TXN00025543,risk_priority,Risk score 63.11/100,,,2024-06-07,V00349,1000000,63.11,High,large_round_amount; unusual_vendor,"Unusual vendor (Delta Systems Group): amount is more than 8x this vendor's average payment; Large round amount: CNY 1000000.0 sits in the top 2.5% of all voucher values and is an exact multiple of 10,000; Isolation Forest anomaly (score 0.678, rank 414 of 30,128); Amount CNY 1,000,000.00 is above the 97.5th percentile of the ledger",,,
178,TXN00021854,risk_priority,Risk score 63.07/100,,,2024-08-02,V00101,787329.37,63.07,High,self_approval,"Self approval: voucher raised and approved by the same employee (E0132) - segregation of duties breach; Isolation Forest anomaly (score 0.667, rank 460 of 30,128); Amount CNY 787,329.37 is above the 95.9th percentile of the ledger",,,
179,TXN00017167,risk_priority,Risk score 62.99/100,,,2024-10-01,V00091,1177661.59,62.99,High,unusual_vendor; weekend_posting,"Unusual vendor (Zhongtai Industrial Co., Ltd.): amount is more than 8x this vendor's average payment; Posted on Tuesday (public holiday) - 2024-10-01 is outside the normal working week; Isolation Forest anomaly (score 0.635, rank 620 of 30,128); Amount CNY 1,177,661.59 is above the 98.3th percentile of the ledger",,,
180,TXN80003400,risk_priority,Risk score 62.98/100,,,2025-02-17,V00021,47413.16,62.98,High,split_transaction,"Split payment: 3 payments to the same vendor on the same day, each just below the CNY 50,000 approval threshold (combined CNY 145123.94); Isolation Forest anomaly (score 0.766, rank 139 of 30,128); Vendor risk 47/100 for Hengtai Engineering Holdings; Amount sits just below the CNY 50,000 approval threshold",,,
181,TXN00008748,risk_priority,Risk score 62.96/100,,,2025-05-26,V00011,1000000,62.96,High,large_round_amount; unusual_vendor,"Unusual vendor (Zhongtai Supply Chain (Shanghai) Co., Ltd.): amount is more than 8x this vendor's average payment; Large round amount: CNY 1000000.0 sits in the top 2.5% of all voucher values and is an exact multiple of 10,000; Isolation Forest anomaly (score 0.744, rank 189 of 30,128); Amount CNY 1,000,000.00 is above the 97.5th percentile of the ledger",,,
182,TXN00004483,risk_priority,Risk score 62.87/100,,,2025-03-18,V00028,1000000,62.87,High,large_round_amount; unusual_vendor,"Unusual vendor (Concord Logistics (Beijing) Co., Ltd.): amount is more than 8x this vendor's average payment; Large round amount: CNY 1000000.0 sits in the top 2.5% of all voucher values and is an exact multiple of 10,000; Isolation Forest anomaly (score 0.742, rank 199 of 30,128); Amount CNY 1,000,000.00 is above the 97.5th percentile of the ledger",,,
183,TXN00017058,risk_priority,Risk score 62.83/100,,,2024-08-26,V00242,1000000,62.83,High,large_round_amount; unusual_vendor,"Unusual vendor (Nordic Facilities (Guangzhou) Co., Ltd.): amount is more than 8x this vendor's average payment; Large round amount: CNY 1000000.0 sits in the top 2.5% of all voucher values and is an exact multiple of 10,000; Isolation Forest anomaly (score 0.726, rank 240 of 30,128); Amount CNY 1,000,000.00 is above the 97.5th percentile of the ledger",,,
184,TXN00020016,risk_priority,Risk score 62.81/100,,,2025-01-22,V00207,875000,62.81,High,large_round_amount; unusual_vendor,"Unusual vendor (Nordic Electronics Co., Ltd.): amount is more than 8x this vendor's average payment; Large round amount: CNY 875000.0 sits in the top 3.37% of all voucher values and is an exact multiple of 1,000; Isolation Forest anomaly (score 0.789, rank 95 of 30,128); Vendor risk 47/100 for Nordic Electronics Co., Ltd.; Amount CNY 875,000.00 is above the 96.6th percentile of the ledger",,,
185,TXN00013863,risk_priority,Risk score 62.79/100,,,2024-06-29,V00289,650610.84,62.79,High,self_approval; weekend_posting,"Self approval: voucher raised and approved by the same employee (E0058) - segregation of duties breach; Posted on Saturday - 2024-06-29 is outside the normal working week; Isolation Forest anomaly (score 0.725, rank 244 of 30,128); Amount CNY 650,610.84 is above the 94.5th percentile of the ledger",,,
186,TXN00009575,risk_priority,Risk score 62.73/100,,,2025-09-01,V00289,1000000,62.73,High,large_round_amount; unusual_vendor,"Unusual vendor (Innovate Automation Group): amount is more than 8x this vendor's average payment; Large round amount: CNY 1000000.0 sits in the top 2.5% of all voucher values and is an exact multiple of 10,000; Isolation Forest anomaly (score 0.770, rank 130 of 30,128); Amount CNY 1,000,000.00 is above the 97.5th percentile of the ledger",,,
187,TXN80000000,risk_priority,Risk score 62.72/100,,,2024-06-24,V00397,46496.48,62.72,High,split_transaction,"Split payment: 3 payments to the same vendor on the same day, each just below the CNY 50,000 approval threshold (combined CNY 142389.16); Isolation Forest anomaly (score 0.783, rank 107 of 30,128); Amount sits just below the CNY 50,000 approval threshold",,,
188,TXN00026248,risk_priority,Risk score 62.70/100,,,2024-12-25,V00259,1000000,62.7,High,large_round_amount; unusual_vendor,"Unusual vendor (Hanwei Industrial (Guangzhou) Co., Ltd.): amount is more than 8x this vendor's average payment; Large round amount: CNY 1000000.0 sits in the top 2.5% of all voucher values and is an exact multiple of 10,000; Isolation Forest anomaly (score 0.684, rank 392 of 30,128); Amount CNY 1,000,000.00 is above the 97.5th percentile of the ledger",,,
189,TXN00006250,risk_priority,Risk score 62.65/100,,,2024-12-02,V00209,1000000,62.65,High,large_round_amount; unusual_vendor,"Unusual vendor (Concord Supply Chain Co., Ltd.): amount is more than 8x this vendor's average payment; Large round amount: CNY 1000000.0 sits in the top 2.5% of all voucher values and is an exact multiple of 10,000; Isolation Forest anomaly (score 0.716, rank 276 of 30,128); Amount CNY 1,000,000.00 is above the 97.5th percentile of the ledger",,,
190,TXN00004178,risk_priority,Risk score 62.44/100,,,2025-01-04,,2000000,62.44,High,large_round_amount; weekend_posting,"Large round amount: CNY 2000000.0 sits in the top 0.5% of all voucher values and is an exact multiple of 10,000; Posted on Saturday - 2025-01-04 is outside the normal working week; Isolation Forest anomaly (score 0.779, rank 111 of 30,128); Amount CNY 2,000,000.00 is above the 99.5th percentile of the ledger",,,
191,TXN00020660,risk_priority,Risk score 62.43/100,,,2025-07-24,V00114,1250000,62.43,High,large_round_amount; unusual_vendor,"Unusual vendor (Union Engineering Holdings): amount is more than 8x this vendor's average payment; Large round amount: CNY 1250000.0 sits in the top 1.38% of all voucher values and is an exact multiple of 10,000; Isolation Forest anomaly (score 0.680, rank 404 of 30,128); Amount CNY 1,250,000.00 is above the 98.6th percentile of the ledger",,,
192,TXN00023470,risk_priority,Risk score 62.41/100,,,2025-10-09,V00243,800000,62.41,High,large_round_amount; unusual_vendor,"Unusual vendor (Innovate Packaging Co., Ltd.): amount is more than 8x this vendor's average payment; Large round amount: CNY 800000.0 sits in the top 3.94% of all voucher values and is an exact multiple of 10,000; Isolation Forest anomaly (score 0.821, rank 59 of 30,128); Amount CNY 800,000.00 is above the 96.1th percentile of the ledger",,,
193,TXN00018234,risk_priority,Risk score 62.37/100,,,2024-01-29,V00220,1000000,62.37,High,large_round_amount; unusual_vendor,"Unusual vendor (Blue Ridge Technology (Shanghai) Co., Ltd.): amount is more than 8x this vendor's average payment; Large round amount: CNY 1000000.0 sits in the top 2.5% of all voucher values and is an exact multiple of 10,000; Isolation Forest anomaly (score 0.752, rank 172 of 30,128); Amount CNY 1,000,000.00 is above the 97.5th percentile of the ledger",,,
194,TXN00002066,risk_priority,Risk score 62.30/100,,,2024-04-29,V00152,1000000,62.3,High,large_round_amount; unusual_vendor,"Unusual vendor (Longhe Trading (Shanghai) Co., Ltd.): amount is more than 8x this vendor's average payment; Large round amount: CNY 1000000.0 sits in the top 2.5% of all voucher values and is an exact multiple of 10,000; Isolation Forest anomaly (score 0.747, rank 183 of 30,128); Amount CNY 1,000,000.00 is above the 97.5th percentile of the ledger",,,
195,TXN00001822,risk_priority,Risk score 62.27/100,,,2025-12-24,V00346,1000000,62.27,High,large_round_amount; unusual_vendor,"Unusual vendor (Fortune Services Group): amount is more than 8x this vendor's average payment; Large round amount: CNY 1000000.0 sits in the top 2.5% of all voucher values and is an exact multiple of 10,000; Isolation Forest anomaly (score 0.734, rank 219 of 30,128); Amount CNY 1,000,000.00 is above the 97.5th percentile of the ledger",,,
196,TXN00019865,risk_priority,Risk score 62.24/100,,,2025-12-04,V00204,1000000,62.24,High,large_round_amount; unusual_vendor,"Unusual vendor (Mingda Technology Group): amount is more than 8x this vendor's average payment; Large round amount: CNY 1000000.0 sits in the top 2.5% of all voucher values and is an exact multiple of 10,000; Isolation Forest anomaly (score 0.743, rank 192 of 30,128); Amount CNY 1,000,000.00 is above the 97.5th percentile of the ledger",,,
197,TXN00007546,risk_priority,Risk score 62.21/100,,,2024-08-02,V00238,669870.91,62.21,High,self_approval; unusual_vendor,"Self approval: voucher raised and approved by the same employee (E0062) - segregation of duties breach; Unusual vendor (Hanwei Industrial (Guangzhou) Co., Ltd.): vendor registered less than 90 days before the payment; Isolation Forest anomaly (score 0.665, rank 470 of 30,128); Amount CNY 669,870.91 is above the 94.8th percentile of the ledger",,,
198,TXN00020124,risk_priority,Risk score 62.16/100,,,2025-06-30,V00317,1000000,62.16,High,large_round_amount; unusual_vendor,"Unusual vendor (Jinlong Packaging Holdings): amount is more than 8x this vendor's average payment; Large round amount: CNY 1000000.0 sits in the top 2.5% of all voucher values and is an exact multiple of 10,000; Isolation Forest anomaly (score 0.698, rank 341 of 30,128); Amount CNY 1,000,000.00 is above the 97.5th percentile of the ledger",,,
199,TXN90000052,risk_priority,Risk score 61.98/100,,,2025-10-20,V00004,604174.85,61.98,High,duplicate_payment,"Duplicate payment: invoice INV-2025-41646 paid more than once to Hanwei Electronics (Beijing) Co., Ltd.; Amount CNY 604,174.85 is above the 93.8th percentile of the ledger",,,
200,TXN00022480,risk_priority,Risk score 61.94/100,,,2024-04-23,V00267,1040000,61.94,High,large_round_amount; unusual_vendor,"Unusual vendor (Delta Services (Guangzhou) Co., Ltd.): amount is more than 8x this vendor's average payment; Large round amount: CNY 1040000.0 sits in the top 2.12% of all voucher values and is an exact multiple of 10,000; Isolation Forest anomaly (score 0.699, rank 333 of 30,128); Amount CNY 1,040,000.00 is above the 97.9th percentile of the ledger",,,
201,TXN00021981,risk_priority,Risk score 61.83/100,,,2024-03-11,V00022,1000000,61.83,High,large_round_amount; unusual_vendor,"Unusual vendor (Mingda Consulting Co., Ltd.): amount is more than 8x this vendor's average payment; Large round amount: CNY 1000000.0 sits in the top 2.5% of all voucher values and is an exact multiple of 10,000; Isolation Forest anomaly (score 0.711, rank 297 of 30,128); Amount CNY 1,000,000.00 is above the 97.5th percentile of the ledger",,,
202,TXN80003402,risk_priority,Risk score 61.82/100,,,2025-02-17,V00021,49325.9,61.82,High,split_transaction,"Split payment: 3 payments to the same vendor on the same day, each just below the CNY 50,000 approval threshold (combined CNY 145123.94); Isolation Forest anomaly (score 0.715, rank 280 of 30,128); Vendor risk 47/100 for Hengtai Engineering Holdings; Amount sits just below the CNY 50,000 approval threshold",,,
203,TXN00018007,risk_priority,Risk score 61.76/100,,,2024-08-12,V00352,1000000,61.76,High,large_round_amount; unusual_vendor,"Unusual vendor (Jinlong Facilities (Guangzhou) Co., Ltd.): amount is more than 8x this vendor's average payment; Large round amount: CNY 1000000.0 sits in the top 2.5% of all voucher values and is an exact multiple of 10,000; Isolation Forest anomaly (score 0.748, rank 182 of 30,128); Amount CNY 1,000,000.00 is above the 97.5th percentile of the ledger",,,
204,TXN00023712,risk_priority,Risk score 61.75/100,,,2025-02-24,V00260,1000000,61.75,High,large_round_amount; unusual_vendor,"Unusual vendor (Everest Trading Co., Ltd.): amount is more than 8x this vendor's average payment; Large round amount: CNY 1000000.0 sits in the top 2.5% of all voucher values and is an exact multiple of 10,000; Isolation Forest anomaly (score 0.719, rank 269 of 30,128); Amount CNY 1,000,000.00 is above the 97.5th percentile of the ledger",,,
205,TXN80003401,risk_priority,Risk score 61.73/100,,,2025-02-17,V00021,48384.88,61.73,High,split_transaction,"Split payment: 3 payments to the same vendor on the same day, each just below the CNY 50,000 approval threshold (combined CNY 145123.94); Isolation Forest anomaly (score 0.714, rank 285 of 30,128); Vendor risk 47/100 for Hengtai Engineering Holdings; Amount sits just below the CNY 50,000 approval threshold",,,
206,TXN00007104,risk_priority,Risk score 61.71/100,,,2024-05-15,V00127,1250000,61.71,High,large_round_amount,"Large round amount: CNY 1250000.0 sits in the top 1.38% of all voucher values and is an exact multiple of 10,000; Isolation Forest anomaly (score 0.805, rank 73 of 30,128); Vendor risk 52/100 for Yongsheng Supply Chain Holdings; Amount CNY 1,250,000.00 is above the 98.6th percentile of the ledger",,,
207,TXN00028176,risk_priority,Risk score 61.71/100,,,2024-05-06,V00257,1000000,61.71,High,large_round_amount; unusual_vendor,"Unusual vendor (Blue Ridge Trading (Guangzhou) Co., Ltd.): amount is more than 8x this vendor's average payment; Large round amount: CNY 1000000.0 sits in the top 2.5% of all voucher values and is an exact multiple of 10,000; Isolation Forest anomaly (score 0.743, rank 194 of 30,128); Amount CNY 1,000,000.00 is above the 97.5th percentile of the ledger",,,
208,TXN90000014,risk_priority,Risk score 61.71/100,,,2025-12-30,V00056,205605.87,61.71,High,duplicate_payment,"Duplicate payment: invoice INV-2025-43855 paid more than once to Wanhe Systems (Guangzhou) Co., Ltd.; Vendor risk 50/100 for Wanhe Systems (Guangzhou) Co., Ltd.; Amount CNY 205,605.87 is above the 80.9th percentile of the ledger",,,
209,TXN00007309,risk_priority,Risk score 61.67/100,,,2024-05-22,V00156,1000000,61.67,High,large_round_amount; unusual_vendor,"Unusual vendor (Cathay Services (Beijing) Co., Ltd.): amount is more than 8x this vendor's average payment; Large round amount: CNY 1000000.0 sits in the top 2.5% of all voucher values and is an exact multiple of 10,000; Isolation Forest anomaly (score 0.624, rank 670 of 30,128); Amount CNY 1,000,000.00 is above the 97.5th percentile of the ledger",,,
210,TXN00017648,risk_priority,Risk score 61.61/100,,,2024-06-24,V00049,237615.97,61.61,High,duplicate_payment,"Duplicate payment: invoice INV-2024-68334 paid more than once to Orient Consulting (Shenzhen) Co., Ltd.; Amount CNY 237,615.97 is above the 83.1th percentile of the ledger",,,
211,TXN80003900,risk_priority,Risk score 61.60/100,,,2024-12-02,V00042,48041.74,61.6,High,split_transaction,"Split payment: 3 payments to the same vendor on the same day, each just below the CNY 50,000 approval threshold (combined CNY 142179.64); Isolation Forest anomaly (score 0.717, rank 273 of 30,128); Vendor risk 46/100 for Northwind Automation (Shanghai) Co., Ltd.; Amount sits just below the CNY 50,000 approval threshold",,,
212,TXN00017935,risk_priority,Risk score 61.55/100,,,2024-06-13,V00351,1000000,61.55,High,large_round_amount; unusual_vendor,"Unusual vendor (Concord Services Co., Ltd.): amount is more than 8x this vendor's average payment; Large round amount: CNY 1000000.0 sits in the top 2.5% of all voucher values and is an exact multiple of 10,000; Isolation Forest anomaly (score 0.772, rank 126 of 30,128); Amount CNY 1,000,000.00 is above the 97.5th percentile of the ledger",,,
213,TXN00017937,risk_priority,Risk score 61.51/100,,,2025-06-16,V00151,1250000,61.51,High,large_round_amount,"Large round amount: CNY 1250000.0 sits in the top 1.38% of all voucher values and is an exact multiple of 10,000; Isolation Forest anomaly (score 0.867, rank 25 of 30,128); Amount CNY 1,250,000.00 is above the 98.6th percentile of the ledger",,,
214,TXN00013624,risk_priority,Risk score 61.33/100,,,2025-08-04,V00132,1000000,61.33,High,large_round_amount; unusual_vendor,"Unusual vendor (Hanwei Consulting Co., Ltd.): amount is more than 8x this vendor's average payment; Large round amount: CNY 1000000.0 sits in the top 2.5% of all voucher values and is an exact multiple of 10,000; Isolation Forest anomaly (score 0.709, rank 310 of 30,128); Amount CNY 1,000,000.00 is above the 97.5th percentile of the ledger",,,
215,TXN80000302,risk_priority,Risk score 61.33/100,,,2024-10-23,V00256,48702.8,61.33,High,split_transaction,"Split payment: 3 payments to the same vendor on the same day, each just below the CNY 50,000 approval threshold (combined CNY 146413.57); Isolation Forest anomaly (score 0.796, rank 87 of 30,128); Amount sits just below the CNY 50,000 approval threshold",,,
216,TXN80000301,risk_priority,Risk score 61.33/100,,,2024-10-23,V00256,48585.44,61.33,High,split_transaction,"Split payment: 3 payments to the same vendor on the same day, each just below the CNY 50,000 approval threshold (combined CNY 146413.57); Isolation Forest anomaly (score 0.796, rank 88 of 30,128); Amount sits just below the CNY 50,000 approval threshold",,,
217,TXN00011117,risk_priority,Risk score 61.26/100,,,2025-10-30,V00280,1000000,61.26,High,large_round_amount; unusual_vendor,"Unusual vendor (Tianhe Supply Chain Holdings): amount is more than 8x this vendor's average payment; Large round amount: CNY 1000000.0 sits in the top 2.5% of all voucher values and is an exact multiple of 10,000; Isolation Forest anomaly (score 0.763, rank 146 of 30,128); Amount CNY 1,000,000.00 is above the 97.5th percentile of the ledger",,,
218,TXN00027922,risk_priority,Risk score 61.22/100,,,2025-09-29,V00269,1000000,61.22,High,large_round_amount; unusual_vendor,"Unusual vendor (Blue Ridge Trading (Shanghai) Co., Ltd.): amount is more than 8x this vendor's average payment; Large round amount: CNY 1000000.0 sits in the top 2.5% of all voucher values and is an exact multiple of 10,000; Isolation Forest anomaly (score 0.731, rank 232 of 30,128); Amount CNY 1,000,000.00 is above the 97.5th percentile of the ledger",,,
219,TXN80001700,risk_priority,Risk score 61.12/100,,,2025-10-23,V00068,49446.42,61.12,High,split_transaction,"Split payment: 2 payments to the same vendor on the same day, each just below the CNY 50,000 approval threshold (combined CNY 95693.51); Isolation Forest anomaly (score 0.857, rank 32 of 30,128); Amount sits just below the CNY 50,000 approval threshold",,,
220,TXN80001302,risk_priority,Risk score 61.08/100,,,2025-05-19,V00244,49037.81,61.08,High,split_transaction,"Split payment: 3 payments to the same vendor on the same day, each just below the CNY 50,000 approval threshold (combined CNY 145777.06); Isolation Forest anomaly (score 0.797, rank 84 of 30,128); Amount sits just below the CNY 50,000 approval threshold",,,
221,TXN00005135,risk_priority,Risk score 61.02/100,,,2025-12-25,V00056,205605.87,61.02,High,duplicate_payment,"Duplicate payment: invoice INV-2025-43855 paid more than once to Wanhe Systems (Guangzhou) Co., Ltd.; Vendor risk 50/100 for Wanhe Systems (Guangzhou) Co., Ltd.; Amount CNY 205,605.87 is above the 80.9th percentile of the ledger",,,
222,TXN00006335,risk_priority,Risk score 61.00/100,,,2025-01-04,,2250000,61,High,large_round_amount; weekend_posting,"Large round amount: CNY 2250000.0 sits in the top 0.22% of all voucher values and is an exact multiple of 10,000; Posted on Saturday - 2025-01-04 is outside the normal working week; Isolation Forest anomaly (score 0.768, rank 136 of 30,128); Amount CNY 2,250,000.00 is above the 99.8th percentile of the ledger",,,
223,TXN00028523,risk_priority,Risk score 60.99/100,,,2024-02-05,V00255,1000000,60.99,High,large_round_amount; unusual_vendor,"Unusual vendor (Zenith Consulting (Shenzhen) Co., Ltd.): amount is more than 8x this vendor's average payment; Large round amount: CNY 1000000.0 sits in the top 2.5% of all voucher values and is an exact multiple of 10,000; Isolation Forest anomaly (score 0.696, rank 345 of 30,128); Amount CNY 1,000,000.00 is above the 97.5th percentile of the ledger",,,
224,TXN00012936,risk_priority,Risk score 60.93/100,,,2024-11-02,,2250000,60.93,High,large_round_amount; weekend_posting,"Large round amount: CNY 2250000.0 sits in the top 0.22% of all voucher values and is an exact multiple of 10,000; Posted on Saturday - 2024-11-02 is outside the normal working week; Isolation Forest anomaly (score 0.766, rank 140 of 30,128); Amount CNY 2,250,000.00 is above the 99.8th percentile of the ledger",,,
225,TXN00003894,risk_priority,Risk score 60.92/100,,,2024-12-20,V00079,1000000,60.92,High,large_round_amount; unusual_vendor,"Unusual vendor (Concord Media (Shenzhen) Co., Ltd.): amount is more than 8x this vendor's average payment; Large round amount: CNY 1000000.0 sits in the top 2.5% of all voucher values and is an exact multiple of 10,000; Isolation Forest anomaly (score 0.723, rank 252 of 30,128); Amount CNY 1,000,000.00 is above the 97.5th percentile of the ledger",,,
226,TXN80001301,risk_priority,Risk score 60.91/100,,,2025-05-19,V00244,47416.54,60.91,High,split_transaction,"Split payment: 3 payments to the same vendor on the same day, each just below the CNY 50,000 approval threshold (combined CNY 145777.06); Isolation Forest anomaly (score 0.795, rank 90 of 30,128); Amount sits just below the CNY 50,000 approval threshold",,,
227,TXN00008469,risk_priority,Risk score 60.89/100,,,2024-02-26,V00076,1000000,60.89,High,large_round_amount; unusual_vendor,"Unusual vendor (Wanhe Materials (Shanghai) Co., Ltd.): amount is more than 8x this vendor's average payment; Large round amount: CNY 1000000.0 sits in the top 2.5% of all voucher values and is an exact multiple of 10,000; Isolation Forest anomaly (score 0.733, rank 225 of 30,128); Amount CNY 1,000,000.00 is above the 97.5th percentile of the ledger",,,
228,TXN00021741,risk_priority,Risk score 60.82/100,,,2025-11-29,,2250000,60.82,High,large_round_amount; weekend_posting,"Large round amount: CNY 2250000.0 sits in the top 0.22% of all voucher values and is an exact multiple of 10,000; Posted on Saturday - 2025-11-29 is outside the normal working week; Isolation Forest anomaly (score 0.761, rank 151 of 30,128); Amount CNY 2,250,000.00 is above the 99.8th percentile of the ledger",,,
229,TXN80002100,risk_priority,Risk score 60.79/100,,,2024-05-09,V00205,49330.17,60.79,High,split_transaction,"Split payment: 3 payments to the same vendor on the same day, each just below the CNY 50,000 approval threshold (combined CNY 143782.69); Isolation Forest anomaly (score 0.712, rank 292 of 30,128); Amount sits just below the CNY 50,000 approval threshold",,,
230,TXN00023930,risk_priority,Risk score 60.78/100,,,2025-04-30,V00265,1000000,60.78,High,large_round_amount; unusual_vendor,"Unusual vendor (Zenith Consulting Holdings): amount is more than 8x this vendor's average payment; Large round amount: CNY 1000000.0 sits in the top 2.5% of all voucher values and is an exact multiple of 10,000; Isolation Forest anomaly (score 0.661, rank 490 of 30,128); Amount CNY 1,000,000.00 is above the 97.5th percentile of the ledger",,,
231,TXN80000300,risk_priority,Risk score 60.77/100,,,2024-10-23,V00256,49125.33,60.77,High,split_transaction,"Split payment: 3 payments to the same vendor on the same day, each just below the CNY 50,000 approval threshold (combined CNY 146413.57); Isolation Forest anomaly (score 0.772, rank 127 of 30,128); Amount sits just below the CNY 50,000 approval threshold",,,
232,TXN00023423,risk_priority,Risk score 60.75/100,,,2024-01-25,V00081,344346.71,60.75,High,duplicate_payment,"Duplicate payment: invoice INV-2024-10594 paid more than once to Ruixin Services (Shenzhen) Co., Ltd.; Amount CNY 344,346.71 is above the 88.1th percentile of the ledger",,,
233,TXN80003901,risk_priority,Risk score 60.75/100,,,2024-12-02,V00042,47417.06,60.75,High,split_transaction,"Split payment: 3 payments to the same vendor on the same day, each just below the CNY 50,000 approval threshold (combined CNY 142179.64); Isolation Forest anomaly (score 0.685, rank 391 of 30,128); Vendor risk 46/100 for Northwind Automation (Shanghai) Co., Ltd.; Amount sits just below the CNY 50,000 approval threshold",,,
234,TXN80003902,risk_priority,Risk score 60.73/100,,,2024-12-02,V00042,46720.84,60.73,High,split_transaction,"Split payment: 3 payments to the same vendor on the same day, each just below the CNY 50,000 approval threshold (combined CNY 142179.64); Isolation Forest anomaly (score 0.686, rank 387 of 30,128); Vendor risk 46/100 for Northwind Automation (Shanghai) Co., Ltd.; Amount sits just below the CNY 50,000 approval threshold",,,
235,TXN00024441,risk_priority,Risk score 60.70/100,,,2025-10-19,,206000,60.7,High,self_approval; weekend_posting,"Self approval: voucher raised and approved by the same employee (E0110) - segregation of duties breach; Posted on Sunday - 2025-10-19 is outside the normal working week; Isolation Forest anomaly (score 0.738, rank 208 of 30,128); Amount CNY 206,000.00 is above the 81.0th percentile of the ledger",,,
236,TXN00003603,risk_priority,Risk score 60.69/100,,,2025-07-30,V00117,1000000,60.69,High,large_round_amount; unusual_vendor,"Unusual vendor (Kunlun Packaging Co., Ltd.): amount is more than 8x this vendor's average payment; Large round amount: CNY 1000000.0 sits in the top 2.5% of all voucher values and is an exact multiple of 10,000; Isolation Forest anomaly (score 0.740, rank 205 of 30,128); Amount CNY 1,000,000.00 is above the 97.5th percentile of the ledger",,,
237,TXN80002101,risk_priority,Risk score 60.67/100,,,2024-05-09,V00205,47738.83,60.67,High,split_transaction,"Split payment: 3 payments to the same vendor on the same day, each just below the CNY 50,000 approval threshold (combined CNY 143782.69); Isolation Forest anomaly (score 0.712, rank 295 of 30,128); Amount sits just below the CNY 50,000 approval threshold",,,
238,TXN00013091,risk_priority,Risk score 60.66/100,,,2025-01-06,V00174,1000000,60.66,High,large_round_amount; unusual_vendor,"Unusual vendor (Cathay Materials Group): amount is more than 8x this vendor's average payment; Large round amount: CNY 1000000.0 sits in the top 2.5% of all voucher values and is an exact multiple of 10,000; Isolation Forest anomaly (score 0.641, rank 585 of 30,128); Amount CNY 1,000,000.00 is above the 97.5th percentile of the ledger",,,
239,TXN80001300,risk_priority,Risk score 60.61/100,,,2025-05-19,V00244,49322.71,60.61,High,split_transaction,"Split payment: 3 payments to the same vendor on the same day, each just below the CNY 50,000 approval threshold (combined CNY 145777.06); Isolation Forest anomaly (score 0.778, rank 115 of 30,128); Amount sits just below the CNY 50,000 approval threshold",,,
240,TXN80002102,risk_priority,Risk score 60.58/100,,,2024-05-09,V00205,46713.69,60.58,High,split_transaction,"Split payment: 3 payments to the same vendor on the same day, each just below the CNY 50,000 approval threshold (combined CNY 143782.69); Isolation Forest anomaly (score 0.711, rank 299 of 30,128); Amount sits just below the CNY 50,000 approval threshold",,,
241,TXN00001322,random_control,Random control from non-targeted frame,0.002007494646680942,498.1333333333333,2025-12-11,,54745.28,2.34,Low,,,,,
242,TXN00001920,random_control,Random control from non-targeted frame,0.002007494646680942,498.1333333333333,2024-04-23,V00207,174528.74,25.58,Low,,"Vendor risk 47/100 for Nordic Electronics Co., Ltd.; Amount CNY 174,528.74 is above the 78.5th percentile of the ledger",,,
243,TXN00002043,random_control,Random control from non-targeted frame,0.002007494646680942,498.1333333333333,2025-07-24,V00036,127700,21.23,Low,,"Amount CNY 127,700.00 is above the 73.2th percentile of the ledger",,,
244,TXN00002584,random_control,Random control from non-targeted frame,0.002007494646680942,498.1333333333333,2025-11-17,V00280,3813.39,12.89,Low,,,,,
245,TXN00002682,random_control,Random control from non-targeted frame,0.002007494646680942,498.1333333333333,2025-09-08,V00345,138540.24,28.36,Low,,"Amount CNY 138,540.24 is above the 74.6th percentile of the ledger",,,
246,TXN00002773,random_control,Random control from non-targeted frame,0.002007494646680942,498.1333333333333,2024-12-06,V00349,4851.64,14.81,Low,,,,,
247,TXN00002834,random_control,Random control from non-targeted frame,0.002007494646680942,498.1333333333333,2024-08-15,,927492.46,19.09,Low,,"Amount CNY 927,492.46 is above the 96.9th percentile of the ledger",,,
248,TXN00003856,random_control,Random control from non-targeted frame,0.002007494646680942,498.1333333333333,2024-06-14,V00124,71769.6,15.56,Low,,,,,
249,TXN00004654,random_control,Random control from non-targeted frame,0.002007494646680942,498.1333333333333,2025-02-10,,20159.08,2.2,Low,,,,,
250,TXN00004979,random_control,Random control from non-targeted frame,0.002007494646680942,498.1333333333333,2024-11-07,,38172.64,1.23,Low,,,,,
251,TXN00005494,random_control,Random control from non-targeted frame,0.002007494646680942,498.1333333333333,2024-02-19,,12434.15,4.16,Low,,,,,
252,TXN00005861,random_control,Random control from non-targeted frame,0.002007494646680942,498.1333333333333,2025-08-06,V00091,3827.8,18.8,Low,,,,,
253,TXN00006059,random_control,Random control from non-targeted frame,0.002007494646680942,498.1333333333333,2025-12-08,V00304,200897.56,21.59,Low,,"Amount CNY 200,897.56 is above the 80.6th percentile of the ledger",,,
254,TXN00006843,random_control,Random control from non-targeted frame,0.002007494646680942,498.1333333333333,2025-02-05,,216214.63,11.6,Low,,"Amount CNY 216,214.63 is above the 81.6th percentile of the ledger",,,
255,TXN00008339,random_control,Random control from non-targeted frame,0.002007494646680942,498.1333333333333,2025-09-25,,1989.91,7.26,Low,,,,,
256,TXN00010683,random_control,Random control from non-targeted frame,0.002007494646680942,498.1333333333333,2025-02-05,V00018,74599.67,17.72,Low,,,,,
257,TXN00010967,random_control,Random control from non-targeted frame,0.002007494646680942,498.1333333333333,2025-06-06,V00226,24140.57,14.2,Low,,"Vendor risk 47/100 for Zhongtai Industrial (Beijing) Co., Ltd.",,,
258,TXN00011165,random_control,Random control from non-targeted frame,0.002007494646680942,498.1333333333333,2025-01-10,,797273.98,21.34,Low,,"Amount CNY 797,273.98 is above the 96.0th percentile of the ledger; Account 2211 digit distribution departs from Benford's Law (a population-level flag, not evidence on this voucher alone)",,,
259,TXN00012117,random_control,Random control from non-targeted frame,0.002007494646680942,498.1333333333333,2024-05-20,V00123,3413.91,14.35,Low,,,,,
260,TXN00013030,random_control,Random control from non-targeted frame,0.002007494646680942,498.1333333333333,2025-09-15,,231863.45,15.89,Low,,"Amount CNY 231,863.45 is above the 82.7th percentile of the ledger; Account 2211 digit distribution departs from Benford's Law (a population-level flag, not evidence on this voucher alone)",,,
261,TXN00013205,random_control,Random control from non-targeted frame,0.002007494646680942,498.1333333333333,2025-11-03,,43423.46,3.5,Low,,,,,
262,TXN00013354,random_control,Random control from non-targeted frame,0.002007494646680942,498.1333333333333,2024-07-22,,7014.7,2.78,Low,,,,,
263,TXN00013429,random_control,Random control from non-targeted frame,0.002007494646680942,498.1333333333333,2025-10-10,V00367,29694.83,11.73,Low,,,,,
264,TXN00013558,random_control,Random control from non-targeted frame,0.002007494646680942,498.1333333333333,2025-08-07,V00142,132217.49,20.6,Low,,"Amount CNY 132,217.49 is above the 73.9th percentile of the ledger",,,
265,TXN00013565,random_control,Random control from non-targeted frame,0.002007494646680942,498.1333333333333,2024-02-19,,95939.86,4.56,Low,,,,,
266,TXN00014065,random_control,Random control from non-targeted frame,0.002007494646680942,498.1333333333333,2025-08-01,V00205,35919.43,13.97,Low,,,,,
267,TXN00014998,random_control,Random control from non-targeted frame,0.002007494646680942,498.1333333333333,2024-05-13,,25484.03,6.9,Low,,,,,
268,TXN00015059,random_control,Random control from non-targeted frame,0.002007494646680942,498.1333333333333,2025-05-14,V00119,53947.44,12.92,Low,,,,,
269,TXN00015443,random_control,Random control from non-targeted frame,0.002007494646680942,498.1333333333333,2024-11-13,V00169,20056.08,15.93,Low,,,,,
270,TXN00015837,random_control,Random control from non-targeted frame,0.002007494646680942,498.1333333333333,2024-01-15,V00173,921178.12,28.96,Low,,"Isolation Forest anomaly (score 0.618, rank 703 of 30,128); Amount CNY 921,178.12 is above the 96.9th percentile of the ledger",,,
271,TXN00016419,random_control,Random control from non-targeted frame,0.002007494646680942,498.1333333333333,2025-03-28,,28121.2,4.29,Low,,,,,
272,TXN00016469,random_control,Random control from non-targeted frame,0.002007494646680942,498.1333333333333,2024-12-19,V00174,22873.64,9.7,Low,,,,,
273,TXN00016698,random_control,Random control from non-targeted frame,0.002007494646680942,498.1333333333333,2024-02-08,,50370.53,2.16,Low,,,,,
274,TXN00019019,random_control,Random control from non-targeted frame,0.002007494646680942,498.1333333333333,2024-11-26,V00010,129673.74,19.42,Low,,"Amount CNY 129,673.74 is above the 73.5th percentile of the ledger",,,
275,TXN00019376,random_control,Random control from non-targeted frame,0.002007494646680942,498.1333333333333,2025-12-10,V00152,23678.66,9.52,Low,,,,,
276,TXN00019684,random_control,Random control from non-targeted frame,0.002007494646680942,498.1333333333333,2025-06-04,,23633.6,5.42,Low,,,,,
277,TXN00020419,random_control,Random control from non-targeted frame,0.002007494646680942,498.1333333333333,2025-09-18,V00108,86939.16,11.46,Low,,,,,
278,TXN00020579,random_control,Random control from non-targeted frame,0.002007494646680942,498.1333333333333,2024-12-30,V00086,105476.1,20.13,Low,,"Amount CNY 105,476.10 is above the 69.8th percentile of the ledger",,,
279,TXN00020975,random_control,Random control from non-targeted frame,0.002007494646680942,498.1333333333333,2024-12-20,V00153,203983.6,23.2,Low,,"Amount CNY 203,983.60 is above the 80.8th percentile of the ledger",,,
280,TXN00021095,random_control,Random control from non-targeted frame,0.002007494646680942,498.1333333333333,2024-11-11,V00128,426790.82,21.67,Low,,"Amount CNY 426,790.82 is above the 90.4th percentile of the ledger",,,
281,TXN00021584,random_control,Random control from non-targeted frame,0.002007494646680942,498.1333333333333,2024-10-08,,175269.83,25.43,Low,suspicious_description,"Suspicious description: narration contains a high-risk keyword; Amount CNY 175,269.83 is above the 78.6th percentile of the ledger",,,
282,TXN00022135,random_control,Random control from non-targeted frame,0.002007494646680942,498.1333333333333,2025-09-26,V00188,83170.72,9.05,Low,,,,,
283,TXN00022399,random_control,Random control from non-targeted frame,0.002007494646680942,498.1333333333333,2025-10-17,,29558.79,1.74,Low,,,,,
284,TXN00022829,random_control,Random control from non-targeted frame,0.002007494646680942,498.1333333333333,2024-08-22,V00333,11503.49,13.97,Low,,,,,
285,TXN00022890,random_control,Random control from non-targeted frame,0.002007494646680942,498.1333333333333,2024-07-10,V00049,5514.17,15.31,Low,,,,,
286,TXN00022898,random_control,Random control from non-targeted frame,0.002007494646680942,498.1333333333333,2025-09-04,V00295,34899.35,10.48,Low,,,,,
287,TXN00023277,random_control,Random control from non-targeted frame,0.002007494646680942,498.1333333333333,2024-11-20,,432313.9,11.09,Low,,"Amount CNY 432,313.90 is above the 90.6th percentile of the ledger",,,
288,TXN00023447,random_control,Random control from non-targeted frame,0.002007494646680942,498.1333333333333,2025-11-03,V00171,330031.86,16.92,Low,,"Amount CNY 330,031.86 is above the 87.5th percentile of the ledger",,,
289,TXN00023524,random_control,Random control from non-targeted frame,0.002007494646680942,498.1333333333333,2024-12-09,,9125.27,2.91,Low,,,,,
290,TXN00023651,random_control,Random control from non-targeted frame,0.002007494646680942,498.1333333333333,2025-10-23,,1881.54,6.33,Low,,,,,
291,TXN00024766,random_control,Random control from non-targeted frame,0.002007494646680942,498.1333333333333,2025-05-29,V00364,76750,14.61,Low,,,,,
292,TXN00024920,random_control,Random control from non-targeted frame,0.002007494646680942,498.1333333333333,2025-04-25,V00152,21942.82,23.93,Low,suspicious_description,Suspicious description: narration contains a high-risk keyword,,,
293,TXN00025268,random_control,Random control from non-targeted frame,0.002007494646680942,498.1333333333333,2025-08-26,V00187,6400,16.3,Low,,,,,
294,TXN00025826,random_control,Random control from non-targeted frame,0.002007494646680942,498.1333333333333,2025-05-20,V00058,38874.06,12.55,Low,,,,,
295,TXN00025843,random_control,Random control from non-targeted frame,0.002007494646680942,498.1333333333333,2025-08-03,,46700,30.21,Medium,weekend_posting,"Posted on Sunday - 2025-08-03 is outside the normal working week; Amount sits just below the CNY 50,000 approval threshold",,,
296,TXN00026732,random_control,Random control from non-targeted frame,0.002007494646680942,498.1333333333333,2025-08-20,V00326,1951.09,17.97,Low,,Vendor risk 46/100 for Tianhe Automation Group,,,
297,TXN00026900,random_control,Random control from non-targeted frame,0.002007494646680942,498.1333333333333,2024-01-15,V00204,4689.33,12.98,Low,,,,,
298,TXN00027889,random_control,Random control from non-targeted frame,0.002007494646680942,498.1333333333333,2025-07-14,V00225,112273.64,16.33,Low,,"Amount CNY 112,273.64 is above the 71.0th percentile of the ledger",,,
299,TXN00029234,random_control,Random control from non-targeted frame,0.002007494646680942,498.1333333333333,2025-02-05,V00165,81767.5,10.61,Low,,,,,
300,TXN00029348,random_control,Random control from non-targeted frame,0.002007494646680942,498.1333333333333,2025-03-20,,150357.26,12.07,Low,,"Amount CNY 150,357.26 is above the 76.1th percentile of the ledger",,,
