transaction_id,rule_key,rule_label,rule_score,risk_reason
TXN00023423,duplicate_payment,Duplicate Payment,1.0,"Duplicate payment: invoice INV-2024-10594 paid more than once to Ruixin Services (Shenzhen) Co., Ltd."
TXN90000040,duplicate_payment,Duplicate Payment,1.0,"Duplicate payment: invoice INV-2024-10594 paid more than once to Ruixin Services (Shenzhen) Co., Ltd."
TXN00007177,duplicate_payment,Duplicate Payment,1.0,"Duplicate payment: invoice INV-2024-92989 paid more than once to Dynamic Industrial (Guangzhou) Co., Ltd."
TXN90000041,duplicate_payment,Duplicate Payment,1.0,"Duplicate payment: invoice INV-2024-92989 paid more than once to Dynamic Industrial (Guangzhou) Co., Ltd."
TXN00013321,duplicate_payment,Duplicate Payment,1.0,"Duplicate payment: invoice INV-2024-72350 paid more than once to Delta Services (Guangzhou) Co., Ltd."
TXN90000035,duplicate_payment,Duplicate Payment,1.0,"Duplicate payment: invoice INV-2024-72350 paid more than once to Delta Services (Guangzhou) Co., Ltd."
TXN00016646,duplicate_payment,Duplicate Payment,1.0,Duplicate payment: invoice INV-2024-98527 paid more than once to Everest Industrial Holdings
TXN00004761,duplicate_payment,Duplicate Payment,1.0,"Duplicate payment: invoice INV-2024-26175 paid more than once to Wanhe Logistics (Shanghai) Co., Ltd."
TXN90000015,duplicate_payment,Duplicate Payment,1.0,Duplicate payment: invoice INV-2024-98527 paid more than once to Everest Industrial Holdings
TXN90000026,duplicate_payment,Duplicate Payment,1.0,"Duplicate payment: invoice INV-2024-26175 paid more than once to Wanhe Logistics (Shanghai) Co., Ltd."
TXN00016682,duplicate_payment,Duplicate Payment,1.0,Duplicate payment: invoice INV-2024-85274 paid more than once to Jinlong Packaging Holdings
TXN00026190,duplicate_payment,Duplicate Payment,1.0,"Duplicate payment: invoice INV-2024-68723 paid more than once to Hanwei Media (Guangzhou) Co., Ltd."
TXN90000022,duplicate_payment,Duplicate Payment,1.0,"Duplicate payment: invoice INV-2024-68723 paid more than once to Hanwei Media (Guangzhou) Co., Ltd."
TXN90000009,duplicate_payment,Duplicate Payment,1.0,Duplicate payment: invoice INV-2024-85274 paid more than once to Jinlong Packaging Holdings
TXN00021439,duplicate_payment,Duplicate Payment,1.0,Duplicate payment: invoice INV-2024-89090 paid more than once to Hanwei Electronics Holdings
TXN90000003,duplicate_payment,Duplicate Payment,1.0,Duplicate payment: invoice INV-2024-89090 paid more than once to Hanwei Electronics Holdings
TXN00011532,duplicate_payment,Duplicate Payment,1.0,"Duplicate payment: invoice INV-2024-29577 paid more than once to Dynamic Systems (Beijing) Co., Ltd."
TXN00019925,duplicate_payment,Duplicate Payment,1.0,"Duplicate payment: invoice INV-2024-60724 paid more than once to Kaiyuan Technology (Guangzhou) Co., Ltd."
TXN90000034,duplicate_payment,Duplicate Payment,1.0,"Duplicate payment: invoice INV-2024-60724 paid more than once to Kaiyuan Technology (Guangzhou) Co., Ltd."
TXN90000047,duplicate_payment,Duplicate Payment,1.0,"Duplicate payment: invoice INV-2024-29577 paid more than once to Dynamic Systems (Beijing) Co., Ltd."
TXN00003281,duplicate_payment,Duplicate Payment,1.0,Duplicate payment: invoice INV-2024-25127 paid more than once to Sunrise Services Holdings
TXN00029598,duplicate_payment,Duplicate Payment,1.0,Duplicate payment: invoice INV-2024-37781 paid more than once to Apex Packaging Holdings
TXN90000018,duplicate_payment,Duplicate Payment,1.0,Duplicate payment: invoice INV-2024-25127 paid more than once to Sunrise Services Holdings
TXN00021740,duplicate_payment,Duplicate Payment,1.0,"Duplicate payment: invoice INV-2024-97644 paid more than once to Kunlun Packaging Co., Ltd."
TXN00023913,duplicate_payment,Duplicate Payment,1.0,Duplicate payment: invoice INV-2024-80254 paid more than once to Cathay Materials Group
TXN90000008,duplicate_payment,Duplicate Payment,1.0,"Duplicate payment: invoice INV-2024-97644 paid more than once to Kunlun Packaging Co., Ltd."
TXN90000042,duplicate_payment,Duplicate Payment,1.0,Duplicate payment: invoice INV-2024-80254 paid more than once to Cathay Materials Group
TXN00017648,duplicate_payment,Duplicate Payment,1.0,"Duplicate payment: invoice INV-2024-68334 paid more than once to Orient Consulting (Shenzhen) Co., Ltd."
TXN90000005,duplicate_payment,Duplicate Payment,1.0,Duplicate payment: invoice INV-2024-37781 paid more than once to Apex Packaging Holdings
TXN90000045,duplicate_payment,Duplicate Payment,1.0,"Duplicate payment: invoice INV-2024-68334 paid more than once to Orient Consulting (Shenzhen) Co., Ltd."
TXN00026617,duplicate_payment,Duplicate Payment,1.0,Duplicate payment: invoice INV-2024-80056 paid more than once to Everest Industrial Holdings
TXN00001859,duplicate_payment,Duplicate Payment,1.0,"Duplicate payment: invoice INV-2024-57834 paid more than once to Tianhe Industrial (Guangzhou) Co., Ltd."
TXN90000001,duplicate_payment,Duplicate Payment,1.0,Duplicate payment: invoice INV-2024-80056 paid more than once to Everest Industrial Holdings
TXN90000039,duplicate_payment,Duplicate Payment,1.0,"Duplicate payment: invoice INV-2024-57834 paid more than once to Tianhe Industrial (Guangzhou) Co., Ltd."
TXN00001300,duplicate_payment,Duplicate Payment,1.0,"Duplicate payment: invoice INV-2024-74366 paid more than once to Zenith Services Co., Ltd."
TXN90000010,duplicate_payment,Duplicate Payment,1.0,"Duplicate payment: invoice INV-2024-74366 paid more than once to Zenith Services Co., Ltd."
TXN00023536,duplicate_payment,Duplicate Payment,1.0,"Duplicate payment: invoice INV-2024-98885 paid more than once to Blue Ridge Automation Co., Ltd."
TXN90000020,duplicate_payment,Duplicate Payment,1.0,"Duplicate payment: invoice INV-2024-98885 paid more than once to Blue Ridge Automation Co., Ltd."
TXN00029842,duplicate_payment,Duplicate Payment,1.0,"Duplicate payment: invoice INV-2024-10256 paid more than once to Delta Supply Chain Co., Ltd."
TXN90000051,duplicate_payment,Duplicate Payment,1.0,"Duplicate payment: invoice INV-2024-10256 paid more than once to Delta Supply Chain Co., Ltd."
TXN00024874,duplicate_payment,Duplicate Payment,1.0,"Duplicate payment: invoice INV-2025-67054 paid more than once to Mingda Automation Co., Ltd."
TXN00008730,duplicate_payment,Duplicate Payment,1.0,"Duplicate payment: invoice INV-2025-38420 paid more than once to Yongsheng Consulting (Guangzhou) Co., Ltd."
TXN90000017,duplicate_payment,Duplicate Payment,1.0,"Duplicate payment: invoice INV-2025-67054 paid more than once to Mingda Automation Co., Ltd."
TXN90000043,duplicate_payment,Duplicate Payment,1.0,"Duplicate payment: invoice INV-2025-38420 paid more than once to Yongsheng Consulting (Guangzhou) Co., Ltd."
TXN00013709,duplicate_payment,Duplicate Payment,1.0,Duplicate payment: invoice INV-2025-75570 paid more than once to Union Engineering Holdings
TXN90000049,duplicate_payment,Duplicate Payment,1.0,Duplicate payment: invoice INV-2025-75570 paid more than once to Union Engineering Holdings
TXN00003311,duplicate_payment,Duplicate Payment,1.0,"Duplicate payment: invoice INV-2025-23794 paid more than once to Innovate Media (Shenzhen) Co., Ltd."
TXN90000024,duplicate_payment,Duplicate Payment,1.0,"Duplicate payment: invoice INV-2025-23794 paid more than once to Innovate Media (Shenzhen) Co., Ltd."
TXN00028855,duplicate_payment,Duplicate Payment,1.0,"Duplicate payment: invoice INV-2025-15098 paid more than once to Orient Engineering (Shanghai) Co., Ltd."
TXN90000030,duplicate_payment,Duplicate Payment,1.0,"Duplicate payment: invoice INV-2025-15098 paid more than once to Orient Engineering (Shanghai) Co., Ltd."
TXN00028406,duplicate_payment,Duplicate Payment,1.0,Duplicate payment: invoice INV-2025-59896 paid more than once to Kaiyuan Trading Holdings
TXN90000044,duplicate_payment,Duplicate Payment,1.0,Duplicate payment: invoice INV-2025-59896 paid more than once to Kaiyuan Trading Holdings
TXN00005065,duplicate_payment,Duplicate Payment,1.0,Duplicate payment: invoice INV-2025-14773 paid more than once to Mingda Technology Group
TXN90000037,duplicate_payment,Duplicate Payment,1.0,Duplicate payment: invoice INV-2025-14773 paid more than once to Mingda Technology Group
TXN00008408,duplicate_payment,Duplicate Payment,1.0,Duplicate payment: invoice INV-2025-83616 paid more than once to Hanwei Electronics Holdings
TXN90000002,duplicate_payment,Duplicate Payment,1.0,Duplicate payment: invoice INV-2025-83616 paid more than once to Hanwei Electronics Holdings
TXN00023562,duplicate_payment,Duplicate Payment,1.0,Duplicate payment: invoice INV-2025-30232 paid more than once to Qianhai Industrial Group
TXN90000033,duplicate_payment,Duplicate Payment,1.0,Duplicate payment: invoice INV-2025-30232 paid more than once to Qianhai Industrial Group
TXN00022074,duplicate_payment,Duplicate Payment,1.0,"Duplicate payment: invoice INV-2025-19411 paid more than once to Mingda Automation Co., Ltd."
TXN00010491,duplicate_payment,Duplicate Payment,1.0,"Duplicate payment: invoice INV-2025-57076 paid more than once to Xinrun Consulting (Shenzhen) Co., Ltd."
TXN90000007,duplicate_payment,Duplicate Payment,1.0,"Duplicate payment: invoice INV-2025-57076 paid more than once to Xinrun Consulting (Shenzhen) Co., Ltd."
TXN90000023,duplicate_payment,Duplicate Payment,1.0,"Duplicate payment: invoice INV-2025-19411 paid more than once to Mingda Automation Co., Ltd."
TXN00001626,duplicate_payment,Duplicate Payment,1.0,Duplicate payment: invoice INV-2025-63005 paid more than once to Northwind Engineering Group
TXN90000053,duplicate_payment,Duplicate Payment,1.0,Duplicate payment: invoice INV-2025-63005 paid more than once to Northwind Engineering Group
TXN00019559,duplicate_payment,Duplicate Payment,1.0,"Duplicate payment: invoice INV-2025-42167 paid more than once to Zhongtai Facilities (Guangzhou) Co., Ltd."
TXN90000016,duplicate_payment,Duplicate Payment,1.0,"Duplicate payment: invoice INV-2025-42167 paid more than once to Zhongtai Facilities (Guangzhou) Co., Ltd."
TXN00015368,duplicate_payment,Duplicate Payment,1.0,Duplicate payment: invoice INV-2025-79449 paid more than once to Xinrun Supply Chain Holdings
TXN90000021,duplicate_payment,Duplicate Payment,1.0,Duplicate payment: invoice INV-2025-79449 paid more than once to Xinrun Supply Chain Holdings
TXN00004382,duplicate_payment,Duplicate Payment,1.0,Duplicate payment: invoice INV-2025-69010 paid more than once to Dynamic Logistics Holdings
TXN00010125,duplicate_payment,Duplicate Payment,1.0,"Duplicate payment: invoice INV-2025-70114 paid more than once to Silverline Industrial Co., Ltd."
TXN90000032,duplicate_payment,Duplicate Payment,1.0,Duplicate payment: invoice INV-2025-69010 paid more than once to Dynamic Logistics Holdings
TXN90000046,duplicate_payment,Duplicate Payment,1.0,"Duplicate payment: invoice INV-2025-70114 paid more than once to Silverline Industrial Co., Ltd."
TXN00003262,duplicate_payment,Duplicate Payment,1.0,"Duplicate payment: invoice INV-2025-19601 paid more than once to Delta Consulting (Guangzhou) Co., Ltd."
TXN90000027,duplicate_payment,Duplicate Payment,1.0,"Duplicate payment: invoice INV-2025-19601 paid more than once to Delta Consulting (Guangzhou) Co., Ltd."
TXN00024102,duplicate_payment,Duplicate Payment,1.0,"Duplicate payment: invoice INV-2025-71544 paid more than once to Ruixin Systems (Guangzhou) Co., Ltd."
TXN90000013,duplicate_payment,Duplicate Payment,1.0,"Duplicate payment: invoice INV-2025-71544 paid more than once to Ruixin Systems (Guangzhou) Co., Ltd."
TXN00004561,duplicate_payment,Duplicate Payment,1.0,"Duplicate payment: invoice INV-2025-77875 paid more than once to Xinrun Engineering (Shanghai) Co., Ltd."
TXN00025208,duplicate_payment,Duplicate Payment,1.0,"Duplicate payment: invoice INV-2025-21681 paid more than once to Vertex Consulting (Shenzhen) Co., Ltd."
TXN90000028,duplicate_payment,Duplicate Payment,1.0,"Duplicate payment: invoice INV-2025-21681 paid more than once to Vertex Consulting (Shenzhen) Co., Ltd."
TXN90000019,duplicate_payment,Duplicate Payment,1.0,"Duplicate payment: invoice INV-2025-77875 paid more than once to Xinrun Engineering (Shanghai) Co., Ltd."
TXN00015195,duplicate_payment,Duplicate Payment,1.0,"Duplicate payment: invoice INV-2025-74556 paid more than once to Hanwei Industrial (Guangzhou) Co., Ltd."
TXN90000031,duplicate_payment,Duplicate Payment,1.0,"Duplicate payment: invoice INV-2025-74556 paid more than once to Hanwei Industrial (Guangzhou) Co., Ltd."
TXN00020279,duplicate_payment,Duplicate Payment,1.0,Duplicate payment: invoice INV-2025-15649 paid more than once to Kaiyuan Supply Chain Holdings
TXN90000036,duplicate_payment,Duplicate Payment,1.0,Duplicate payment: invoice INV-2025-15649 paid more than once to Kaiyuan Supply Chain Holdings
TXN00027484,duplicate_payment,Duplicate Payment,1.0,"Duplicate payment: invoice INV-2025-73231 paid more than once to Zhongtai Engineering Co., Ltd."
TXN00003921,duplicate_payment,Duplicate Payment,1.0,"Duplicate payment: invoice INV-2025-41646 paid more than once to Hanwei Electronics (Beijing) Co., Ltd."
TXN90000000,duplicate_payment,Duplicate Payment,1.0,"Duplicate payment: invoice INV-2025-73231 paid more than once to Zhongtai Engineering Co., Ltd."
TXN90000052,duplicate_payment,Duplicate Payment,1.0,"Duplicate payment: invoice INV-2025-41646 paid more than once to Hanwei Electronics (Beijing) Co., Ltd."
TXN00017170,duplicate_payment,Duplicate Payment,1.0,"Duplicate payment: invoice INV-2025-27797 paid more than once to Bright Packaging (Shenzhen) Co., Ltd."
TXN90000038,duplicate_payment,Duplicate Payment,1.0,"Duplicate payment: invoice INV-2025-27797 paid more than once to Bright Packaging (Shenzhen) Co., Ltd."
TXN00023409,duplicate_payment,Duplicate Payment,1.0,"Duplicate payment: invoice INV-2025-81139 paid more than once to Concord Logistics (Shanghai) Co., Ltd."
TXN00015981,duplicate_payment,Duplicate Payment,1.0,"Duplicate payment: invoice INV-2025-92744 paid more than once to Pacific Media (Shenzhen) Co., Ltd."
TXN90000050,duplicate_payment,Duplicate Payment,1.0,"Duplicate payment: invoice INV-2025-81139 paid more than once to Concord Logistics (Shanghai) Co., Ltd."
TXN00018396,duplicate_payment,Duplicate Payment,1.0,"Duplicate payment: invoice INV-2025-88158 paid more than once to Hengtai Industrial (Shenzhen) Co., Ltd."
TXN90000004,duplicate_payment,Duplicate Payment,1.0,"Duplicate payment: invoice INV-2025-92744 paid more than once to Pacific Media (Shenzhen) Co., Ltd."
TXN90000011,duplicate_payment,Duplicate Payment,1.0,"Duplicate payment: invoice INV-2025-88158 paid more than once to Hengtai Industrial (Shenzhen) Co., Ltd."
TXN00002268,duplicate_payment,Duplicate Payment,1.0,"Duplicate payment: invoice INV-2025-83308 paid more than once to Hengtai Systems Co., Ltd."
TXN90000029,duplicate_payment,Duplicate Payment,1.0,"Duplicate payment: invoice INV-2025-83308 paid more than once to Hengtai Systems Co., Ltd."
TXN00016574,duplicate_payment,Duplicate Payment,1.0,"Duplicate payment: invoice INV-2025-70258 paid more than once to Kunlun Technology (Shanghai) Co., Ltd."
TXN90000025,duplicate_payment,Duplicate Payment,1.0,"Duplicate payment: invoice INV-2025-70258 paid more than once to Kunlun Technology (Shanghai) Co., Ltd."
TXN00011172,duplicate_payment,Duplicate Payment,1.0,"Duplicate payment: invoice INV-2025-59613 paid more than once to Silverline Electronics (Shanghai) Co., Ltd."
TXN00006594,duplicate_payment,Duplicate Payment,1.0,"Duplicate payment: invoice INV-2025-20248 paid more than once to Ruixin Materials Co., Ltd."
TXN00005135,duplicate_payment,Duplicate Payment,1.0,"Duplicate payment: invoice INV-2025-43855 paid more than once to Wanhe Systems (Guangzhou) Co., Ltd."
TXN00029886,duplicate_payment,Duplicate Payment,1.0,Duplicate payment: invoice INV-2025-30493 paid more than once to Silverline Trading Holdings
TXN90000048,duplicate_payment,Duplicate Payment,1.0,"Duplicate payment: invoice INV-2025-59613 paid more than once to Silverline Electronics (Shanghai) Co., Ltd."
TXN90000006,duplicate_payment,Duplicate Payment,1.0,"Duplicate payment: invoice INV-2025-20248 paid more than once to Ruixin Materials Co., Ltd."
TXN90000014,duplicate_payment,Duplicate Payment,1.0,"Duplicate payment: invoice INV-2025-43855 paid more than once to Wanhe Systems (Guangzhou) Co., Ltd."
TXN90000012,duplicate_payment,Duplicate Payment,1.0,Duplicate payment: invoice INV-2025-30493 paid more than once to Silverline Trading Holdings
TXN00024219,split_transaction,Split Transaction,0.9,"Split payment: 2 payments to the same vendor on the same day, each just below the CNY 50,000 approval threshold (combined CNY 101390.35)"
TXN00001539,split_transaction,Split Transaction,0.9,"Split payment: 2 payments to the same vendor on the same day, each just below the CNY 50,000 approval threshold (combined CNY 200855.7)"
TXN80003601,split_transaction,Split Transaction,1.0,"Split payment: 3 payments to the same vendor on the same day, each just below the CNY 50,000 approval threshold (combined CNY 140973.06)"
TXN80003600,split_transaction,Split Transaction,1.0,"Split payment: 3 payments to the same vendor on the same day, each just below the CNY 50,000 approval threshold (combined CNY 140973.06)"
TXN80003602,split_transaction,Split Transaction,1.0,"Split payment: 3 payments to the same vendor on the same day, each just below the CNY 50,000 approval threshold (combined CNY 140973.06)"
TXN80003701,split_transaction,Split Transaction,0.9,"Split payment: 2 payments to the same vendor on the same day, each just below the CNY 50,000 approval threshold (combined CNY 98925.9)"
TXN80003700,split_transaction,Split Transaction,0.9,"Split payment: 2 payments to the same vendor on the same day, each just below the CNY 50,000 approval threshold (combined CNY 98925.9)"
TXN00014030,split_transaction,Split Transaction,1.0,"Split payment: 3 payments to the same vendor on the same day, each just below the CNY 50,000 approval threshold (combined CNY 50939.04)"
TXN00026401,split_transaction,Split Transaction,0.9,"Split payment: 2 payments to the same vendor on the same day, each just below the CNY 50,000 approval threshold (combined CNY 594804.76)"
TXN80000101,split_transaction,Split Transaction,0.9,"Split payment: 2 payments to the same vendor on the same day, each just below the CNY 50,000 approval threshold (combined CNY 96287.77)"
TXN80000100,split_transaction,Split Transaction,0.9,"Split payment: 2 payments to the same vendor on the same day, each just below the CNY 50,000 approval threshold (combined CNY 96287.77)"
TXN00015738,split_transaction,Split Transaction,0.9,"Split payment: 2 payments to the same vendor on the same day, each just below the CNY 50,000 approval threshold (combined CNY 375655.73)"
TXN00005736,split_transaction,Split Transaction,0.9,"Split payment: 2 payments to the same vendor on the same day, each just below the CNY 50,000 approval threshold (combined CNY 284813.78)"
TXN00015418,split_transaction,Split Transaction,0.9,"Split payment: 2 payments to the same vendor on the same day, each just below the CNY 50,000 approval threshold (combined CNY 160041.93)"
TXN00005924,split_transaction,Split Transaction,1.0,"Split payment: 3 payments to the same vendor on the same day, each just below the CNY 50,000 approval threshold (combined CNY 232485.58)"
TXN00017330,split_transaction,Split Transaction,0.9,"Split payment: 2 payments to the same vendor on the same day, each just below the CNY 50,000 approval threshold (combined CNY 67457.02)"
TXN80000401,split_transaction,Split Transaction,0.9,"Split payment: 2 payments to the same vendor on the same day, each just below the CNY 50,000 approval threshold (combined CNY 95853.83)"
TXN80000400,split_transaction,Split Transaction,0.9,"Split payment: 2 payments to the same vendor on the same day, each just below the CNY 50,000 approval threshold (combined CNY 95853.83)"
TXN00025157,split_transaction,Split Transaction,0.9,"Split payment: 2 payments to the same vendor on the same day, each just below the CNY 50,000 approval threshold (combined CNY 133648.84)"
TXN00010647,split_transaction,Split Transaction,0.9,"Split payment: 2 payments to the same vendor on the same day, each just below the CNY 50,000 approval threshold (combined CNY 75079.48)"
TXN00022214,split_transaction,Split Transaction,1.0,"Split payment: 3 payments to the same vendor on the same day, each just below the CNY 50,000 approval threshold (combined CNY 396750.18)"
TXN80002100,split_transaction,Split Transaction,1.0,"Split payment: 3 payments to the same vendor on the same day, each just below the CNY 50,000 approval threshold (combined CNY 143782.69)"
TXN80002101,split_transaction,Split Transaction,1.0,"Split payment: 3 payments to the same vendor on the same day, each just below the CNY 50,000 approval threshold (combined CNY 143782.69)"
TXN80002102,split_transaction,Split Transaction,1.0,"Split payment: 3 payments to the same vendor on the same day, each just below the CNY 50,000 approval threshold (combined CNY 143782.69)"
TXN80003300,split_transaction,Split Transaction,0.9,"Split payment: 2 payments to the same vendor on the same day, each just below the CNY 50,000 approval threshold (combined CNY 93170.15)"
TXN80003301,split_transaction,Split Transaction,0.9,"Split payment: 2 payments to the same vendor on the same day, each just below the CNY 50,000 approval threshold (combined CNY 93170.15)"
TXN00029002,split_transaction,Split Transaction,0.9,"Split payment: 2 payments to the same vendor on the same day, each just below the CNY 50,000 approval threshold (combined CNY 169487.1)"
TXN80003101,split_transaction,Split Transaction,0.9,"Split payment: 2 payments to the same vendor on the same day, each just below the CNY 50,000 approval threshold (combined CNY 92253.51)"
TXN00021046,split_transaction,Split Transaction,0.9,"Split payment: 2 payments to the same vendor on the same day, each just below the CNY 50,000 approval threshold (combined CNY 218467.67)"
TXN80003100,split_transaction,Split Transaction,0.9,"Split payment: 2 payments to the same vendor on the same day, each just below the CNY 50,000 approval threshold (combined CNY 92253.51)"
TXN80000900,split_transaction,Split Transaction,0.9,"Split payment: 2 payments to the same vendor on the same day, each just below the CNY 50,000 approval threshold (combined CNY 94459.35)"
TXN80000901,split_transaction,Split Transaction,0.9,"Split payment: 2 payments to the same vendor on the same day, each just below the CNY 50,000 approval threshold (combined CNY 94459.35)"
TXN00011120,split_transaction,Split Transaction,0.65,"Split payment: 2 payments to the same vendor on the same day, each just below the CNY 50,000 approval threshold (combined CNY 49809.82)"
TXN80001200,split_transaction,Split Transaction,1.0,"Split payment: 3 payments to the same vendor on the same day, each just below the CNY 50,000 approval threshold (combined CNY 146119.49)"
TXN80001201,split_transaction,Split Transaction,1.0,"Split payment: 3 payments to the same vendor on the same day, each just below the CNY 50,000 approval threshold (combined CNY 146119.49)"
TXN80001202,split_transaction,Split Transaction,1.0,"Split payment: 3 payments to the same vendor on the same day, each just below the CNY 50,000 approval threshold (combined CNY 146119.49)"
TXN00029095,split_transaction,Split Transaction,0.65,"Split payment: 2 payments to the same vendor on the same day, each just below the CNY 50,000 approval threshold (combined CNY 49080.38)"
TXN00012020,split_transaction,Split Transaction,0.9,"Split payment: 2 payments to the same vendor on the same day, each just below the CNY 50,000 approval threshold (combined CNY 1048349.78)"
TXN00018463,split_transaction,Split Transaction,0.9,"Split payment: 2 payments to the same vendor on the same day, each just below the CNY 50,000 approval threshold (combined CNY 125693.69)"
TXN80000001,split_transaction,Split Transaction,1.0,"Split payment: 3 payments to the same vendor on the same day, each just below the CNY 50,000 approval threshold (combined CNY 142389.16)"
TXN80000000,split_transaction,Split Transaction,1.0,"Split payment: 3 payments to the same vendor on the same day, each just below the CNY 50,000 approval threshold (combined CNY 142389.16)"
TXN80000002,split_transaction,Split Transaction,1.0,"Split payment: 3 payments to the same vendor on the same day, each just below the CNY 50,000 approval threshold (combined CNY 142389.16)"
TXN00013290,split_transaction,Split Transaction,0.9,"Split payment: 2 payments to the same vendor on the same day, each just below the CNY 50,000 approval threshold (combined CNY 52432.93)"
TXN00028522,split_transaction,Split Transaction,0.65,"Split payment: 2 payments to the same vendor on the same day, each just below the CNY 50,000 approval threshold (combined CNY 48751.89)"
TXN00028900,split_transaction,Split Transaction,0.9,"Split payment: 2 payments to the same vendor on the same day, each just below the CNY 50,000 approval threshold (combined CNY 62947.14)"
TXN80002000,split_transaction,Split Transaction,1.0,"Split payment: 3 payments to the same vendor on the same day, each just below the CNY 50,000 approval threshold (combined CNY 139839.04)"
TXN80002002,split_transaction,Split Transaction,1.0,"Split payment: 3 payments to the same vendor on the same day, each just below the CNY 50,000 approval threshold (combined CNY 139839.04)"
TXN80002001,split_transaction,Split Transaction,1.0,"Split payment: 3 payments to the same vendor on the same day, each just below the CNY 50,000 approval threshold (combined CNY 139839.04)"
TXN00017415,split_transaction,Split Transaction,0.9,"Split payment: 2 payments to the same vendor on the same day, each just below the CNY 50,000 approval threshold (combined CNY 59067.04)"
TXN00023153,split_transaction,Split Transaction,0.9,"Split payment: 2 payments to the same vendor on the same day, each just below the CNY 50,000 approval threshold (combined CNY 51737.98)"
TXN00009125,split_transaction,Split Transaction,1.0,"Split payment: 3 payments to the same vendor on the same day, each just below the CNY 50,000 approval threshold (combined CNY 64033.93)"
TXN80002800,split_transaction,Split Transaction,1.0,"Split payment: 3 payments to the same vendor on the same day, each just below the CNY 50,000 approval threshold (combined CNY 144804.79)"
TXN80002802,split_transaction,Split Transaction,1.0,"Split payment: 3 payments to the same vendor on the same day, each just below the CNY 50,000 approval threshold (combined CNY 144804.79)"
TXN80002801,split_transaction,Split Transaction,1.0,"Split payment: 3 payments to the same vendor on the same day, each just below the CNY 50,000 approval threshold (combined CNY 144804.79)"
TXN80003502,split_transaction,Split Transaction,1.0,"Split payment: 3 payments to the same vendor on the same day, each just below the CNY 50,000 approval threshold (combined CNY 141830.73)"
TXN80003501,split_transaction,Split Transaction,1.0,"Split payment: 3 payments to the same vendor on the same day, each just below the CNY 50,000 approval threshold (combined CNY 141830.73)"
TXN00016246,split_transaction,Split Transaction,1.0,"Split payment: 3 payments to the same vendor on the same day, each just below the CNY 50,000 approval threshold (combined CNY 331738.45)"
TXN80003500,split_transaction,Split Transaction,1.0,"Split payment: 3 payments to the same vendor on the same day, each just below the CNY 50,000 approval threshold (combined CNY 141830.73)"
TXN00011313,split_transaction,Split Transaction,0.9,"Split payment: 2 payments to the same vendor on the same day, each just below the CNY 50,000 approval threshold (combined CNY 60374.92)"
TXN80001101,split_transaction,Split Transaction,0.9,"Split payment: 2 payments to the same vendor on the same day, each just below the CNY 50,000 approval threshold (combined CNY 93468.53)"
TXN80001100,split_transaction,Split Transaction,0.9,"Split payment: 2 payments to the same vendor on the same day, each just below the CNY 50,000 approval threshold (combined CNY 93468.53)"
TXN00022586,split_transaction,Split Transaction,0.9,"Split payment: 2 payments to the same vendor on the same day, each just below the CNY 50,000 approval threshold (combined CNY 214335.73)"
TXN00024242,split_transaction,Split Transaction,0.9,"Split payment: 2 payments to the same vendor on the same day, each just below the CNY 50,000 approval threshold (combined CNY 102145.6)"
TXN00004671,split_transaction,Split Transaction,0.9,"Split payment: 2 payments to the same vendor on the same day, each just below the CNY 50,000 approval threshold (combined CNY 69041.39)"
TXN00013264,split_transaction,Split Transaction,0.9,"Split payment: 2 payments to the same vendor on the same day, each just below the CNY 50,000 approval threshold (combined CNY 354704.9)"
TXN80003200,split_transaction,Split Transaction,0.9,"Split payment: 2 payments to the same vendor on the same day, each just below the CNY 50,000 approval threshold (combined CNY 97290.58)"
TXN80003201,split_transaction,Split Transaction,0.9,"Split payment: 2 payments to the same vendor on the same day, each just below the CNY 50,000 approval threshold (combined CNY 97290.58)"
TXN00018839,split_transaction,Split Transaction,0.9,"Split payment: 2 payments to the same vendor on the same day, each just below the CNY 50,000 approval threshold (combined CNY 51476.57)"
TXN80000500,split_transaction,Split Transaction,1.0,"Split payment: 3 payments to the same vendor on the same day, each just below the CNY 50,000 approval threshold (combined CNY 145813.8)"
TXN80000501,split_transaction,Split Transaction,1.0,"Split payment: 3 payments to the same vendor on the same day, each just below the CNY 50,000 approval threshold (combined CNY 145813.8)"
TXN80000502,split_transaction,Split Transaction,1.0,"Split payment: 3 payments to the same vendor on the same day, each just below the CNY 50,000 approval threshold (combined CNY 145813.8)"
TXN00025586,split_transaction,Split Transaction,0.9,"Split payment: 2 payments to the same vendor on the same day, each just below the CNY 50,000 approval threshold (combined CNY 313593.25)"
TXN00029492,split_transaction,Split Transaction,1.0,"Split payment: 3 payments to the same vendor on the same day, each just below the CNY 50,000 approval threshold (combined CNY 76933.59)"
TXN80000302,split_transaction,Split Transaction,1.0,"Split payment: 3 payments to the same vendor on the same day, each just below the CNY 50,000 approval threshold (combined CNY 146413.57)"
TXN80000300,split_transaction,Split Transaction,1.0,"Split payment: 3 payments to the same vendor on the same day, each just below the CNY 50,000 approval threshold (combined CNY 146413.57)"
TXN80000301,split_transaction,Split Transaction,1.0,"Split payment: 3 payments to the same vendor on the same day, each just below the CNY 50,000 approval threshold (combined CNY 146413.57)"
TXN80002201,split_transaction,Split Transaction,0.9,"Split payment: 2 payments to the same vendor on the same day, each just below the CNY 50,000 approval threshold (combined CNY 93133.11)"
TXN80002200,split_transaction,Split Transaction,0.9,"Split payment: 2 payments to the same vendor on the same day, each just below the CNY 50,000 approval threshold (combined CNY 93133.11)"
TXN80002400,split_transaction,Split Transaction,1.0,"Split payment: 3 payments to the same vendor on the same day, each just below the CNY 50,000 approval threshold (combined CNY 339230.37)"
TXN80002401,split_transaction,Split Transaction,1.0,"Split payment: 3 payments to the same vendor on the same day, each just below the CNY 50,000 approval threshold (combined CNY 339230.37)"
TXN00024749,split_transaction,Split Transaction,0.9,"Split payment: 2 payments to the same vendor on the same day, each just below the CNY 50,000 approval threshold (combined CNY 103283.46)"
TXN00018204,split_transaction,Split Transaction,0.9,"Split payment: 2 payments to the same vendor on the same day, each just below the CNY 50,000 approval threshold (combined CNY 51347.67)"
TXN80004201,split_transaction,Split Transaction,1.0,"Split payment: 3 payments to the same vendor on the same day, each just below the CNY 50,000 approval threshold (combined CNY 101536.78)"
TXN00028359,split_transaction,Split Transaction,1.0,"Split payment: 3 payments to the same vendor on the same day, each just below the CNY 50,000 approval threshold (combined CNY 188054.28)"
TXN80004200,split_transaction,Split Transaction,1.0,"Split payment: 3 payments to the same vendor on the same day, each just below the CNY 50,000 approval threshold (combined CNY 101536.78)"
TXN80003901,split_transaction,Split Transaction,1.0,"Split payment: 3 payments to the same vendor on the same day, each just below the CNY 50,000 approval threshold (combined CNY 142179.64)"
TXN80003900,split_transaction,Split Transaction,1.0,"Split payment: 3 payments to the same vendor on the same day, each just below the CNY 50,000 approval threshold (combined CNY 142179.64)"
TXN80003902,split_transaction,Split Transaction,1.0,"Split payment: 3 payments to the same vendor on the same day, each just below the CNY 50,000 approval threshold (combined CNY 142179.64)"
TXN00007831,split_transaction,Split Transaction,0.9,"Split payment: 2 payments to the same vendor on the same day, each just below the CNY 50,000 approval threshold (combined CNY 115018.57)"
TXN00021770,split_transaction,Split Transaction,0.9,"Split payment: 2 payments to the same vendor on the same day, each just below the CNY 50,000 approval threshold (combined CNY 156919.06)"
TXN80002600,split_transaction,Split Transaction,0.9,"Split payment: 2 payments to the same vendor on the same day, each just below the CNY 50,000 approval threshold (combined CNY 92623.73)"
TXN80002601,split_transaction,Split Transaction,0.9,"Split payment: 2 payments to the same vendor on the same day, each just below the CNY 50,000 approval threshold (combined CNY 92623.73)"
TXN00020605,split_transaction,Split Transaction,0.65,"Split payment: 2 payments to the same vendor on the same day, each just below the CNY 50,000 approval threshold (combined CNY 48119.41)"
TXN80002302,split_transaction,Split Transaction,1.0,"Split payment: 3 payments to the same vendor on the same day, each just below the CNY 50,000 approval threshold (combined CNY 145476.57)"
TXN80002301,split_transaction,Split Transaction,1.0,"Split payment: 3 payments to the same vendor on the same day, each just below the CNY 50,000 approval threshold (combined CNY 145476.57)"
TXN80002300,split_transaction,Split Transaction,1.0,"Split payment: 3 payments to the same vendor on the same day, each just below the CNY 50,000 approval threshold (combined CNY 145476.57)"
TXN80004301,split_transaction,Split Transaction,0.9,"Split payment: 2 payments to the same vendor on the same day, each just below the CNY 50,000 approval threshold (combined CNY 97819.73)"
TXN80004300,split_transaction,Split Transaction,0.9,"Split payment: 2 payments to the same vendor on the same day, each just below the CNY 50,000 approval threshold (combined CNY 97819.73)"
TXN80001600,split_transaction,Split Transaction,0.9,"Split payment: 2 payments to the same vendor on the same day, each just below the CNY 50,000 approval threshold (combined CNY 96421.56)"
TXN80001601,split_transaction,Split Transaction,0.9,"Split payment: 2 payments to the same vendor on the same day, each just below the CNY 50,000 approval threshold (combined CNY 96421.56)"
TXN00001835,split_transaction,Split Transaction,0.9,"Split payment: 2 payments to the same vendor on the same day, each just below the CNY 50,000 approval threshold (combined CNY 90718.32)"
TXN00009327,split_transaction,Split Transaction,0.9,"Split payment: 2 payments to the same vendor on the same day, each just below the CNY 50,000 approval threshold (combined CNY 57622.47)"
TXN00015663,split_transaction,Split Transaction,0.9,"Split payment: 2 payments to the same vendor on the same day, each just below the CNY 50,000 approval threshold (combined CNY 62559.01)"
TXN00003530,split_transaction,Split Transaction,0.9,"Split payment: 2 payments to the same vendor on the same day, each just below the CNY 50,000 approval threshold (combined CNY 64759.85)"
TXN00003404,split_transaction,Split Transaction,0.9,"Split payment: 2 payments to the same vendor on the same day, each just below the CNY 50,000 approval threshold (combined CNY 90718.32)"
TXN00009132,split_transaction,Split Transaction,0.9,"Split payment: 2 payments to the same vendor on the same day, each just below the CNY 50,000 approval threshold (combined CNY 52244.72)"
TXN80003001,split_transaction,Split Transaction,0.9,"Split payment: 2 payments to the same vendor on the same day, each just below the CNY 50,000 approval threshold (combined CNY 95566.61)"
TXN80003000,split_transaction,Split Transaction,0.9,"Split payment: 2 payments to the same vendor on the same day, each just below the CNY 50,000 approval threshold (combined CNY 95566.61)"
TXN80000602,split_transaction,Split Transaction,0.9,"Split payment: 2 payments to the same vendor on the same day, each just below the CNY 50,000 approval threshold (combined CNY 92939.88)"
TXN80003402,split_transaction,Split Transaction,1.0,"Split payment: 3 payments to the same vendor on the same day, each just below the CNY 50,000 approval threshold (combined CNY 145123.94)"
TXN80000601,split_transaction,Split Transaction,0.9,"Split payment: 2 payments to the same vendor on the same day, each just below the CNY 50,000 approval threshold (combined CNY 92939.88)"
TXN80003400,split_transaction,Split Transaction,1.0,"Split payment: 3 payments to the same vendor on the same day, each just below the CNY 50,000 approval threshold (combined CNY 145123.94)"
TXN80003401,split_transaction,Split Transaction,1.0,"Split payment: 3 payments to the same vendor on the same day, each just below the CNY 50,000 approval threshold (combined CNY 145123.94)"
TXN00014464,split_transaction,Split Transaction,0.65,"Split payment: 2 payments to the same vendor on the same day, each just below the CNY 50,000 approval threshold (combined CNY 46956.7)"
TXN80002900,split_transaction,Split Transaction,0.9,"Split payment: 2 payments to the same vendor on the same day, each just below the CNY 50,000 approval threshold (combined CNY 97936.91)"
TXN80002901,split_transaction,Split Transaction,0.9,"Split payment: 2 payments to the same vendor on the same day, each just below the CNY 50,000 approval threshold (combined CNY 97936.91)"
TXN00025344,split_transaction,Split Transaction,0.9,"Split payment: 2 payments to the same vendor on the same day, each just below the CNY 50,000 approval threshold (combined CNY 86668.15)"
TXN80004000,split_transaction,Split Transaction,0.9,"Split payment: 2 payments to the same vendor on the same day, each just below the CNY 50,000 approval threshold (combined CNY 94698.54)"
TXN80004001,split_transaction,Split Transaction,0.9,"Split payment: 2 payments to the same vendor on the same day, each just below the CNY 50,000 approval threshold (combined CNY 94698.54)"
TXN00006416,split_transaction,Split Transaction,0.9,"Split payment: 2 payments to the same vendor on the same day, each just below the CNY 50,000 approval threshold (combined CNY 54103.68)"
TXN00011397,split_transaction,Split Transaction,0.9,"Split payment: 2 payments to the same vendor on the same day, each just below the CNY 50,000 approval threshold (combined CNY 401520.37)"
TXN00005019,split_transaction,Split Transaction,0.9,"Split payment: 2 payments to the same vendor on the same day, each just below the CNY 50,000 approval threshold (combined CNY 372600.0)"
TXN80003801,split_transaction,Split Transaction,0.9,"Split payment: 2 payments to the same vendor on the same day, each just below the CNY 50,000 approval threshold (combined CNY 96669.63)"
TXN80003800,split_transaction,Split Transaction,0.9,"Split payment: 2 payments to the same vendor on the same day, each just below the CNY 50,000 approval threshold (combined CNY 96669.63)"
TXN80001300,split_transaction,Split Transaction,1.0,"Split payment: 3 payments to the same vendor on the same day, each just below the CNY 50,000 approval threshold (combined CNY 145777.06)"
TXN80001302,split_transaction,Split Transaction,1.0,"Split payment: 3 payments to the same vendor on the same day, each just below the CNY 50,000 approval threshold (combined CNY 145777.06)"
TXN00008614,split_transaction,Split Transaction,0.65,"Split payment: 2 payments to the same vendor on the same day, each just below the CNY 50,000 approval threshold (combined CNY 48921.77)"
TXN80001301,split_transaction,Split Transaction,1.0,"Split payment: 3 payments to the same vendor on the same day, each just below the CNY 50,000 approval threshold (combined CNY 145777.06)"
TXN80001001,split_transaction,Split Transaction,1.0,"Split payment: 3 payments to the same vendor on the same day, each just below the CNY 50,000 approval threshold (combined CNY 143490.39)"
TXN80001002,split_transaction,Split Transaction,1.0,"Split payment: 3 payments to the same vendor on the same day, each just below the CNY 50,000 approval threshold (combined CNY 143490.39)"
TXN80001000,split_transaction,Split Transaction,1.0,"Split payment: 3 payments to the same vendor on the same day, each just below the CNY 50,000 approval threshold (combined CNY 143490.39)"
TXN00011275,split_transaction,Split Transaction,0.9,"Split payment: 2 payments to the same vendor on the same day, each just below the CNY 50,000 approval threshold (combined CNY 389480.1)"
TXN00014640,split_transaction,Split Transaction,0.9,"Split payment: 2 payments to the same vendor on the same day, each just below the CNY 50,000 approval threshold (combined CNY 58926.45)"
TXN80000201,split_transaction,Split Transaction,0.9,"Split payment: 2 payments to the same vendor on the same day, each just below the CNY 50,000 approval threshold (combined CNY 94882.74)"
TXN80000200,split_transaction,Split Transaction,0.9,"Split payment: 2 payments to the same vendor on the same day, each just below the CNY 50,000 approval threshold (combined CNY 94882.74)"
TXN00001325,split_transaction,Split Transaction,0.9,"Split payment: 2 payments to the same vendor on the same day, each just below the CNY 50,000 approval threshold (combined CNY 263435.84)"
TXN00029209,split_transaction,Split Transaction,0.9,"Split payment: 2 payments to the same vendor on the same day, each just below the CNY 50,000 approval threshold (combined CNY 78226.14)"
TXN80001501,split_transaction,Split Transaction,1.0,"Split payment: 3 payments to the same vendor on the same day, each just below the CNY 50,000 approval threshold (combined CNY 142957.78)"
TXN80001500,split_transaction,Split Transaction,1.0,"Split payment: 3 payments to the same vendor on the same day, each just below the CNY 50,000 approval threshold (combined CNY 142957.78)"
TXN80001502,split_transaction,Split Transaction,1.0,"Split payment: 3 payments to the same vendor on the same day, each just below the CNY 50,000 approval threshold (combined CNY 142957.78)"
TXN00019052,split_transaction,Split Transaction,0.9,"Split payment: 2 payments to the same vendor on the same day, each just below the CNY 50,000 approval threshold (combined CNY 79649.33)"
TXN00024429,split_transaction,Split Transaction,0.9,"Split payment: 2 payments to the same vendor on the same day, each just below the CNY 50,000 approval threshold (combined CNY 128073.24)"
TXN00000264,split_transaction,Split Transaction,0.9,"Split payment: 2 payments to the same vendor on the same day, each just below the CNY 50,000 approval threshold (combined CNY 243744.56)"
TXN80002700,split_transaction,Split Transaction,0.9,"Split payment: 2 payments to the same vendor on the same day, each just below the CNY 50,000 approval threshold (combined CNY 92123.97)"
TXN80002701,split_transaction,Split Transaction,0.9,"Split payment: 2 payments to the same vendor on the same day, each just below the CNY 50,000 approval threshold (combined CNY 92123.97)"
TXN00018630,split_transaction,Split Transaction,0.9,"Split payment: 2 payments to the same vendor on the same day, each just below the CNY 50,000 approval threshold (combined CNY 126051.24)"
TXN00004728,split_transaction,Split Transaction,0.9,"Split payment: 2 payments to the same vendor on the same day, each just below the CNY 50,000 approval threshold (combined CNY 77492.03)"
TXN00014326,split_transaction,Split Transaction,0.9,"Split payment: 2 payments to the same vendor on the same day, each just below the CNY 50,000 approval threshold (combined CNY 51832.06)"
TXN00008298,split_transaction,Split Transaction,0.9,"Split payment: 2 payments to the same vendor on the same day, each just below the CNY 50,000 approval threshold (combined CNY 172409.8)"
TXN80001900,split_transaction,Split Transaction,1.0,"Split payment: 3 payments to the same vendor on the same day, each just below the CNY 50,000 approval threshold (combined CNY 223305.66)"
TXN80001901,split_transaction,Split Transaction,1.0,"Split payment: 3 payments to the same vendor on the same day, each just below the CNY 50,000 approval threshold (combined CNY 223305.66)"
TXN00006493,split_transaction,Split Transaction,0.9,"Split payment: 2 payments to the same vendor on the same day, each just below the CNY 50,000 approval threshold (combined CNY 50253.83)"
TXN80000700,split_transaction,Split Transaction,1.0,"Split payment: 3 payments to the same vendor on the same day, each just below the CNY 50,000 approval threshold (combined CNY 141709.15)"
TXN80000702,split_transaction,Split Transaction,1.0,"Split payment: 3 payments to the same vendor on the same day, each just below the CNY 50,000 approval threshold (combined CNY 141709.15)"
TXN80000701,split_transaction,Split Transaction,1.0,"Split payment: 3 payments to the same vendor on the same day, each just below the CNY 50,000 approval threshold (combined CNY 141709.15)"
TXN00017283,split_transaction,Split Transaction,0.9,"Split payment: 2 payments to the same vendor on the same day, each just below the CNY 50,000 approval threshold (combined CNY 54312.81)"
TXN00013417,split_transaction,Split Transaction,0.9,"Split payment: 2 payments to the same vendor on the same day, each just below the CNY 50,000 approval threshold (combined CNY 180409.62)"
TXN00023843,split_transaction,Split Transaction,0.9,"Split payment: 2 payments to the same vendor on the same day, each just below the CNY 50,000 approval threshold (combined CNY 297764.06)"
TXN00027896,split_transaction,Split Transaction,1.0,"Split payment: 3 payments to the same vendor on the same day, each just below the CNY 50,000 approval threshold (combined CNY 73877.51)"
TXN80001401,split_transaction,Split Transaction,1.0,"Split payment: 3 payments to the same vendor on the same day, each just below the CNY 50,000 approval threshold (combined CNY 142877.07)"
TXN80001400,split_transaction,Split Transaction,1.0,"Split payment: 3 payments to the same vendor on the same day, each just below the CNY 50,000 approval threshold (combined CNY 142877.07)"
TXN80001402,split_transaction,Split Transaction,1.0,"Split payment: 3 payments to the same vendor on the same day, each just below the CNY 50,000 approval threshold (combined CNY 142877.07)"
TXN80001800,split_transaction,Split Transaction,0.9,"Split payment: 2 payments to the same vendor on the same day, each just below the CNY 50,000 approval threshold (combined CNY 97667.09)"
TXN80001801,split_transaction,Split Transaction,0.9,"Split payment: 2 payments to the same vendor on the same day, each just below the CNY 50,000 approval threshold (combined CNY 97667.09)"
TXN80000800,split_transaction,Split Transaction,0.9,"Split payment: 2 payments to the same vendor on the same day, each just below the CNY 50,000 approval threshold (combined CNY 98399.3)"
TXN80000801,split_transaction,Split Transaction,0.9,"Split payment: 2 payments to the same vendor on the same day, each just below the CNY 50,000 approval threshold (combined CNY 98399.3)"
TXN80001700,split_transaction,Split Transaction,0.9,"Split payment: 2 payments to the same vendor on the same day, each just below the CNY 50,000 approval threshold (combined CNY 95693.51)"
TXN80001701,split_transaction,Split Transaction,0.9,"Split payment: 2 payments to the same vendor on the same day, each just below the CNY 50,000 approval threshold (combined CNY 95693.51)"
TXN80004400,split_transaction,Split Transaction,0.9,"Split payment: 2 payments to the same vendor on the same day, each just below the CNY 50,000 approval threshold (combined CNY 94390.01)"
TXN80004401,split_transaction,Split Transaction,0.9,"Split payment: 2 payments to the same vendor on the same day, each just below the CNY 50,000 approval threshold (combined CNY 94390.01)"
TXN00015256,split_transaction,Split Transaction,0.9,"Split payment: 2 payments to the same vendor on the same day, each just below the CNY 50,000 approval threshold (combined CNY 285000.0)"
TXN00019509,split_transaction,Split Transaction,0.9,"Split payment: 2 payments to the same vendor on the same day, each just below the CNY 50,000 approval threshold (combined CNY 215347.82)"
TXN80004100,split_transaction,Split Transaction,1.0,"Split payment: 3 payments to the same vendor on the same day, each just below the CNY 50,000 approval threshold (combined CNY 147780.32)"
TXN80004101,split_transaction,Split Transaction,1.0,"Split payment: 3 payments to the same vendor on the same day, each just below the CNY 50,000 approval threshold (combined CNY 147780.32)"
TXN80004102,split_transaction,Split Transaction,1.0,"Split payment: 3 payments to the same vendor on the same day, each just below the CNY 50,000 approval threshold (combined CNY 147780.32)"
TXN00013922,split_transaction,Split Transaction,0.9,"Split payment: 2 payments to the same vendor on the same day, each just below the CNY 50,000 approval threshold (combined CNY 244605.5)"
TXN00021069,split_transaction,Split Transaction,0.9,"Split payment: 2 payments to the same vendor on the same day, each just below the CNY 50,000 approval threshold (combined CNY 77335.62)"
TXN80002500,split_transaction,Split Transaction,0.9,"Split payment: 2 payments to the same vendor on the same day, each just below the CNY 50,000 approval threshold (combined CNY 91647.12)"
TXN80002501,split_transaction,Split Transaction,0.9,"Split payment: 2 payments to the same vendor on the same day, each just below the CNY 50,000 approval threshold (combined CNY 91647.12)"
TXN00023614,self_approval,Self Approval,0.85,Self approval: voucher raised and approved by the same employee (E0077) - segregation of duties breach
TXN00029308,self_approval,Self Approval,0.85,Self approval: voucher raised and approved by the same employee (E0093) - segregation of duties breach
TXN00028728,self_approval,Self Approval,0.85,Self approval: voucher raised and approved by the same employee (E0087) - segregation of duties breach
TXN00014066,self_approval,Self Approval,0.85,Self approval: voucher raised and approved by the same employee (E0004) - segregation of duties breach
TXN00019033,self_approval,Self Approval,0.85,Self approval: voucher raised and approved by the same employee (E0032) - segregation of duties breach
TXN00001318,self_approval,Self Approval,0.85,Self approval: voucher raised and approved by the same employee (E0037) - segregation of duties breach
TXN00004198,self_approval,Self Approval,0.85,Self approval: voucher raised and approved by the same employee (E0079) - segregation of duties breach
TXN00007507,self_approval,Self Approval,0.85,Self approval: voucher raised and approved by the same employee (E0139) - segregation of duties breach
TXN00010062,self_approval,Self Approval,0.85,Self approval: voucher raised and approved by the same employee (E0074) - segregation of duties breach
TXN00014253,self_approval,Self Approval,0.85,Self approval: voucher raised and approved by the same employee (E0005) - segregation of duties breach
TXN00027878,self_approval,Self Approval,0.85,Self approval: voucher raised and approved by the same employee (E0113) - segregation of duties breach
TXN00001209,self_approval,Self Approval,0.85,Self approval: voucher raised and approved by the same employee (E0138) - segregation of duties breach
TXN00012818,self_approval,Self Approval,0.85,Self approval: voucher raised and approved by the same employee (E0118) - segregation of duties breach
TXN00016929,self_approval,Self Approval,0.85,Self approval: voucher raised and approved by the same employee (E0058) - segregation of duties breach
TXN00017218,self_approval,Self Approval,0.85,Self approval: voucher raised and approved by the same employee (E0078) - segregation of duties breach
TXN00001450,self_approval,Self Approval,0.85,Self approval: voucher raised and approved by the same employee (E0103) - segregation of duties breach
TXN00002355,self_approval,Self Approval,0.85,Self approval: voucher raised and approved by the same employee (E0011) - segregation of duties breach
TXN00028993,self_approval,Self Approval,0.85,Self approval: voucher raised and approved by the same employee (E0041) - segregation of duties breach
TXN00014371,self_approval,Self Approval,0.85,Self approval: voucher raised and approved by the same employee (E0099) - segregation of duties breach
TXN00023199,self_approval,Self Approval,0.85,Self approval: voucher raised and approved by the same employee (E0086) - segregation of duties breach
TXN00024481,self_approval,Self Approval,0.85,Self approval: voucher raised and approved by the same employee (E0099) - segregation of duties breach
TXN00021056,self_approval,Self Approval,0.85,Self approval: voucher raised and approved by the same employee (E0101) - segregation of duties breach
TXN00012010,self_approval,Self Approval,0.85,Self approval: voucher raised and approved by the same employee (E0029) - segregation of duties breach
TXN00016216,self_approval,Self Approval,0.85,Self approval: voucher raised and approved by the same employee (E0131) - segregation of duties breach
TXN00003124,self_approval,Self Approval,0.85,Self approval: voucher raised and approved by the same employee (E0012) - segregation of duties breach
TXN00023036,self_approval,Self Approval,0.85,Self approval: voucher raised and approved by the same employee (E0085) - segregation of duties breach
TXN00012598,self_approval,Self Approval,0.85,Self approval: voucher raised and approved by the same employee (E0084) - segregation of duties breach
TXN00003206,self_approval,Self Approval,0.85,Self approval: voucher raised and approved by the same employee (E0074) - segregation of duties breach
TXN00020809,self_approval,Self Approval,0.85,Self approval: voucher raised and approved by the same employee (E0072) - segregation of duties breach
TXN00026158,self_approval,Self Approval,0.85,Self approval: voucher raised and approved by the same employee (E0084) - segregation of duties breach
TXN00013863,self_approval,Self Approval,0.85,Self approval: voucher raised and approved by the same employee (E0058) - segregation of duties breach
TXN00011524,self_approval,Self Approval,0.85,Self approval: voucher raised and approved by the same employee (E0059) - segregation of duties breach
TXN00019091,self_approval,Self Approval,0.85,Self approval: voucher raised and approved by the same employee (E0065) - segregation of duties breach
TXN00024656,self_approval,Self Approval,0.85,Self approval: voucher raised and approved by the same employee (E0064) - segregation of duties breach
TXN00029063,self_approval,Self Approval,0.85,Self approval: voucher raised and approved by the same employee (E0137) - segregation of duties breach
TXN00026302,self_approval,Self Approval,0.85,Self approval: voucher raised and approved by the same employee (E0064) - segregation of duties breach
TXN00018363,self_approval,Self Approval,0.85,Self approval: voucher raised and approved by the same employee (E0063) - segregation of duties breach
TXN00007546,self_approval,Self Approval,0.85,Self approval: voucher raised and approved by the same employee (E0062) - segregation of duties breach
TXN00021854,self_approval,Self Approval,1.0,Self approval: voucher raised and approved by the same employee (E0132) - segregation of duties breach
TXN00012466,self_approval,Self Approval,0.85,Self approval: voucher raised and approved by the same employee (E0077) - segregation of duties breach
TXN00024044,self_approval,Self Approval,0.85,Self approval: voucher raised and approved by the same employee (E0056) - segregation of duties breach
TXN00025617,self_approval,Self Approval,0.85,Self approval: voucher raised and approved by the same employee (E0093) - segregation of duties breach
TXN00008211,self_approval,Self Approval,0.85,Self approval: voucher raised and approved by the same employee (E0108) - segregation of duties breach
TXN00013265,self_approval,Self Approval,0.85,Self approval: voucher raised and approved by the same employee (E0014) - segregation of duties breach
TXN00002930,self_approval,Self Approval,0.85,Self approval: voucher raised and approved by the same employee (E0058) - segregation of duties breach
TXN00024964,self_approval,Self Approval,0.85,Self approval: voucher raised and approved by the same employee (E0119) - segregation of duties breach
TXN00026876,self_approval,Self Approval,0.85,Self approval: voucher raised and approved by the same employee (E0005) - segregation of duties breach
TXN00008547,self_approval,Self Approval,0.85,Self approval: voucher raised and approved by the same employee (E0029) - segregation of duties breach
TXN00014818,self_approval,Self Approval,0.85,Self approval: voucher raised and approved by the same employee (E0101) - segregation of duties breach
TXN00023045,self_approval,Self Approval,0.85,Self approval: voucher raised and approved by the same employee (E0044) - segregation of duties breach
TXN00010679,self_approval,Self Approval,0.85,Self approval: voucher raised and approved by the same employee (E0088) - segregation of duties breach
TXN00008525,self_approval,Self Approval,0.85,Self approval: voucher raised and approved by the same employee (E0113) - segregation of duties breach
TXN00022763,self_approval,Self Approval,0.85,Self approval: voucher raised and approved by the same employee (E0107) - segregation of duties breach
TXN00010824,self_approval,Self Approval,0.85,Self approval: voucher raised and approved by the same employee (E0110) - segregation of duties breach
TXN00022738,self_approval,Self Approval,1.0,Self approval: voucher raised and approved by the same employee (E0054) - segregation of duties breach
TXN00013318,self_approval,Self Approval,0.85,Self approval: voucher raised and approved by the same employee (E0139) - segregation of duties breach
TXN00018742,self_approval,Self Approval,0.85,Self approval: voucher raised and approved by the same employee (E0043) - segregation of duties breach
TXN00002305,self_approval,Self Approval,0.85,Self approval: voucher raised and approved by the same employee (E0072) - segregation of duties breach
TXN00023133,self_approval,Self Approval,0.85,Self approval: voucher raised and approved by the same employee (E0007) - segregation of duties breach
TXN00029091,self_approval,Self Approval,0.85,Self approval: voucher raised and approved by the same employee (E0039) - segregation of duties breach
TXN00018498,self_approval,Self Approval,0.85,Self approval: voucher raised and approved by the same employee (E0031) - segregation of duties breach
TXN00015752,self_approval,Self Approval,0.85,Self approval: voucher raised and approved by the same employee (E0083) - segregation of duties breach
TXN00010272,self_approval,Self Approval,0.85,Self approval: voucher raised and approved by the same employee (E0058) - segregation of duties breach
TXN00017349,self_approval,Self Approval,0.85,Self approval: voucher raised and approved by the same employee (E0016) - segregation of duties breach
TXN00005585,self_approval,Self Approval,1.0,Self approval: voucher raised and approved by the same employee (E0013) - segregation of duties breach
TXN00014261,self_approval,Self Approval,0.85,Self approval: voucher raised and approved by the same employee (E0039) - segregation of duties breach
TXN00005484,self_approval,Self Approval,0.85,Self approval: voucher raised and approved by the same employee (E0084) - segregation of duties breach
TXN00019929,self_approval,Self Approval,0.85,Self approval: voucher raised and approved by the same employee (E0065) - segregation of duties breach
TXN00016235,self_approval,Self Approval,0.85,Self approval: voucher raised and approved by the same employee (E0011) - segregation of duties breach
TXN00007570,self_approval,Self Approval,0.85,Self approval: voucher raised and approved by the same employee (E0117) - segregation of duties breach
TXN00028932,self_approval,Self Approval,0.85,Self approval: voucher raised and approved by the same employee (E0105) - segregation of duties breach
TXN00027583,self_approval,Self Approval,0.85,Self approval: voucher raised and approved by the same employee (E0080) - segregation of duties breach
TXN00016416,self_approval,Self Approval,0.85,Self approval: voucher raised and approved by the same employee (E0006) - segregation of duties breach
TXN00012576,self_approval,Self Approval,0.85,Self approval: voucher raised and approved by the same employee (E0133) - segregation of duties breach
TXN00007499,self_approval,Self Approval,0.85,Self approval: voucher raised and approved by the same employee (E0101) - segregation of duties breach
TXN00024661,self_approval,Self Approval,0.85,Self approval: voucher raised and approved by the same employee (E0038) - segregation of duties breach
TXN00025438,self_approval,Self Approval,0.85,Self approval: voucher raised and approved by the same employee (E0129) - segregation of duties breach
TXN00012481,self_approval,Self Approval,0.85,Self approval: voucher raised and approved by the same employee (E0013) - segregation of duties breach
TXN00000085,self_approval,Self Approval,0.85,Self approval: voucher raised and approved by the same employee (E0020) - segregation of duties breach
TXN00028520,self_approval,Self Approval,0.85,Self approval: voucher raised and approved by the same employee (E0059) - segregation of duties breach
TXN00019606,self_approval,Self Approval,0.85,Self approval: voucher raised and approved by the same employee (E0108) - segregation of duties breach
TXN00006760,self_approval,Self Approval,0.85,Self approval: voucher raised and approved by the same employee (E0101) - segregation of duties breach
TXN00000729,self_approval,Self Approval,0.85,Self approval: voucher raised and approved by the same employee (E0138) - segregation of duties breach
TXN00003779,self_approval,Self Approval,0.85,Self approval: voucher raised and approved by the same employee (E0026) - segregation of duties breach
TXN00027387,self_approval,Self Approval,0.85,Self approval: voucher raised and approved by the same employee (E0103) - segregation of duties breach
TXN00024720,self_approval,Self Approval,0.85,Self approval: voucher raised and approved by the same employee (E0011) - segregation of duties breach
TXN00022900,self_approval,Self Approval,0.85,Self approval: voucher raised and approved by the same employee (E0016) - segregation of duties breach
TXN00009523,self_approval,Self Approval,0.85,Self approval: voucher raised and approved by the same employee (E0105) - segregation of duties breach
TXN00024987,self_approval,Self Approval,0.85,Self approval: voucher raised and approved by the same employee (E0043) - segregation of duties breach
TXN00022503,self_approval,Self Approval,0.85,Self approval: voucher raised and approved by the same employee (E0096) - segregation of duties breach
TXN00009884,self_approval,Self Approval,0.85,Self approval: voucher raised and approved by the same employee (E0091) - segregation of duties breach
TXN00011875,self_approval,Self Approval,0.85,Self approval: voucher raised and approved by the same employee (E0083) - segregation of duties breach
TXN00006157,self_approval,Self Approval,0.85,Self approval: voucher raised and approved by the same employee (E0038) - segregation of duties breach
TXN00024362,self_approval,Self Approval,0.85,Self approval: voucher raised and approved by the same employee (E0043) - segregation of duties breach
TXN00012186,self_approval,Self Approval,0.85,Self approval: voucher raised and approved by the same employee (E0056) - segregation of duties breach
TXN00018181,self_approval,Self Approval,0.85,Self approval: voucher raised and approved by the same employee (E0017) - segregation of duties breach
TXN00021707,self_approval,Self Approval,0.85,Self approval: voucher raised and approved by the same employee (E0003) - segregation of duties breach
TXN00014555,self_approval,Self Approval,0.85,Self approval: voucher raised and approved by the same employee (E0055) - segregation of duties breach
TXN00013626,self_approval,Self Approval,0.85,Self approval: voucher raised and approved by the same employee (E0118) - segregation of duties breach
TXN00011575,self_approval,Self Approval,0.85,Self approval: voucher raised and approved by the same employee (E0074) - segregation of duties breach
TXN00026927,self_approval,Self Approval,0.85,Self approval: voucher raised and approved by the same employee (E0059) - segregation of duties breach
TXN00017938,self_approval,Self Approval,0.85,Self approval: voucher raised and approved by the same employee (E0031) - segregation of duties breach
TXN00015432,self_approval,Self Approval,0.85,Self approval: voucher raised and approved by the same employee (E0015) - segregation of duties breach
TXN00012326,self_approval,Self Approval,0.85,Self approval: voucher raised and approved by the same employee (E0126) - segregation of duties breach
TXN00020243,self_approval,Self Approval,1.0,Self approval: voucher raised and approved by the same employee (E0015) - segregation of duties breach
TXN00023688,self_approval,Self Approval,0.85,Self approval: voucher raised and approved by the same employee (E0118) - segregation of duties breach
TXN00020451,self_approval,Self Approval,0.85,Self approval: voucher raised and approved by the same employee (E0079) - segregation of duties breach
TXN00007962,self_approval,Self Approval,0.85,Self approval: voucher raised and approved by the same employee (E0020) - segregation of duties breach
TXN00026940,self_approval,Self Approval,0.85,Self approval: voucher raised and approved by the same employee (E0110) - segregation of duties breach
TXN00004643,self_approval,Self Approval,0.85,Self approval: voucher raised and approved by the same employee (E0039) - segregation of duties breach
TXN00024441,self_approval,Self Approval,0.85,Self approval: voucher raised and approved by the same employee (E0110) - segregation of duties breach
TXN00001857,self_approval,Self Approval,0.85,Self approval: voucher raised and approved by the same employee (E0083) - segregation of duties breach
TXN00000201,self_approval,Self Approval,0.85,Self approval: voucher raised and approved by the same employee (E0038) - segregation of duties breach
TXN00018297,self_approval,Self Approval,0.85,Self approval: voucher raised and approved by the same employee (E0070) - segregation of duties breach
TXN00029608,self_approval,Self Approval,0.85,Self approval: voucher raised and approved by the same employee (E0100) - segregation of duties breach
TXN00009466,self_approval,Self Approval,0.85,Self approval: voucher raised and approved by the same employee (E0032) - segregation of duties breach
TXN00013651,self_approval,Self Approval,0.85,Self approval: voucher raised and approved by the same employee (E0058) - segregation of duties breach
TXN00016711,self_approval,Self Approval,0.85,Self approval: voucher raised and approved by the same employee (E0094) - segregation of duties breach
TXN00021559,self_approval,Self Approval,0.85,Self approval: voucher raised and approved by the same employee (E0055) - segregation of duties breach
TXN00010246,self_approval,Self Approval,0.85,Self approval: voucher raised and approved by the same employee (E0070) - segregation of duties breach
TXN00014018,self_approval,Self Approval,0.85,Self approval: voucher raised and approved by the same employee (E0039) - segregation of duties breach
TXN00011132,self_approval,Self Approval,0.85,Self approval: voucher raised and approved by the same employee (E0116) - segregation of duties breach
TXN00000218,self_approval,Self Approval,0.85,Self approval: voucher raised and approved by the same employee (E0065) - segregation of duties breach
TXN00026082,self_approval,Self Approval,0.85,Self approval: voucher raised and approved by the same employee (E0003) - segregation of duties breach
TXN00008816,self_approval,Self Approval,0.85,Self approval: voucher raised and approved by the same employee (E0038) - segregation of duties breach
TXN00024599,self_approval,Self Approval,0.85,Self approval: voucher raised and approved by the same employee (E0030) - segregation of duties breach
TXN00028560,unusual_vendor,Unusual Vendor,0.6,"Unusual vendor (Orient Industrial (Shanghai) Co., Ltd.): vendor registered less than 90 days before the payment"
TXN00029476,unusual_vendor,Unusual Vendor,0.6,"Unusual vendor (Orient Supply Chain (Guangzhou) Co., Ltd.): vendor registered less than 90 days before the payment"
TXN00023994,unusual_vendor,Unusual Vendor,0.6,"Unusual vendor (Zhongtai Trading Co., Ltd.): vendor registered less than 90 days before the payment"
TXN00017073,unusual_vendor,Unusual Vendor,0.55,"Unusual vendor (Vertex Electronics (Shenzhen) Co., Ltd.): amount is more than 8x this vendor's average payment"
TXN00009194,unusual_vendor,Unusual Vendor,0.7,"Unusual vendor (Longhe Logistics (Beijing) Co., Ltd.): amount is more than 8x this vendor's average payment"
TXN00007632,unusual_vendor,Unusual Vendor,0.6,"Unusual vendor (Zhongtai Trading Co., Ltd.): vendor registered less than 90 days before the payment"
TXN00026630,unusual_vendor,Unusual Vendor,0.55,"Unusual vendor (Ruixin Industrial (Beijing) Co., Ltd.): amount is more than 8x this vendor's average payment"
TXN00027041,unusual_vendor,Unusual Vendor,0.7,"Unusual vendor (Dynamic Facilities (Beijing) Co., Ltd.): amount is more than 8x this vendor's average payment"
TXN00010108,unusual_vendor,Unusual Vendor,0.7,"Unusual vendor (Zenith Packaging (Guangzhou) Co., Ltd.): amount is more than 8x this vendor's average payment"
TXN00023226,unusual_vendor,Unusual Vendor,0.55,Unusual vendor (Hengtai Systems Group): amount is more than 8x this vendor's average payment
TXN00020265,unusual_vendor,Unusual Vendor,0.7,"Unusual vendor (Everest Services (Shenzhen) Co., Ltd.): amount is more than 8x this vendor's average payment"
TXN00000400,unusual_vendor,Unusual Vendor,0.7,"Unusual vendor (Ruixin Materials Co., Ltd.): amount is more than 8x this vendor's average payment"
TXN00024687,unusual_vendor,Unusual Vendor,0.6,"Unusual vendor (Orient Supply Chain (Guangzhou) Co., Ltd.): vendor registered less than 90 days before the payment"
TXN00008020,unusual_vendor,Unusual Vendor,0.55,"Unusual vendor (Apex Materials (Guangzhou) Co., Ltd.): amount is more than 8x this vendor's average payment"
TXN00007697,unusual_vendor,Unusual Vendor,0.6,"Unusual vendor (Orient Supply Chain (Guangzhou) Co., Ltd.): vendor registered less than 90 days before the payment"
TXN00018234,unusual_vendor,Unusual Vendor,0.55,"Unusual vendor (Blue Ridge Technology (Shanghai) Co., Ltd.): amount is more than 8x this vendor's average payment"
TXN00022937,unusual_vendor,Unusual Vendor,0.7,"Unusual vendor (Yongsheng Automation (Beijing) Co., Ltd.): amount is more than 8x this vendor's average payment"
TXN00020307,unusual_vendor,Unusual Vendor,0.55,Unusual vendor (Kunlun Services Group): vendor had no activity for over 180 days before this payment
TXN00006356,unusual_vendor,Unusual Vendor,0.7,"Unusual vendor (Orient Engineering (Shanghai) Co., Ltd.): amount is more than 8x this vendor's average payment"
TXN00028523,unusual_vendor,Unusual Vendor,0.55,"Unusual vendor (Zenith Consulting (Shenzhen) Co., Ltd.): amount is more than 8x this vendor's average payment"
TXN00007791,unusual_vendor,Unusual Vendor,0.7,"Unusual vendor (Concord Services (Shanghai) Co., Ltd.): amount is more than 8x this vendor's average payment"
TXN00025816,unusual_vendor,Unusual Vendor,0.6,"Unusual vendor (Zhongtai Trading Co., Ltd.): vendor registered less than 90 days before the payment"
TXN00025872,unusual_vendor,Unusual Vendor,0.55,Unusual vendor (Dynamic Industrial Holdings): amount is more than 8x this vendor's average payment
TXN00005346,unusual_vendor,Unusual Vendor,0.55,"Unusual vendor (Kunlun Packaging (Shanghai) Co., Ltd.): amount is more than 8x this vendor's average payment"
TXN00028559,unusual_vendor,Unusual Vendor,0.55,Unusual vendor (Fortune Industrial Holdings): amount is more than 8x this vendor's average payment
TXN00018944,unusual_vendor,Unusual Vendor,0.7,"Unusual vendor (Hengtai Industrial (Shenzhen) Co., Ltd.): amount is more than 8x this vendor's average payment"
TXN00015323,unusual_vendor,Unusual Vendor,0.55,Unusual vendor (Concord Systems Group): amount is more than 8x this vendor's average payment
TXN00009718,unusual_vendor,Unusual Vendor,0.55,"Unusual vendor (Everest Technology (Shenzhen) Co., Ltd.): vendor had no activity for over 180 days before this payment"
TXN00015939,unusual_vendor,Unusual Vendor,0.55,"Unusual vendor (Everest Logistics (Guangzhou) Co., Ltd.): amount is more than 8x this vendor's average payment"
TXN00008469,unusual_vendor,Unusual Vendor,0.55,"Unusual vendor (Wanhe Materials (Shanghai) Co., Ltd.): amount is more than 8x this vendor's average payment"
TXN00028273,unusual_vendor,Unusual Vendor,0.55,"Unusual vendor (Orient Trading (Guangzhou) Co., Ltd.): amount is more than 8x this vendor's average payment"
TXN00007918,unusual_vendor,Unusual Vendor,0.55,"Unusual vendor (Kaiyuan Technology (Guangzhou) Co., Ltd.): amount is more than 8x this vendor's average payment"
TXN00028352,unusual_vendor,Unusual Vendor,0.6,"Unusual vendor (Longhe Consulting (Shanghai) Co., Ltd.): vendor registered less than 90 days before the payment"
TXN00021981,unusual_vendor,Unusual Vendor,0.55,"Unusual vendor (Mingda Consulting Co., Ltd.): amount is more than 8x this vendor's average payment"
TXN00002893,unusual_vendor,Unusual Vendor,0.55,Unusual vendor (Hengtai Trading Group): amount is more than 8x this vendor's average payment
TXN00000113,unusual_vendor,Unusual Vendor,0.7,Unusual vendor (Vertex Supply Chain Group): amount is more than 8x this vendor's average payment
TXN00013617,unusual_vendor,Unusual Vendor,0.7,Unusual vendor (Zhongtai Services Holdings): amount is more than 8x this vendor's average payment
TXN00009504,unusual_vendor,Unusual Vendor,0.7,"Unusual vendor (Apex Consulting (Shanghai) Co., Ltd.): amount is more than 8x this vendor's average payment"
TXN00005117,unusual_vendor,Unusual Vendor,0.55,Unusual vendor (Kunlun Trading Group): vendor had no activity for over 180 days before this payment
TXN00008820,unusual_vendor,Unusual Vendor,0.7,"Unusual vendor (Qianhai Supply Chain (Guangzhou) Co., Ltd.): amount is more than 8x this vendor's average payment"
TXN00000641,unusual_vendor,Unusual Vendor,0.55,Unusual vendor (Delta Engineering Group): amount is more than 8x this vendor's average payment
TXN00000391,unusual_vendor,Unusual Vendor,0.55,"Unusual vendor (Orient Industrial (Shanghai) Co., Ltd.): amount is more than 8x this vendor's average payment"
TXN00012644,unusual_vendor,Unusual Vendor,0.7,"Unusual vendor (Delta Automation (Shanghai) Co., Ltd.): amount is more than 8x this vendor's average payment"
TXN00002821,unusual_vendor,Unusual Vendor,0.55,"Unusual vendor (Kunlun Media (Beijing) Co., Ltd.): amount is more than 8x this vendor's average payment"
TXN00014891,unusual_vendor,Unusual Vendor,0.7,"Unusual vendor (Concord Logistics (Shanghai) Co., Ltd.): amount is more than 8x this vendor's average payment"
TXN00006297,unusual_vendor,Unusual Vendor,0.7,"Unusual vendor (Innovate Industrial (Shanghai) Co., Ltd.): amount is more than 8x this vendor's average payment"
TXN00017210,unusual_vendor,Unusual Vendor,0.55,"Unusual vendor (Delta Services (Shanghai) Co., Ltd.): amount is more than 8x this vendor's average payment"
TXN00015397,unusual_vendor,Unusual Vendor,0.7,Unusual vendor (Everest Materials Holdings): amount is more than 8x this vendor's average payment
TXN00027852,unusual_vendor,Unusual Vendor,0.6,"Unusual vendor (Delta Engineering (Shanghai) Co., Ltd.): vendor registered less than 90 days before the payment"
TXN00007057,unusual_vendor,Unusual Vendor,0.55,"Unusual vendor (Qianhai Supply Chain (Guangzhou) Co., Ltd.): amount is more than 8x this vendor's average payment"
TXN00025775,unusual_vendor,Unusual Vendor,0.55,"Unusual vendor (Dynamic Engineering (Beijing) Co., Ltd.): amount is more than 8x this vendor's average payment"
TXN00018558,unusual_vendor,Unusual Vendor,0.7,"Unusual vendor (Delta Supply Chain Co., Ltd.): amount is more than 8x this vendor's average payment"
TXN00022480,unusual_vendor,Unusual Vendor,0.55,"Unusual vendor (Delta Services (Guangzhou) Co., Ltd.): amount is more than 8x this vendor's average payment"
TXN00005462,unusual_vendor,Unusual Vendor,0.55,Unusual vendor (Apex Packaging Holdings): amount is more than 8x this vendor's average payment
TXN00000244,unusual_vendor,Unusual Vendor,0.55,"Unusual vendor (Zhongtai Media (Shenzhen) Co., Ltd.): vendor had no activity for over 180 days before this payment"
TXN00004829,unusual_vendor,Unusual Vendor,0.55,Unusual vendor (Hengtai Trading Group): amount is more than 8x this vendor's average payment
TXN00002066,unusual_vendor,Unusual Vendor,0.55,"Unusual vendor (Longhe Trading (Shanghai) Co., Ltd.): amount is more than 8x this vendor's average payment"
TXN00014009,unusual_vendor,Unusual Vendor,0.55,"Unusual vendor (Hanwei Materials (Guangzhou) Co., Ltd.): amount is more than 8x this vendor's average payment"
TXN00006870,unusual_vendor,Unusual Vendor,0.55,"Unusual vendor (Fortune Media Co., Ltd.): vendor had no activity for over 180 days before this payment"
TXN00003715,unusual_vendor,Unusual Vendor,0.55,Unusual vendor (Sunrise Packaging Holdings): amount is more than 8x this vendor's average payment
TXN00001824,unusual_vendor,Unusual Vendor,0.55,"Unusual vendor (Everest Trading Co., Ltd.): amount is more than 8x this vendor's average payment"
TXN00028176,unusual_vendor,Unusual Vendor,0.55,"Unusual vendor (Blue Ridge Trading (Guangzhou) Co., Ltd.): amount is more than 8x this vendor's average payment"
TXN00025374,unusual_vendor,Unusual Vendor,0.6,Unusual vendor (Union Electronics Group): vendor registered less than 90 days before the payment
TXN00005549,unusual_vendor,Unusual Vendor,0.55,"Unusual vendor (Wanhe Systems (Guangzhou) Co., Ltd.): vendor had no activity for over 180 days before this payment"
TXN00008257,unusual_vendor,Unusual Vendor,0.6,"Unusual vendor (Bright Trading Co., Ltd.): vendor registered less than 90 days before the payment"
TXN00015008,unusual_vendor,Unusual Vendor,0.55,"Unusual vendor (Pacific Systems Co., Ltd.): amount is more than 8x this vendor's average payment"
TXN00028678,unusual_vendor,Unusual Vendor,0.55,"Unusual vendor (Zhongtai Trading Co., Ltd.): amount is more than 8x this vendor's average payment"
TXN00024334,unusual_vendor,Unusual Vendor,0.55,"Unusual vendor (Global Materials Co., Ltd.): amount is more than 8x this vendor's average payment"
TXN00006056,unusual_vendor,Unusual Vendor,0.55,"Unusual vendor (Concord Media (Shenzhen) Co., Ltd.): amount is more than 8x this vendor's average payment"
TXN00010974,unusual_vendor,Unusual Vendor,0.7,"Unusual vendor (Xinrun Services (Beijing) Co., Ltd.): amount is more than 8x this vendor's average payment"
TXN00002478,unusual_vendor,Unusual Vendor,0.55,"Unusual vendor (Jinlong Facilities (Guangzhou) Co., Ltd.): amount is more than 8x this vendor's average payment"
TXN00007048,unusual_vendor,Unusual Vendor,0.7,Unusual vendor (Nordic Consulting Group): amount is more than 8x this vendor's average payment
TXN00007309,unusual_vendor,Unusual Vendor,0.55,"Unusual vendor (Cathay Services (Beijing) Co., Ltd.): amount is more than 8x this vendor's average payment"
TXN00023435,unusual_vendor,Unusual Vendor,0.6,Unusual vendor (Union Electronics Group): vendor registered less than 90 days before the payment
TXN00006204,unusual_vendor,Unusual Vendor,0.7,"Unusual vendor (Global Engineering (Guangzhou) Co., Ltd.): amount is more than 8x this vendor's average payment"
TXN00021657,unusual_vendor,Unusual Vendor,0.6,"Unusual vendor (Bright Trading Co., Ltd.): vendor registered less than 90 days before the payment"
TXN00000855,unusual_vendor,Unusual Vendor,0.7,Unusual vendor (Hengtai Systems Group): amount is more than 8x this vendor's average payment
TXN00006966,unusual_vendor,Unusual Vendor,0.55,"Unusual vendor (Mingda Automation Co., Ltd.): amount is more than 8x this vendor's average payment"
TXN00024088,unusual_vendor,Unusual Vendor,0.7,"Unusual vendor (Apex Automation (Guangzhou) Co., Ltd.): amount is more than 8x this vendor's average payment"
TXN00025642,unusual_vendor,Unusual Vendor,0.7,"Unusual vendor (Silverline Media Co., Ltd.): amount is more than 8x this vendor's average payment"
TXN00021471,unusual_vendor,Unusual Vendor,0.7,Unusual vendor (Fortune Consulting Group): amount is more than 8x this vendor's average payment
TXN00025543,unusual_vendor,Unusual Vendor,0.55,Unusual vendor (Delta Systems Group): amount is more than 8x this vendor's average payment
TXN00002949,unusual_vendor,Unusual Vendor,0.7,"Unusual vendor (Yongsheng Logistics (Shanghai) Co., Ltd.): amount is more than 8x this vendor's average payment"
TXN00028144,unusual_vendor,Unusual Vendor,0.55,"Unusual vendor (Bright Trading (Beijing) Co., Ltd.): vendor had no activity for over 180 days before this payment"
TXN00028711,unusual_vendor,Unusual Vendor,0.55,"Unusual vendor (Mingda Electronics (Beijing) Co., Ltd.): vendor had no activity for over 180 days before this payment"
TXN00017935,unusual_vendor,Unusual Vendor,0.55,"Unusual vendor (Concord Services Co., Ltd.): amount is more than 8x this vendor's average payment"
TXN00024641,unusual_vendor,Unusual Vendor,0.7,"Unusual vendor (Union Technology Co., Ltd.): amount is more than 8x this vendor's average payment"
TXN00004124,unusual_vendor,Unusual Vendor,0.55,"Unusual vendor (Pacific Technology (Shanghai) Co., Ltd.): amount is more than 8x this vendor's average payment"
TXN00001468,unusual_vendor,Unusual Vendor,0.55,"Unusual vendor (Northwind Consulting (Beijing) Co., Ltd.): amount is more than 8x this vendor's average payment"
TXN00002742,unusual_vendor,Unusual Vendor,0.7,"Unusual vendor (Blue Ridge Engineering Co., Ltd.): amount is more than 8x this vendor's average payment"
TXN00025221,unusual_vendor,Unusual Vendor,0.6,"Unusual vendor (Hanwei Industrial (Guangzhou) Co., Ltd.): vendor registered less than 90 days before the payment"
TXN00005622,unusual_vendor,Unusual Vendor,0.55,"Unusual vendor (Tianhe Technology (Guangzhou) Co., Ltd.): amount is more than 8x this vendor's average payment"
TXN00022338,unusual_vendor,Unusual Vendor,0.55,"Unusual vendor (Delta Services (Guangzhou) Co., Ltd.): amount is more than 8x this vendor's average payment"
TXN00018250,unusual_vendor,Unusual Vendor,0.55,"Unusual vendor (Mingda Industrial (Beijing) Co., Ltd.): amount is more than 8x this vendor's average payment"
TXN00000324,unusual_vendor,Unusual Vendor,0.82,"Unusual vendor (Longhe Engineering Co., Ltd.): vendor registered less than 90 days before the payment; amount is more than 8x this vendor's average payment"
TXN00004882,unusual_vendor,Unusual Vendor,0.7,"Unusual vendor (Zhongtai Facilities (Shanghai) Co., Ltd.): amount is more than 8x this vendor's average payment"
TXN00006066,unusual_vendor,Unusual Vendor,0.7,"Unusual vendor (Pacific Materials (Guangzhou) Co., Ltd.): amount is more than 8x this vendor's average payment"
TXN00021269,unusual_vendor,Unusual Vendor,0.55,Unusual vendor (Silverline Logistics Group): amount is more than 8x this vendor's average payment
TXN00023272,unusual_vendor,Unusual Vendor,0.55,Unusual vendor (Vertex Logistics Group): amount is more than 8x this vendor's average payment
TXN00011785,unusual_vendor,Unusual Vendor,0.55,"Unusual vendor (Kaiyuan Electronics (Beijing) Co., Ltd.): amount is more than 8x this vendor's average payment"
TXN00006935,unusual_vendor,Unusual Vendor,0.7,"Unusual vendor (Kaiyuan Engineering Co., Ltd.): amount is more than 8x this vendor's average payment"
TXN00001300,unusual_vendor,Unusual Vendor,0.7,"Unusual vendor (Zenith Services Co., Ltd.): amount is more than 8x this vendor's average payment"
TXN90000010,unusual_vendor,Unusual Vendor,0.7,"Unusual vendor (Zenith Services Co., Ltd.): amount is more than 8x this vendor's average payment"
TXN00008565,unusual_vendor,Unusual Vendor,0.6,"Unusual vendor (Hanwei Industrial (Guangzhou) Co., Ltd.): vendor registered less than 90 days before the payment"
TXN00025817,unusual_vendor,Unusual Vendor,0.6,"Unusual vendor (Mingda Logistics (Guangzhou) Co., Ltd.): vendor registered less than 90 days before the payment"
TXN00007546,unusual_vendor,Unusual Vendor,0.6,"Unusual vendor (Hanwei Industrial (Guangzhou) Co., Ltd.): vendor registered less than 90 days before the payment"
TXN00012581,unusual_vendor,Unusual Vendor,0.7,"Unusual vendor (Zenith Facilities Co., Ltd.): amount is more than 8x this vendor's average payment"
TXN00002811,unusual_vendor,Unusual Vendor,0.7,"Unusual vendor (Tianhe Services (Guangzhou) Co., Ltd.): amount is more than 8x this vendor's average payment"
TXN00016715,unusual_vendor,Unusual Vendor,0.7,"Unusual vendor (Orient Consulting (Shenzhen) Co., Ltd.): amount is more than 8x this vendor's average payment"
TXN00015768,unusual_vendor,Unusual Vendor,0.7,Unusual vendor (Mingda Technology Group): amount is more than 8x this vendor's average payment
TXN00011863,unusual_vendor,Unusual Vendor,0.6,"Unusual vendor (Dynamic Logistics (Shanghai) Co., Ltd.): vendor registered less than 90 days before the payment"
TXN00018007,unusual_vendor,Unusual Vendor,0.55,"Unusual vendor (Jinlong Facilities (Guangzhou) Co., Ltd.): amount is more than 8x this vendor's average payment"
TXN00028705,unusual_vendor,Unusual Vendor,0.7,"Unusual vendor (Apex Packaging Co., Ltd.): amount is more than 8x this vendor's average payment"
TXN00000251,unusual_vendor,Unusual Vendor,0.6,"Unusual vendor (Qianhai Services (Guangzhou) Co., Ltd.): vendor registered less than 90 days before the payment"
TXN00029543,unusual_vendor,Unusual Vendor,0.55,"Unusual vendor (Hengtai Systems Co., Ltd.): amount is more than 8x this vendor's average payment"
TXN00017058,unusual_vendor,Unusual Vendor,0.55,"Unusual vendor (Nordic Facilities (Guangzhou) Co., Ltd.): amount is more than 8x this vendor's average payment"
TXN00007070,unusual_vendor,Unusual Vendor,0.55,"Unusual vendor (Hengtai Media (Guangzhou) Co., Ltd.): amount is more than 8x this vendor's average payment"
TXN00015413,unusual_vendor,Unusual Vendor,0.82,"Unusual vendor (Dynamic Logistics (Shanghai) Co., Ltd.): vendor registered less than 90 days before the payment; amount is more than 8x this vendor's average payment"
TXN00027362,unusual_vendor,Unusual Vendor,0.82,"Unusual vendor (Qianhai Services (Guangzhou) Co., Ltd.): vendor registered less than 90 days before the payment; amount is more than 8x this vendor's average payment"
TXN00005557,unusual_vendor,Unusual Vendor,0.55,Unusual vendor (Concord Materials Holdings): amount is more than 8x this vendor's average payment
TXN00028116,unusual_vendor,Unusual Vendor,0.7,Unusual vendor (Delta Systems Group): amount is more than 8x this vendor's average payment
TXN00017180,unusual_vendor,Unusual Vendor,0.55,Unusual vendor (Fortune Industrial Holdings): amount is more than 8x this vendor's average payment
TXN00001151,unusual_vendor,Unusual Vendor,0.55,"Unusual vendor (Innovate Technology (Shanghai) Co., Ltd.): amount is more than 8x this vendor's average payment"
TXN00013011,unusual_vendor,Unusual Vendor,0.7,"Unusual vendor (Nordic Electronics Co., Ltd.): amount is more than 8x this vendor's average payment"
TXN00004619,unusual_vendor,Unusual Vendor,0.7,"Unusual vendor (Global Trading (Shanghai) Co., Ltd.): amount is more than 8x this vendor's average payment"
TXN00014283,unusual_vendor,Unusual Vendor,0.6,"Unusual vendor (Mingda Logistics (Guangzhou) Co., Ltd.): vendor registered less than 90 days before the payment"
TXN00013333,unusual_vendor,Unusual Vendor,0.7,"Unusual vendor (Kaiyuan Technology Co., Ltd.): amount is more than 8x this vendor's average payment"
TXN00025389,unusual_vendor,Unusual Vendor,0.7,"Unusual vendor (Zhongtai Industrial Co., Ltd.): amount is more than 8x this vendor's average payment"
TXN00004368,unusual_vendor,Unusual Vendor,0.6,"Unusual vendor (Vertex Logistics (Shanghai) Co., Ltd.): vendor registered less than 90 days before the payment"
TXN00005955,unusual_vendor,Unusual Vendor,0.55,"Unusual vendor (Cathay Media (Beijing) Co., Ltd.): amount is more than 8x this vendor's average payment"
TXN00010943,unusual_vendor,Unusual Vendor,0.6,"Unusual vendor (Vertex Logistics (Shanghai) Co., Ltd.): vendor registered less than 90 days before the payment"
TXN00020863,unusual_vendor,Unusual Vendor,0.7,"Unusual vendor (Global Trading (Shanghai) Co., Ltd.): amount is more than 8x this vendor's average payment"
TXN00014751,unusual_vendor,Unusual Vendor,0.55,Unusual vendor (Zenith Consulting Holdings): amount is more than 8x this vendor's average payment
TXN00018656,unusual_vendor,Unusual Vendor,0.6,Unusual vendor (Delta Technology Group): vendor registered less than 90 days before the payment
TXN00008846,unusual_vendor,Unusual Vendor,0.55,"Unusual vendor (Bright Facilities (Guangzhou) Co., Ltd.): amount is more than 8x this vendor's average payment"
TXN00017167,unusual_vendor,Unusual Vendor,0.7,"Unusual vendor (Zhongtai Industrial Co., Ltd.): amount is more than 8x this vendor's average payment"
TXN00026398,unusual_vendor,Unusual Vendor,0.55,"Unusual vendor (Concord Electronics Co., Ltd.): vendor had no activity for over 180 days before this payment"
TXN00028677,unusual_vendor,Unusual Vendor,0.55,"Unusual vendor (Silverline Engineering (Guangzhou) Co., Ltd.): vendor had no activity for over 180 days before this payment"
TXN00012505,unusual_vendor,Unusual Vendor,0.55,"Unusual vendor (Wanhe Supply Chain (Guangzhou) Co., Ltd.): amount is more than 8x this vendor's average payment"
TXN00001164,unusual_vendor,Unusual Vendor,0.7,"Unusual vendor (Northwind Automation (Shanghai) Co., Ltd.): amount is more than 8x this vendor's average payment"
TXN00022776,unusual_vendor,Unusual Vendor,0.55,"Unusual vendor (Nordic Trading (Beijing) Co., Ltd.): amount is more than 8x this vendor's average payment"
TXN00026672,unusual_vendor,Unusual Vendor,0.7,"Unusual vendor (Longhe Trading (Shanghai) Co., Ltd.): amount is more than 8x this vendor's average payment"
TXN00002411,unusual_vendor,Unusual Vendor,0.7,"Unusual vendor (Vertex Electronics (Shenzhen) Co., Ltd.): amount is more than 8x this vendor's average payment"
TXN00028398,unusual_vendor,Unusual Vendor,0.55,"Unusual vendor (Longhe Facilities Co., Ltd.): amount is more than 8x this vendor's average payment"
TXN00014764,unusual_vendor,Unusual Vendor,0.7,Unusual vendor (Northwind Technology Holdings): amount is more than 8x this vendor's average payment
TXN00007510,unusual_vendor,Unusual Vendor,0.7,Unusual vendor (Vertex Supply Chain Group): amount is more than 8x this vendor's average payment
TXN00001485,unusual_vendor,Unusual Vendor,0.55,"Unusual vendor (Blue Ridge Systems (Beijing) Co., Ltd.): amount is more than 8x this vendor's average payment"
TXN00011723,unusual_vendor,Unusual Vendor,0.7,Unusual vendor (Orient Packaging Group): amount is more than 8x this vendor's average payment
TXN00026808,unusual_vendor,Unusual Vendor,0.7,"Unusual vendor (Kaiyuan Electronics (Beijing) Co., Ltd.): amount is more than 8x this vendor's average payment"
TXN00015009,unusual_vendor,Unusual Vendor,0.7,"Unusual vendor (Ruixin Industrial (Beijing) Co., Ltd.): amount is more than 8x this vendor's average payment"
TXN00027273,unusual_vendor,Unusual Vendor,0.7,Unusual vendor (Northwind Technology Holdings): amount is more than 8x this vendor's average payment
TXN00008349,unusual_vendor,Unusual Vendor,0.6,Unusual vendor (Ruixin Systems Group): vendor registered less than 90 days before the payment
TXN00006613,unusual_vendor,Unusual Vendor,0.7,"Unusual vendor (Pacific Materials (Guangzhou) Co., Ltd.): amount is more than 8x this vendor's average payment"
TXN00011262,unusual_vendor,Unusual Vendor,0.7,"Unusual vendor (Concord Logistics (Beijing) Co., Ltd.): amount is more than 8x this vendor's average payment"
TXN00001148,unusual_vendor,Unusual Vendor,0.55,"Unusual vendor (Qianhai Services (Guangzhou) Co., Ltd.): amount is more than 8x this vendor's average payment"
TXN00009234,unusual_vendor,Unusual Vendor,0.55,Unusual vendor (Dynamic Logistics Holdings): amount is more than 8x this vendor's average payment
TXN00011405,unusual_vendor,Unusual Vendor,0.6,"Unusual vendor (Vertex Logistics (Shanghai) Co., Ltd.): vendor registered less than 90 days before the payment"
TXN00010247,unusual_vendor,Unusual Vendor,0.7,"Unusual vendor (Innovate Media (Shenzhen) Co., Ltd.): amount is more than 8x this vendor's average payment"
TXN00018174,unusual_vendor,Unusual Vendor,0.55,Unusual vendor (Sunrise Packaging Holdings): amount is more than 8x this vendor's average payment
TXN00002343,unusual_vendor,Unusual Vendor,0.55,Unusual vendor (Sunrise Packaging Holdings): amount is more than 8x this vendor's average payment
TXN00015154,unusual_vendor,Unusual Vendor,0.55,Unusual vendor (Yongsheng Packaging Holdings): amount is more than 8x this vendor's average payment
TXN00005469,unusual_vendor,Unusual Vendor,0.6,"Unusual vendor (Apex Systems (Beijing) Co., Ltd.): vendor registered less than 90 days before the payment"
TXN00022286,unusual_vendor,Unusual Vendor,0.7,"Unusual vendor (Everest Logistics (Guangzhou) Co., Ltd.): amount is more than 8x this vendor's average payment"
TXN00013356,unusual_vendor,Unusual Vendor,0.6,"Unusual vendor (Apex Systems (Beijing) Co., Ltd.): vendor registered less than 90 days before the payment"
TXN00027929,unusual_vendor,Unusual Vendor,0.55,"Unusual vendor (Delta Engineering (Shanghai) Co., Ltd.): amount is more than 8x this vendor's average payment"
TXN00022780,unusual_vendor,Unusual Vendor,0.6,"Unusual vendor (Tianhe Technology (Guangzhou) Co., Ltd.): vendor registered less than 90 days before the payment"
TXN00002258,unusual_vendor,Unusual Vendor,0.6,Unusual vendor (Zhongtai Trading Holdings): vendor registered less than 90 days before the payment
TXN00005932,unusual_vendor,Unusual Vendor,0.7,"Unusual vendor (Concord Packaging (Shenzhen) Co., Ltd.): amount is more than 8x this vendor's average payment"
TXN00026094,unusual_vendor,Unusual Vendor,0.55,"Unusual vendor (Ruixin Engineering (Shanghai) Co., Ltd.): amount is more than 8x this vendor's average payment"
TXN00014547,unusual_vendor,Unusual Vendor,0.7,"Unusual vendor (Orient Industrial (Shanghai) Co., Ltd.): amount is more than 8x this vendor's average payment"
TXN00023064,unusual_vendor,Unusual Vendor,0.55,Unusual vendor (Ruixin Packaging Holdings): amount is more than 8x this vendor's average payment
TXN00029673,unusual_vendor,Unusual Vendor,0.55,"Unusual vendor (Hanwei Technology Co., Ltd.): amount is more than 8x this vendor's average payment"
TXN00018681,unusual_vendor,Unusual Vendor,0.6,"Unusual vendor (Vertex Logistics (Shanghai) Co., Ltd.): vendor registered less than 90 days before the payment"
TXN00023364,unusual_vendor,Unusual Vendor,0.55,"Unusual vendor (Dynamic Systems (Beijing) Co., Ltd.): amount is more than 8x this vendor's average payment"
TXN00008731,unusual_vendor,Unusual Vendor,0.55,Unusual vendor (Orient Packaging Holdings): amount is more than 8x this vendor's average payment
TXN00014994,unusual_vendor,Unusual Vendor,0.55,Unusual vendor (Mingda Technology Group): amount is more than 8x this vendor's average payment
TXN00011329,unusual_vendor,Unusual Vendor,0.7,"Unusual vendor (Blue Ridge Trading (Shanghai) Co., Ltd.): amount is more than 8x this vendor's average payment"
TXN00026568,unusual_vendor,Unusual Vendor,0.7,"Unusual vendor (Hengtai Media (Guangzhou) Co., Ltd.): amount is more than 8x this vendor's average payment"
TXN00002097,unusual_vendor,Unusual Vendor,0.7,"Unusual vendor (Kunlun Services Co., Ltd.): amount is more than 8x this vendor's average payment"
TXN00007068,unusual_vendor,Unusual Vendor,0.7,"Unusual vendor (Bright Consulting Co., Ltd.): amount is more than 8x this vendor's average payment"
TXN00012431,unusual_vendor,Unusual Vendor,0.7,"Unusual vendor (Jinlong Packaging (Guangzhou) Co., Ltd.): amount is more than 8x this vendor's average payment"
TXN00002627,unusual_vendor,Unusual Vendor,0.6,Unusual vendor (Union Electronics Holdings): vendor registered less than 90 days before the payment
TXN00024456,unusual_vendor,Unusual Vendor,0.55,"Unusual vendor (Tianhe Media Co., Ltd.): amount is more than 8x this vendor's average payment"
TXN00017529,unusual_vendor,Unusual Vendor,0.6,"Unusual vendor (Mingda Electronics (Shanghai) Co., Ltd.): vendor registered less than 90 days before the payment"
TXN00006250,unusual_vendor,Unusual Vendor,0.55,"Unusual vendor (Concord Supply Chain Co., Ltd.): amount is more than 8x this vendor's average payment"
TXN00009333,unusual_vendor,Unusual Vendor,0.7,"Unusual vendor (Kaiyuan Technology Co., Ltd.): amount is more than 8x this vendor's average payment"
TXN00027499,unusual_vendor,Unusual Vendor,0.7,Unusual vendor (Union Electronics Group): amount is more than 8x this vendor's average payment
TXN00017695,unusual_vendor,Unusual Vendor,0.55,Unusual vendor (Zenith Technology Group): amount is more than 8x this vendor's average payment
TXN00004245,unusual_vendor,Unusual Vendor,0.6,"Unusual vendor (Apex Systems (Beijing) Co., Ltd.): vendor registered less than 90 days before the payment"
TXN00004425,unusual_vendor,Unusual Vendor,0.7,"Unusual vendor (Tianhe Packaging (Shenzhen) Co., Ltd.): amount is more than 8x this vendor's average payment"
TXN00028786,unusual_vendor,Unusual Vendor,0.55,"Unusual vendor (Yongsheng Consulting (Guangzhou) Co., Ltd.): amount is more than 8x this vendor's average payment"
TXN00004557,unusual_vendor,Unusual Vendor,0.7,"Unusual vendor (Innovate Facilities (Shenzhen) Co., Ltd.): amount is more than 8x this vendor's average payment"
TXN00008716,unusual_vendor,Unusual Vendor,0.7,"Unusual vendor (Yongsheng Electronics (Shanghai) Co., Ltd.): amount is more than 8x this vendor's average payment"
TXN00019943,unusual_vendor,Unusual Vendor,0.7,"Unusual vendor (Vertex Consulting (Shenzhen) Co., Ltd.): amount is more than 8x this vendor's average payment"
TXN00006916,unusual_vendor,Unusual Vendor,0.7,Unusual vendor (Concord Materials Holdings): amount is more than 8x this vendor's average payment
TXN00028847,unusual_vendor,Unusual Vendor,0.55,Unusual vendor (Delta Engineering Group): amount is more than 8x this vendor's average payment
TXN00007646,unusual_vendor,Unusual Vendor,0.55,"Unusual vendor (Mingda Electronics (Beijing) Co., Ltd.): vendor had no activity for over 180 days before this payment"
TXN00007509,unusual_vendor,Unusual Vendor,0.6,"Unusual vendor (Tianhe Technology (Guangzhou) Co., Ltd.): vendor registered less than 90 days before the payment"
TXN00003048,unusual_vendor,Unusual Vendor,0.75,"Unusual vendor (Tianhe Technology (Guangzhou) Co., Ltd.): vendor registered less than 90 days before the payment"
TXN00003894,unusual_vendor,Unusual Vendor,0.55,"Unusual vendor (Concord Media (Shenzhen) Co., Ltd.): amount is more than 8x this vendor's average payment"
TXN00007675,unusual_vendor,Unusual Vendor,0.7,"Unusual vendor (Sunrise Technology (Beijing) Co., Ltd.): amount is more than 8x this vendor's average payment"
TXN00007328,unusual_vendor,Unusual Vendor,0.7,Unusual vendor (Delta Logistics Holdings): amount is more than 8x this vendor's average payment
TXN00022391,unusual_vendor,Unusual Vendor,0.7,"Unusual vendor (Hanwei Facilities (Shenzhen) Co., Ltd.): amount is more than 8x this vendor's average payment"
TXN00019631,unusual_vendor,Unusual Vendor,0.7,"Unusual vendor (Orient Consulting (Shenzhen) Co., Ltd.): amount is more than 8x this vendor's average payment"
TXN00022521,unusual_vendor,Unusual Vendor,0.55,"Unusual vendor (Ruixin Electronics (Beijing) Co., Ltd.): vendor had no activity for over 180 days before this payment"
TXN00001068,unusual_vendor,Unusual Vendor,0.55,"Unusual vendor (Wanhe Systems (Guangzhou) Co., Ltd.): amount is more than 8x this vendor's average payment"
TXN00026248,unusual_vendor,Unusual Vendor,0.55,"Unusual vendor (Hanwei Industrial (Guangzhou) Co., Ltd.): amount is more than 8x this vendor's average payment"
TXN00001415,unusual_vendor,Unusual Vendor,0.55,"Unusual vendor (Silverline Engineering (Guangzhou) Co., Ltd.): amount is more than 8x this vendor's average payment"
TXN00022738,unusual_vendor,Unusual Vendor,0.55,Unusual vendor (Hanwei Engineering Group): amount is more than 8x this vendor's average payment
TXN00006182,unusual_vendor,Unusual Vendor,0.6,Unusual vendor (Everest Services Holdings): vendor registered less than 90 days before the payment
TXN00026714,unusual_vendor,Unusual Vendor,0.7,"Unusual vendor (Xinrun Consulting (Shenzhen) Co., Ltd.): amount is more than 8x this vendor's average payment"
TXN00025729,unusual_vendor,Unusual Vendor,0.6,Unusual vendor (Everest Services Holdings): vendor registered less than 90 days before the payment
TXN00023973,unusual_vendor,Unusual Vendor,0.6,"Unusual vendor (Fortune Industrial (Shenzhen) Co., Ltd.): vendor registered less than 90 days before the payment"
TXN00026764,unusual_vendor,Unusual Vendor,0.55,"Unusual vendor (Northwind Consulting (Beijing) Co., Ltd.): amount is more than 8x this vendor's average payment"
TXN00016208,unusual_vendor,Unusual Vendor,0.55,Unusual vendor (Northwind Engineering Group): amount is more than 8x this vendor's average payment
TXN00024485,unusual_vendor,Unusual Vendor,0.7,"Unusual vendor (Orient Supply Chain (Guangzhou) Co., Ltd.): amount is more than 8x this vendor's average payment"
TXN00024540,unusual_vendor,Unusual Vendor,0.6,"Unusual vendor (Fortune Systems (Shenzhen) Co., Ltd.): vendor registered less than 90 days before the payment"
TXN00014457,unusual_vendor,Unusual Vendor,0.6,"Unusual vendor (Fortune Systems (Shenzhen) Co., Ltd.): vendor registered less than 90 days before the payment"
TXN00013091,unusual_vendor,Unusual Vendor,0.55,Unusual vendor (Cathay Materials Group): amount is more than 8x this vendor's average payment
TXN00009570,unusual_vendor,Unusual Vendor,0.7,"Unusual vendor (Xinrun Consulting (Beijing) Co., Ltd.): amount is more than 8x this vendor's average payment"
TXN00019593,unusual_vendor,Unusual Vendor,0.7,"Unusual vendor (Blue Ridge Systems (Beijing) Co., Ltd.): amount is more than 8x this vendor's average payment"
TXN00027420,unusual_vendor,Unusual Vendor,0.55,"Unusual vendor (Zhongtai Trading Co., Ltd.): amount is more than 8x this vendor's average payment"
TXN00014626,unusual_vendor,Unusual Vendor,0.55,"Unusual vendor (Silverline Engineering (Guangzhou) Co., Ltd.): amount is more than 8x this vendor's average payment"
TXN00028301,unusual_vendor,Unusual Vendor,0.6,"Unusual vendor (Nordic Materials (Shanghai) Co., Ltd.): vendor registered less than 90 days before the payment"
TXN00028111,unusual_vendor,Unusual Vendor,0.7,"Unusual vendor (Apex Automation (Guangzhou) Co., Ltd.): amount is more than 8x this vendor's average payment"
TXN00016793,unusual_vendor,Unusual Vendor,0.55,Unusual vendor (Kaiyuan Supply Chain Holdings): amount is more than 8x this vendor's average payment
TXN00026699,unusual_vendor,Unusual Vendor,0.55,"Unusual vendor (Vertex Facilities (Shenzhen) Co., Ltd.): amount is more than 8x this vendor's average payment"
TXN00001083,unusual_vendor,Unusual Vendor,0.55,"Unusual vendor (Apex Media (Shanghai) Co., Ltd.): amount is more than 8x this vendor's average payment"
TXN00020016,unusual_vendor,Unusual Vendor,0.55,"Unusual vendor (Nordic Electronics Co., Ltd.): amount is more than 8x this vendor's average payment"
TXN00019831,unusual_vendor,Unusual Vendor,0.6,Unusual vendor (Everest Services Holdings): vendor registered less than 90 days before the payment
TXN00017519,unusual_vendor,Unusual Vendor,0.55,"Unusual vendor (Bright Automation (Beijing) Co., Ltd.): amount is more than 8x this vendor's average payment"
TXN00003501,unusual_vendor,Unusual Vendor,0.7,"Unusual vendor (Yongsheng Automation (Beijing) Co., Ltd.): amount is more than 8x this vendor's average payment"
TXN00016453,unusual_vendor,Unusual Vendor,0.6,"Unusual vendor (Kaiyuan Logistics (Beijing) Co., Ltd.): vendor registered less than 90 days before the payment"
TXN00024551,unusual_vendor,Unusual Vendor,0.55,"Unusual vendor (Apex Media (Shanghai) Co., Ltd.): amount is more than 8x this vendor's average payment"
TXN00003013,unusual_vendor,Unusual Vendor,0.55,Unusual vendor (Orient Services Group): amount is more than 8x this vendor's average payment
TXN00028197,unusual_vendor,Unusual Vendor,0.7,"Unusual vendor (Ruixin Services (Shenzhen) Co., Ltd.): amount is more than 8x this vendor's average payment"
TXN00000028,unusual_vendor,Unusual Vendor,0.6,Unusual vendor (Everest Services Holdings): vendor registered less than 90 days before the payment
TXN00000107,unusual_vendor,Unusual Vendor,0.82,"Unusual vendor (Jinlong Consulting Co., Ltd.): vendor registered less than 90 days before the payment; vendor had no activity for over 180 days before this payment"
TXN00027983,unusual_vendor,Unusual Vendor,0.6,"Unusual vendor (Longhe Supply Chain (Shanghai) Co., Ltd.): vendor registered less than 90 days before the payment"
TXN00022390,unusual_vendor,Unusual Vendor,0.6,"Unusual vendor (Kaiyuan Logistics (Beijing) Co., Ltd.): vendor registered less than 90 days before the payment"
TXN00010334,unusual_vendor,Unusual Vendor,0.6,Unusual vendor (Everest Technology Holdings): vendor registered less than 90 days before the payment
TXN00023712,unusual_vendor,Unusual Vendor,0.55,"Unusual vendor (Everest Trading Co., Ltd.): amount is more than 8x this vendor's average payment"
TXN00022105,unusual_vendor,Unusual Vendor,0.55,"Unusual vendor (Nordic Facilities (Guangzhou) Co., Ltd.): amount is more than 8x this vendor's average payment"
TXN00010357,unusual_vendor,Unusual Vendor,0.55,"Unusual vendor (Wanhe Facilities (Shenzhen) Co., Ltd.): vendor had no activity for over 180 days before this payment"
TXN00023092,unusual_vendor,Unusual Vendor,0.6,"Unusual vendor (Kaiyuan Logistics (Beijing) Co., Ltd.): vendor registered less than 90 days before the payment"
TXN00000819,unusual_vendor,Unusual Vendor,0.6,"Unusual vendor (Tianhe Services (Guangzhou) Co., Ltd.): vendor registered less than 90 days before the payment"
TXN00002899,unusual_vendor,Unusual Vendor,0.97,"Unusual vendor (Nordic Materials (Shanghai) Co., Ltd.): vendor registered less than 90 days before the payment; amount is more than 8x this vendor's average payment"
TXN00003149,unusual_vendor,Unusual Vendor,0.7,"Unusual vendor (Kaiyuan Engineering Co., Ltd.): amount is more than 8x this vendor's average payment"
TXN00013963,unusual_vendor,Unusual Vendor,0.55,"Unusual vendor (Dynamic Facilities (Shenzhen) Co., Ltd.): amount is more than 8x this vendor's average payment"
TXN00026873,unusual_vendor,Unusual Vendor,0.6,"Unusual vendor (Everest Systems (Beijing) Co., Ltd.): vendor registered less than 90 days before the payment"
TXN00012065,unusual_vendor,Unusual Vendor,0.6,Unusual vendor (Everest Technology Holdings): vendor registered less than 90 days before the payment
TXN00003239,unusual_vendor,Unusual Vendor,0.7,Unusual vendor (Fortune Consulting Group): amount is more than 8x this vendor's average payment
TXN00025071,unusual_vendor,Unusual Vendor,0.97,"Unusual vendor (Jinlong Consulting Co., Ltd.): vendor registered less than 90 days before the payment; amount is more than 8x this vendor's average payment"
TXN00029682,unusual_vendor,Unusual Vendor,0.55,"Unusual vendor (Wanhe Consulting (Shenzhen) Co., Ltd.): amount is more than 8x this vendor's average payment"
TXN00016399,unusual_vendor,Unusual Vendor,0.55,"Unusual vendor (Cathay Engineering (Beijing) Co., Ltd.): amount is more than 8x this vendor's average payment"
TXN00024965,unusual_vendor,Unusual Vendor,0.55,"Unusual vendor (Pacific Trading (Guangzhou) Co., Ltd.): amount is more than 8x this vendor's average payment"
TXN00019390,unusual_vendor,Unusual Vendor,0.7,Unusual vendor (Orient Automation Holdings): amount is more than 8x this vendor's average payment
TXN00004483,unusual_vendor,Unusual Vendor,0.55,"Unusual vendor (Concord Logistics (Beijing) Co., Ltd.): amount is more than 8x this vendor's average payment"
TXN00022253,unusual_vendor,Unusual Vendor,0.6,"Unusual vendor (Mingda Electronics (Shanghai) Co., Ltd.): vendor registered less than 90 days before the payment"
TXN00009465,unusual_vendor,Unusual Vendor,0.6,"Unusual vendor (Jinlong Consulting Co., Ltd.): vendor registered less than 90 days before the payment"
TXN00012478,unusual_vendor,Unusual Vendor,0.7,"Unusual vendor (Ruixin Systems (Guangzhou) Co., Ltd.): amount is more than 8x this vendor's average payment"
TXN00003079,unusual_vendor,Unusual Vendor,0.6,"Unusual vendor (Blue Ridge Consulting (Shanghai) Co., Ltd.): vendor registered less than 90 days before the payment"
TXN00028465,unusual_vendor,Unusual Vendor,0.7,"Unusual vendor (Nordic Facilities (Guangzhou) Co., Ltd.): amount is more than 8x this vendor's average payment"
TXN00029754,unusual_vendor,Unusual Vendor,0.55,Unusual vendor (Kaiyuan Trading Holdings): amount is more than 8x this vendor's average payment
TXN00025144,unusual_vendor,Unusual Vendor,0.6,"Unusual vendor (Tianhe Services (Guangzhou) Co., Ltd.): vendor registered less than 90 days before the payment"
TXN00004076,unusual_vendor,Unusual Vendor,0.7,"Unusual vendor (Xinrun Materials (Shenzhen) Co., Ltd.): amount is more than 8x this vendor's average payment"
TXN00002090,unusual_vendor,Unusual Vendor,0.55,Unusual vendor (Longhe Media Holdings): amount is more than 8x this vendor's average payment
TXN00026024,unusual_vendor,Unusual Vendor,0.55,"Unusual vendor (Silverline Trading (Shanghai) Co., Ltd.): vendor had no activity for over 180 days before this payment"
TXN00012868,unusual_vendor,Unusual Vendor,0.82,"Unusual vendor (Global Logistics (Shenzhen) Co., Ltd.): vendor registered less than 90 days before the payment; amount is more than 8x this vendor's average payment"
TXN00006018,unusual_vendor,Unusual Vendor,0.55,"Unusual vendor (Everest Media (Shanghai) Co., Ltd.): amount is more than 8x this vendor's average payment"
TXN00003726,unusual_vendor,Unusual Vendor,0.55,"Unusual vendor (Silverline Trading (Shanghai) Co., Ltd.): vendor had no activity for over 180 days before this payment"
TXN00017089,unusual_vendor,Unusual Vendor,0.75,"Unusual vendor (Blue Ridge Consulting (Shanghai) Co., Ltd.): vendor registered less than 90 days before the payment"
TXN00024638,unusual_vendor,Unusual Vendor,0.55,"Unusual vendor (Cathay Engineering (Beijing) Co., Ltd.): amount is more than 8x this vendor's average payment"
TXN00023232,unusual_vendor,Unusual Vendor,0.6,"Unusual vendor (Blue Ridge Consulting (Shanghai) Co., Ltd.): vendor registered less than 90 days before the payment"
TXN00017219,unusual_vendor,Unusual Vendor,0.7,Unusual vendor (Yongsheng Supply Chain Holdings): amount is more than 8x this vendor's average payment
TXN00025636,unusual_vendor,Unusual Vendor,0.7,"Unusual vendor (Tianhe Consulting Co., Ltd.): amount is more than 8x this vendor's average payment"
TXN00018338,unusual_vendor,Unusual Vendor,0.55,"Unusual vendor (Pacific Media (Shenzhen) Co., Ltd.): vendor had no activity for over 180 days before this payment"
TXN00023930,unusual_vendor,Unusual Vendor,0.55,Unusual vendor (Zenith Consulting Holdings): amount is more than 8x this vendor's average payment
TXN00028325,unusual_vendor,Unusual Vendor,0.55,"Unusual vendor (Blue Ridge Engineering (Shenzhen) Co., Ltd.): vendor had no activity for over 180 days before this payment"
TXN00018343,unusual_vendor,Unusual Vendor,0.55,"Unusual vendor (Bright Consulting Co., Ltd.): amount is more than 8x this vendor's average payment"
TXN00005693,unusual_vendor,Unusual Vendor,0.55,"Unusual vendor (Global Automation (Shenzhen) Co., Ltd.): amount is more than 8x this vendor's average payment"
TXN00021607,unusual_vendor,Unusual Vendor,0.55,Unusual vendor (Jinlong Facilities Group): amount is more than 8x this vendor's average payment
TXN00020700,unusual_vendor,Unusual Vendor,0.55,"Unusual vendor (Yongsheng Media (Guangzhou) Co., Ltd.): amount is more than 8x this vendor's average payment"
TXN00017754,unusual_vendor,Unusual Vendor,0.55,"Unusual vendor (Blue Ridge Automation Co., Ltd.): amount is more than 8x this vendor's average payment"
TXN00027015,unusual_vendor,Unusual Vendor,0.6,Unusual vendor (Blue Ridge Packaging Group): vendor registered less than 90 days before the payment
TXN00003278,unusual_vendor,Unusual Vendor,0.7,Unusual vendor (Blue Ridge Automation Group): amount is more than 8x this vendor's average payment
TXN00004493,unusual_vendor,Unusual Vendor,0.55,"Unusual vendor (Tianhe Materials (Guangzhou) Co., Ltd.): vendor had no activity for over 180 days before this payment"
TXN00025549,unusual_vendor,Unusual Vendor,0.6,"Unusual vendor (Ruixin Facilities (Shenzhen) Co., Ltd.): vendor registered less than 90 days before the payment"
TXN00004733,unusual_vendor,Unusual Vendor,0.55,Unusual vendor (Tianhe Engineering Holdings): amount is more than 8x this vendor's average payment
TXN00010144,unusual_vendor,Unusual Vendor,0.6,Unusual vendor (Blue Ridge Packaging Group): vendor registered less than 90 days before the payment
TXN00008748,unusual_vendor,Unusual Vendor,0.55,"Unusual vendor (Zhongtai Supply Chain (Shanghai) Co., Ltd.): amount is more than 8x this vendor's average payment"
TXN00012242,unusual_vendor,Unusual Vendor,0.7,Unusual vendor (Vertex Consulting Holdings): amount is more than 8x this vendor's average payment
TXN00021749,unusual_vendor,Unusual Vendor,0.55,"Unusual vendor (Nordic Automation (Shenzhen) Co., Ltd.): amount is more than 8x this vendor's average payment"
TXN00029585,unusual_vendor,Unusual Vendor,0.55,"Unusual vendor (Zhongtai Engineering Co., Ltd.): amount is more than 8x this vendor's average payment"
TXN00016266,unusual_vendor,Unusual Vendor,0.6,Unusual vendor (Blue Ridge Packaging Group): vendor registered less than 90 days before the payment
TXN00001229,unusual_vendor,Unusual Vendor,0.6,"Unusual vendor (Ruixin Facilities (Shenzhen) Co., Ltd.): vendor registered less than 90 days before the payment"
TXN00002448,unusual_vendor,Unusual Vendor,0.7,"Unusual vendor (Tianhe Materials (Shanghai) Co., Ltd.): amount is more than 8x this vendor's average payment"
TXN00018285,unusual_vendor,Unusual Vendor,0.7,Unusual vendor (Fortune Electronics Holdings): amount is more than 8x this vendor's average payment
TXN00009761,unusual_vendor,Unusual Vendor,0.55,Unusual vendor (Ruixin Automation Group): amount is more than 8x this vendor's average payment
TXN00007439,unusual_vendor,Unusual Vendor,0.6,"Unusual vendor (Ruixin Facilities (Shenzhen) Co., Ltd.): vendor registered less than 90 days before the payment"
TXN00016504,unusual_vendor,Unusual Vendor,0.55,"Unusual vendor (Global Materials Co., Ltd.): amount is more than 8x this vendor's average payment"
TXN00021980,unusual_vendor,Unusual Vendor,0.7,Unusual vendor (Everest Services Holdings): amount is more than 8x this vendor's average payment
TXN00012518,unusual_vendor,Unusual Vendor,0.55,"Unusual vendor (Everest Logistics (Guangzhou) Co., Ltd.): vendor had no activity for over 180 days before this payment"
TXN00014358,unusual_vendor,Unusual Vendor,0.82,Unusual vendor (Jinlong Automation Holdings): vendor registered less than 90 days before the payment; vendor had no activity for over 180 days before this payment
TXN00024961,unusual_vendor,Unusual Vendor,0.6,"Unusual vendor (Zhongtai Materials (Beijing) Co., Ltd.): vendor registered less than 90 days before the payment"
TXN00004686,unusual_vendor,Unusual Vendor,0.6,Unusual vendor (Blue Ridge Packaging Group): vendor registered less than 90 days before the payment
TXN00009235,unusual_vendor,Unusual Vendor,0.7,"Unusual vendor (Mingda Packaging (Shenzhen) Co., Ltd.): amount is more than 8x this vendor's average payment"
TXN00019362,unusual_vendor,Unusual Vendor,0.7,"Unusual vendor (Tianhe Consulting (Shenzhen) Co., Ltd.): amount is more than 8x this vendor's average payment"
TXN00028687,unusual_vendor,Unusual Vendor,0.55,"Unusual vendor (Everest Logistics Co., Ltd.): amount is more than 8x this vendor's average payment"
TXN00028368,unusual_vendor,Unusual Vendor,0.55,Unusual vendor (Pacific Consulting Holdings): vendor had no activity for over 180 days before this payment
TXN00008836,unusual_vendor,Unusual Vendor,0.7,"Unusual vendor (Hanwei Consulting Co., Ltd.): amount is more than 8x this vendor's average payment"
TXN00021593,unusual_vendor,Unusual Vendor,0.55,"Unusual vendor (Bright Consulting Co., Ltd.): amount is more than 8x this vendor's average payment"
TXN00014914,unusual_vendor,Unusual Vendor,0.6,"Unusual vendor (Ruixin Facilities (Shenzhen) Co., Ltd.): vendor registered less than 90 days before the payment"
TXN00020124,unusual_vendor,Unusual Vendor,0.55,Unusual vendor (Jinlong Packaging Holdings): amount is more than 8x this vendor's average payment
TXN00021024,unusual_vendor,Unusual Vendor,0.7,"Unusual vendor (Longhe Systems (Shanghai) Co., Ltd.): amount is more than 8x this vendor's average payment"
TXN00027040,unusual_vendor,Unusual Vendor,0.55,"Unusual vendor (Zhongtai Trading Co., Ltd.): amount is more than 8x this vendor's average payment"
TXN00011508,unusual_vendor,Unusual Vendor,0.55,Unusual vendor (Everest Industrial Holdings): amount is more than 8x this vendor's average payment
TXN00018249,unusual_vendor,Unusual Vendor,0.55,"Unusual vendor (Concord Facilities (Guangzhou) Co., Ltd.): vendor had no activity for over 180 days before this payment"
TXN00009999,unusual_vendor,Unusual Vendor,0.6,"Unusual vendor (Vertex Electronics (Beijing) Co., Ltd.): vendor registered less than 90 days before the payment"
TXN00008303,unusual_vendor,Unusual Vendor,0.7,"Unusual vendor (Mingda Consulting Co., Ltd.): amount is more than 8x this vendor's average payment"
TXN00009285,unusual_vendor,Unusual Vendor,0.55,"Unusual vendor (Pacific Electronics Co., Ltd.): amount is more than 8x this vendor's average payment"
TXN00005754,unusual_vendor,Unusual Vendor,0.6,"Unusual vendor (Innovate Trading (Shanghai) Co., Ltd.): vendor registered less than 90 days before the payment"
TXN00023242,unusual_vendor,Unusual Vendor,0.55,Unusual vendor (Bright Logistics Group): amount is more than 8x this vendor's average payment
TXN00019313,unusual_vendor,Unusual Vendor,0.55,"Unusual vendor (Orient Trading (Guangzhou) Co., Ltd.): amount is more than 8x this vendor's average payment"
TXN00020660,unusual_vendor,Unusual Vendor,0.7,Unusual vendor (Union Engineering Holdings): amount is more than 8x this vendor's average payment
TXN00009259,unusual_vendor,Unusual Vendor,0.55,Unusual vendor (Yongsheng Packaging Holdings): amount is more than 8x this vendor's average payment
TXN00018505,unusual_vendor,Unusual Vendor,0.55,Unusual vendor (Concord Systems Group): amount is more than 8x this vendor's average payment
TXN00003603,unusual_vendor,Unusual Vendor,0.55,"Unusual vendor (Kunlun Packaging Co., Ltd.): amount is more than 8x this vendor's average payment"
TXN00029033,unusual_vendor,Unusual Vendor,0.7,"Unusual vendor (Longhe Systems (Shanghai) Co., Ltd.): amount is more than 8x this vendor's average payment"
TXN00019990,unusual_vendor,Unusual Vendor,0.75,"Unusual vendor (Ruixin Facilities (Shenzhen) Co., Ltd.): vendor registered less than 90 days before the payment"
TXN00024046,unusual_vendor,Unusual Vendor,0.55,"Unusual vendor (Innovate Supply Chain (Guangzhou) Co., Ltd.): amount is more than 8x this vendor's average payment"
TXN00010990,unusual_vendor,Unusual Vendor,0.7,Unusual vendor (Zhongtai Services Holdings): amount is more than 8x this vendor's average payment
TXN00013624,unusual_vendor,Unusual Vendor,0.55,"Unusual vendor (Hanwei Consulting Co., Ltd.): amount is more than 8x this vendor's average payment"
TXN00002934,unusual_vendor,Unusual Vendor,0.55,Unusual vendor (Orient Packaging Group): amount is more than 8x this vendor's average payment
TXN00019563,unusual_vendor,Unusual Vendor,0.7,"Unusual vendor (Silverline Industrial Co., Ltd.): amount is more than 8x this vendor's average payment"
TXN00017732,unusual_vendor,Unusual Vendor,0.55,"Unusual vendor (Mingda Logistics (Guangzhou) Co., Ltd.): amount is more than 8x this vendor's average payment"
TXN00015776,unusual_vendor,Unusual Vendor,0.55,"Unusual vendor (Orient Industrial (Shanghai) Co., Ltd.): amount is more than 8x this vendor's average payment"
TXN00008969,unusual_vendor,Unusual Vendor,0.7,"Unusual vendor (Yongsheng Systems (Shanghai) Co., Ltd.): amount is more than 8x this vendor's average payment"
TXN00008302,unusual_vendor,Unusual Vendor,0.7,Unusual vendor (Concord Trading Group): amount is more than 8x this vendor's average payment
TXN00006427,unusual_vendor,Unusual Vendor,0.55,Unusual vendor (Dynamic Logistics Holdings): amount is more than 8x this vendor's average payment
TXN00013883,unusual_vendor,Unusual Vendor,0.55,"Unusual vendor (Northwind Materials Co., Ltd.): amount is more than 8x this vendor's average payment"
TXN00001979,unusual_vendor,Unusual Vendor,0.6,"Unusual vendor (Pacific Packaging (Guangzhou) Co., Ltd.): vendor registered less than 90 days before the payment"
TXN00016085,unusual_vendor,Unusual Vendor,0.55,"Unusual vendor (Nordic Electronics (Shenzhen) Co., Ltd.): vendor had no activity for over 180 days before this payment"
TXN00025412,unusual_vendor,Unusual Vendor,0.6,"Unusual vendor (Pacific Packaging (Guangzhou) Co., Ltd.): vendor registered less than 90 days before the payment"
TXN00020762,unusual_vendor,Unusual Vendor,0.7,"Unusual vendor (Pacific Industrial (Shanghai) Co., Ltd.): amount is more than 8x this vendor's average payment"
TXN00027034,unusual_vendor,Unusual Vendor,0.55,"Unusual vendor (Union Technology (Guangzhou) Co., Ltd.): amount is more than 8x this vendor's average payment"
TXN00011915,unusual_vendor,Unusual Vendor,0.7,"Unusual vendor (Sunrise Automation (Shanghai) Co., Ltd.): amount is more than 8x this vendor's average payment"
TXN00009594,unusual_vendor,Unusual Vendor,0.55,Unusual vendor (Xinrun Supply Chain Holdings): amount is more than 8x this vendor's average payment
TXN00009575,unusual_vendor,Unusual Vendor,0.55,Unusual vendor (Innovate Automation Group): amount is more than 8x this vendor's average payment
TXN00000942,unusual_vendor,Unusual Vendor,0.55,"Unusual vendor (Yongsheng Consulting (Guangzhou) Co., Ltd.): amount is more than 8x this vendor's average payment"
TXN00023005,unusual_vendor,Unusual Vendor,0.55,"Unusual vendor (Silverline Supply Chain (Guangzhou) Co., Ltd.): amount is more than 8x this vendor's average payment"
TXN00022998,unusual_vendor,Unusual Vendor,0.7,"Unusual vendor (Xinrun Engineering (Shanghai) Co., Ltd.): amount is more than 8x this vendor's average payment"
TXN00007234,unusual_vendor,Unusual Vendor,0.55,"Unusual vendor (Innovate Technology (Guangzhou) Co., Ltd.): amount is more than 8x this vendor's average payment"
TXN00025385,unusual_vendor,Unusual Vendor,0.7,"Unusual vendor (Pacific Industrial (Shanghai) Co., Ltd.): amount is more than 8x this vendor's average payment"
TXN00011898,unusual_vendor,Unusual Vendor,0.55,Unusual vendor (Jinlong Facilities Group): amount is more than 8x this vendor's average payment
TXN00001950,unusual_vendor,Unusual Vendor,0.7,Unusual vendor (Union Facilities Group): amount is more than 8x this vendor's average payment
TXN00012707,unusual_vendor,Unusual Vendor,0.7,Unusual vendor (Concord Systems Group): amount is more than 8x this vendor's average payment
TXN00025119,unusual_vendor,Unusual Vendor,0.7,"Unusual vendor (Tianhe Services (Guangzhou) Co., Ltd.): amount is more than 8x this vendor's average payment"
TXN00011457,unusual_vendor,Unusual Vendor,0.7,"Unusual vendor (Everest Logistics Co., Ltd.): amount is more than 8x this vendor's average payment"
TXN00029876,unusual_vendor,Unusual Vendor,0.55,"Unusual vendor (Mingda Packaging (Shenzhen) Co., Ltd.): amount is more than 8x this vendor's average payment"
TXN00019231,unusual_vendor,Unusual Vendor,0.55,"Unusual vendor (Zenith Services (Shenzhen) Co., Ltd.): amount is more than 8x this vendor's average payment"
TXN00018025,unusual_vendor,Unusual Vendor,0.55,"Unusual vendor (Concord Electronics Co., Ltd.): vendor had no activity for over 180 days before this payment"
TXN00022965,unusual_vendor,Unusual Vendor,0.75,"Unusual vendor (Silverline Packaging Co., Ltd.): vendor registered less than 90 days before the payment"
TXN00007790,unusual_vendor,Unusual Vendor,0.6,"Unusual vendor (Silverline Packaging Co., Ltd.): vendor registered less than 90 days before the payment"
TXN00013256,unusual_vendor,Unusual Vendor,0.7,"Unusual vendor (Xinrun Services (Beijing) Co., Ltd.): amount is more than 8x this vendor's average payment"
TXN00002905,unusual_vendor,Unusual Vendor,0.55,"Unusual vendor (Blue Ridge Materials (Beijing) Co., Ltd.): amount is more than 8x this vendor's average payment"
TXN00027922,unusual_vendor,Unusual Vendor,0.55,"Unusual vendor (Blue Ridge Trading (Shanghai) Co., Ltd.): amount is more than 8x this vendor's average payment"
TXN00024176,unusual_vendor,Unusual Vendor,0.7,"Unusual vendor (Fortune Industrial (Shenzhen) Co., Ltd.): amount is more than 8x this vendor's average payment"
TXN00015908,unusual_vendor,Unusual Vendor,0.7,"Unusual vendor (Bright Automation (Shanghai) Co., Ltd.): amount is more than 8x this vendor's average payment"
TXN00001384,unusual_vendor,Unusual Vendor,0.6,"Unusual vendor (Wanhe Logistics (Guangzhou) Co., Ltd.): vendor registered less than 90 days before the payment"
TXN00000660,unusual_vendor,Unusual Vendor,0.7,Unusual vendor (Silverline Logistics Group): amount is more than 8x this vendor's average payment
TXN00005985,unusual_vendor,Unusual Vendor,0.6,"Unusual vendor (Pacific Packaging Co., Ltd.): vendor registered less than 90 days before the payment"
TXN00023470,unusual_vendor,Unusual Vendor,0.55,"Unusual vendor (Innovate Packaging Co., Ltd.): amount is more than 8x this vendor's average payment"
TXN00027571,unusual_vendor,Unusual Vendor,0.6,"Unusual vendor (Kaiyuan Media (Shanghai) Co., Ltd.): vendor registered less than 90 days before the payment"
TXN00029960,unusual_vendor,Unusual Vendor,0.55,"Unusual vendor (Everest Engineering (Beijing) Co., Ltd.): vendor had no activity for over 180 days before this payment"
TXN00006246,unusual_vendor,Unusual Vendor,0.55,"Unusual vendor (Bright Consulting Co., Ltd.): vendor had no activity for over 180 days before this payment"
TXN00018117,unusual_vendor,Unusual Vendor,0.6,Unusual vendor (Sunrise Media Group): vendor registered less than 90 days before the payment
TXN00000081,unusual_vendor,Unusual Vendor,0.7,"Unusual vendor (Northwind Facilities Co., Ltd.): amount is more than 8x this vendor's average payment"
TXN00029421,unusual_vendor,Unusual Vendor,0.6,Unusual vendor (Ruixin Engineering Holdings): vendor registered less than 90 days before the payment
TXN00019661,unusual_vendor,Unusual Vendor,0.6,"Unusual vendor (Wanhe Automation (Shenzhen) Co., Ltd.): vendor registered less than 90 days before the payment"
TXN00021018,unusual_vendor,Unusual Vendor,0.6,Unusual vendor (Sunrise Media Group): vendor registered less than 90 days before the payment
TXN00023386,unusual_vendor,Unusual Vendor,0.55,"Unusual vendor (Nordic Electronics (Shenzhen) Co., Ltd.): vendor had no activity for over 180 days before this payment"
TXN00027924,unusual_vendor,Unusual Vendor,0.55,"Unusual vendor (Pacific Media (Shenzhen) Co., Ltd.): vendor had no activity for over 180 days before this payment"
TXN00000257,unusual_vendor,Unusual Vendor,0.55,"Unusual vendor (Ruixin Industrial (Guangzhou) Co., Ltd.): amount is more than 8x this vendor's average payment"
TXN00004901,unusual_vendor,Unusual Vendor,0.6,Unusual vendor (Kunlun Consulting Holdings): vendor registered less than 90 days before the payment
TXN00015946,unusual_vendor,Unusual Vendor,0.7,"Unusual vendor (Longhe Systems (Shanghai) Co., Ltd.): amount is more than 8x this vendor's average payment"
TXN00007393,unusual_vendor,Unusual Vendor,0.55,"Unusual vendor (Zhongtai Facilities (Shanghai) Co., Ltd.): amount is more than 8x this vendor's average payment"
TXN00011117,unusual_vendor,Unusual Vendor,0.55,Unusual vendor (Tianhe Supply Chain Holdings): amount is more than 8x this vendor's average payment
TXN00003584,unusual_vendor,Unusual Vendor,0.6,"Unusual vendor (Pacific Facilities (Shenzhen) Co., Ltd.): vendor registered less than 90 days before the payment"
TXN00026928,unusual_vendor,Unusual Vendor,0.6,"Unusual vendor (Bright Automation (Shanghai) Co., Ltd.): vendor registered less than 90 days before the payment"
TXN00013247,unusual_vendor,Unusual Vendor,0.6,Unusual vendor (Kunlun Consulting Holdings): vendor registered less than 90 days before the payment
TXN00007762,unusual_vendor,Unusual Vendor,0.6,"Unusual vendor (Innovate Engineering Co., Ltd.): vendor registered less than 90 days before the payment"
TXN00013515,unusual_vendor,Unusual Vendor,0.55,Unusual vendor (Wanhe Packaging Holdings): vendor had no activity for over 180 days before this payment
TXN00016989,unusual_vendor,Unusual Vendor,0.6,"Unusual vendor (Bright Engineering (Shenzhen) Co., Ltd.): vendor registered less than 90 days before the payment"
TXN00022428,unusual_vendor,Unusual Vendor,0.6,"Unusual vendor (Pacific Packaging Co., Ltd.): vendor registered less than 90 days before the payment"
TXN00016149,unusual_vendor,Unusual Vendor,0.6,"Unusual vendor (Pacific Media (Shenzhen) Co., Ltd.): vendor registered less than 90 days before the payment"
TXN00011318,unusual_vendor,Unusual Vendor,0.6,Unusual vendor (Ruixin Engineering Holdings): vendor registered less than 90 days before the payment
TXN00020447,unusual_vendor,Unusual Vendor,0.55,Unusual vendor (Silverline Engineering Holdings): amount is more than 8x this vendor's average payment
TXN00027727,unusual_vendor,Unusual Vendor,0.6,"Unusual vendor (Pacific Engineering Co., Ltd.): vendor registered less than 90 days before the payment"
TXN00002280,unusual_vendor,Unusual Vendor,0.7,"Unusual vendor (Innovate Materials Co., Ltd.): amount is more than 8x this vendor's average payment"
TXN00001226,unusual_vendor,Unusual Vendor,0.6,"Unusual vendor (Wanhe Automation (Shenzhen) Co., Ltd.): vendor registered less than 90 days before the payment"
TXN00007025,unusual_vendor,Unusual Vendor,0.6,"Unusual vendor (Bright Engineering (Shenzhen) Co., Ltd.): vendor registered less than 90 days before the payment"
TXN00008993,unusual_vendor,Unusual Vendor,0.75,"Unusual vendor (Bright Packaging (Shenzhen) Co., Ltd.): vendor registered less than 90 days before the payment"
TXN00029388,unusual_vendor,Unusual Vendor,0.6,"Unusual vendor (Pacific Engineering Co., Ltd.): vendor registered less than 90 days before the payment"
TXN00024037,unusual_vendor,Unusual Vendor,0.6,"Unusual vendor (Kaiyuan Media (Shanghai) Co., Ltd.): vendor registered less than 90 days before the payment"
TXN00012816,unusual_vendor,Unusual Vendor,0.55,"Unusual vendor (Longhe Logistics Co., Ltd.): vendor had no activity for over 180 days before this payment"
TXN00021567,unusual_vendor,Unusual Vendor,0.7,"Unusual vendor (Tianhe Industrial (Guangzhou) Co., Ltd.): amount is more than 8x this vendor's average payment"
TXN00000537,unusual_vendor,Unusual Vendor,0.55,"Unusual vendor (Wanhe Supply Chain (Guangzhou) Co., Ltd.): amount is more than 8x this vendor's average payment"
TXN00016180,unusual_vendor,Unusual Vendor,0.6,Unusual vendor (Ruixin Engineering Holdings): vendor registered less than 90 days before the payment
TXN00014271,unusual_vendor,Unusual Vendor,0.6,"Unusual vendor (Wanhe Logistics (Guangzhou) Co., Ltd.): vendor registered less than 90 days before the payment"
TXN00012967,unusual_vendor,Unusual Vendor,0.6,Unusual vendor (Kunlun Media Holdings): vendor registered less than 90 days before the payment
TXN00025915,unusual_vendor,Unusual Vendor,0.6,"Unusual vendor (Pacific Packaging Co., Ltd.): vendor registered less than 90 days before the payment"
TXN00024676,unusual_vendor,Unusual Vendor,0.6,"Unusual vendor (Pacific Media (Shenzhen) Co., Ltd.): vendor registered less than 90 days before the payment"
TXN00027545,unusual_vendor,Unusual Vendor,0.6,"Unusual vendor (Silverline Services (Beijing) Co., Ltd.): vendor registered less than 90 days before the payment"
TXN00015471,unusual_vendor,Unusual Vendor,0.6,"Unusual vendor (Wanhe Materials (Beijing) Co., Ltd.): vendor registered less than 90 days before the payment"
TXN00002646,unusual_vendor,Unusual Vendor,0.55,"Unusual vendor (Bright Trading (Beijing) Co., Ltd.): vendor had no activity for over 180 days before this payment"
TXN00016242,unusual_vendor,Unusual Vendor,0.6,Unusual vendor (Concord Facilities Holdings): vendor registered less than 90 days before the payment
TXN00011652,unusual_vendor,Unusual Vendor,0.6,Unusual vendor (Sunrise Media Group): vendor registered less than 90 days before the payment
TXN00005022,unusual_vendor,Unusual Vendor,0.6,"Unusual vendor (Pacific Engineering Co., Ltd.): vendor registered less than 90 days before the payment"
TXN00001302,unusual_vendor,Unusual Vendor,0.55,Unusual vendor (Delta Facilities Group): amount is more than 8x this vendor's average payment
TXN00001273,unusual_vendor,Unusual Vendor,0.6,Unusual vendor (Ruixin Engineering Holdings): vendor registered less than 90 days before the payment
TXN00014897,unusual_vendor,Unusual Vendor,0.6,Unusual vendor (Kunlun Media Holdings): vendor registered less than 90 days before the payment
TXN00018088,unusual_vendor,Unusual Vendor,0.55,"Unusual vendor (Pacific Systems Co., Ltd.): amount is more than 8x this vendor's average payment"
TXN00024397,unusual_vendor,Unusual Vendor,0.6,"Unusual vendor (Wanhe Automation (Shenzhen) Co., Ltd.): vendor registered less than 90 days before the payment"
TXN00027153,unusual_vendor,Unusual Vendor,0.6,"Unusual vendor (Pacific Facilities (Shenzhen) Co., Ltd.): vendor registered less than 90 days before the payment"
TXN00004291,unusual_vendor,Unusual Vendor,0.6,"Unusual vendor (Fortune Consulting (Guangzhou) Co., Ltd.): vendor registered less than 90 days before the payment"
TXN00026409,unusual_vendor,Unusual Vendor,0.55,"Unusual vendor (Pacific Logistics Co., Ltd.): amount is more than 8x this vendor's average payment"
TXN00026098,unusual_vendor,Unusual Vendor,0.6,"Unusual vendor (Global Trading Co., Ltd.): vendor registered less than 90 days before the payment"
TXN00006478,unusual_vendor,Unusual Vendor,0.7,Unusual vendor (Longhe Logistics Holdings): amount is more than 8x this vendor's average payment
TXN00015010,unusual_vendor,Unusual Vendor,0.6,"Unusual vendor (Silverline Services (Beijing) Co., Ltd.): vendor registered less than 90 days before the payment"
TXN00016570,unusual_vendor,Unusual Vendor,0.6,"Unusual vendor (Silverline Services (Beijing) Co., Ltd.): vendor registered less than 90 days before the payment"
TXN00015522,unusual_vendor,Unusual Vendor,0.6,"Unusual vendor (Kunlun Trading (Shanghai) Co., Ltd.): vendor registered less than 90 days before the payment"
TXN00021890,unusual_vendor,Unusual Vendor,0.55,"Unusual vendor (Silverline Supply Chain (Guangzhou) Co., Ltd.): amount is more than 8x this vendor's average payment"
TXN00019865,unusual_vendor,Unusual Vendor,0.55,Unusual vendor (Mingda Technology Group): amount is more than 8x this vendor's average payment
TXN00006554,unusual_vendor,Unusual Vendor,0.6,"Unusual vendor (Pacific Engineering Co., Ltd.): vendor registered less than 90 days before the payment"
TXN00025990,unusual_vendor,Unusual Vendor,0.7,"Unusual vendor (Zhongtai Industrial (Beijing) Co., Ltd.): amount is more than 8x this vendor's average payment"
TXN00006457,unusual_vendor,Unusual Vendor,0.7,"Unusual vendor (Everest Services (Shenzhen) Co., Ltd.): amount is more than 8x this vendor's average payment"
TXN00011249,unusual_vendor,Unusual Vendor,0.6,"Unusual vendor (Pacific Media (Shenzhen) Co., Ltd.): vendor registered less than 90 days before the payment"
TXN00006609,unusual_vendor,Unusual Vendor,0.6,Unusual vendor (Ruixin Engineering Holdings): vendor registered less than 90 days before the payment
TXN00017778,unusual_vendor,Unusual Vendor,0.55,"Unusual vendor (Hanwei Facilities (Shenzhen) Co., Ltd.): amount is more than 8x this vendor's average payment"
TXN00012844,unusual_vendor,Unusual Vendor,0.6,"Unusual vendor (Silverline Services (Beijing) Co., Ltd.): vendor registered less than 90 days before the payment"
TXN00005889,unusual_vendor,Unusual Vendor,0.6,"Unusual vendor (Innovate Engineering Co., Ltd.): vendor registered less than 90 days before the payment"
TXN00018115,unusual_vendor,Unusual Vendor,0.6,Unusual vendor (Ruixin Engineering Holdings): vendor registered less than 90 days before the payment
TXN00026026,unusual_vendor,Unusual Vendor,0.7,"Unusual vendor (Kaiyuan Trading (Shanghai) Co., Ltd.): amount is more than 8x this vendor's average payment"
TXN00029899,unusual_vendor,Unusual Vendor,0.6,"Unusual vendor (Wanhe Automation (Shenzhen) Co., Ltd.): vendor registered less than 90 days before the payment"
TXN00008690,unusual_vendor,Unusual Vendor,0.6,"Unusual vendor (Kunlun Trading (Shanghai) Co., Ltd.): vendor registered less than 90 days before the payment"
TXN00004052,unusual_vendor,Unusual Vendor,0.6,"Unusual vendor (Sunrise Engineering (Beijing) Co., Ltd.): vendor registered less than 90 days before the payment"
TXN00028789,unusual_vendor,Unusual Vendor,0.6,Unusual vendor (Northwind Electronics Group): vendor registered less than 90 days before the payment
TXN00012133,unusual_vendor,Unusual Vendor,0.6,"Unusual vendor (Blue Ridge Electronics (Guangzhou) Co., Ltd.): vendor registered less than 90 days before the payment"
TXN00005572,unusual_vendor,Unusual Vendor,0.6,Unusual vendor (Delta Media Group): vendor registered less than 90 days before the payment
TXN00018516,unusual_vendor,Unusual Vendor,0.6,"Unusual vendor (Global Trading Co., Ltd.): vendor registered less than 90 days before the payment"
TXN00009809,unusual_vendor,Unusual Vendor,0.6,"Unusual vendor (Innovate Trading Co., Ltd.): vendor registered less than 90 days before the payment"
TXN00003709,unusual_vendor,Unusual Vendor,0.7,"Unusual vendor (Apex Packaging (Shenzhen) Co., Ltd.): amount is more than 8x this vendor's average payment"
TXN00022420,unusual_vendor,Unusual Vendor,0.6,Unusual vendor (Innovate Materials Group): vendor registered less than 90 days before the payment
TXN00008558,unusual_vendor,Unusual Vendor,0.55,"Unusual vendor (Silverline Engineering (Guangzhou) Co., Ltd.): vendor had no activity for over 180 days before this payment"
TXN00029570,unusual_vendor,Unusual Vendor,0.6,"Unusual vendor (Kaiyuan Media (Shanghai) Co., Ltd.): vendor registered less than 90 days before the payment"
TXN00029107,unusual_vendor,Unusual Vendor,0.7,"Unusual vendor (Nordic Packaging (Guangzhou) Co., Ltd.): amount is more than 8x this vendor's average payment"
TXN00000865,unusual_vendor,Unusual Vendor,0.6,"Unusual vendor (Global Trading Co., Ltd.): vendor registered less than 90 days before the payment"
TXN00004675,unusual_vendor,Unusual Vendor,0.6,"Unusual vendor (Apex Logistics (Shenzhen) Co., Ltd.): vendor registered less than 90 days before the payment"
TXN00016973,unusual_vendor,Unusual Vendor,0.6,Unusual vendor (Innovate Consulting Group): vendor registered less than 90 days before the payment
TXN00007840,unusual_vendor,Unusual Vendor,0.6,"Unusual vendor (Global Trading Co., Ltd.): vendor registered less than 90 days before the payment"
TXN00028898,unusual_vendor,Unusual Vendor,0.6,Unusual vendor (Northwind Systems Group): vendor registered less than 90 days before the payment
TXN00011775,unusual_vendor,Unusual Vendor,0.6,"Unusual vendor (Wanhe Materials (Beijing) Co., Ltd.): vendor registered less than 90 days before the payment"
TXN00022767,unusual_vendor,Unusual Vendor,0.6,"Unusual vendor (Xinrun Media (Guangzhou) Co., Ltd.): vendor registered less than 90 days before the payment"
TXN00022356,unusual_vendor,Unusual Vendor,0.55,"Unusual vendor (Qianhai Materials (Guangzhou) Co., Ltd.): amount is more than 8x this vendor's average payment"
TXN00029458,unusual_vendor,Unusual Vendor,0.6,"Unusual vendor (Fortune Technology (Guangzhou) Co., Ltd.): vendor registered less than 90 days before the payment"
TXN00007947,unusual_vendor,Unusual Vendor,0.6,"Unusual vendor (Bright Engineering (Shenzhen) Co., Ltd.): vendor registered less than 90 days before the payment"
TXN00010362,unusual_vendor,Unusual Vendor,0.6,Unusual vendor (Innovate Consulting Group): vendor registered less than 90 days before the payment
TXN00002379,unusual_vendor,Unusual Vendor,0.6,"Unusual vendor (Pacific Packaging Co., Ltd.): vendor registered less than 90 days before the payment"
TXN00003022,unusual_vendor,Unusual Vendor,0.6,"Unusual vendor (Innovate Engineering Co., Ltd.): vendor registered less than 90 days before the payment"
TXN00020599,unusual_vendor,Unusual Vendor,0.6,"Unusual vendor (Fortune Consulting (Guangzhou) Co., Ltd.): vendor registered less than 90 days before the payment"
TXN00018328,unusual_vendor,Unusual Vendor,0.6,"Unusual vendor (Xinrun Media (Guangzhou) Co., Ltd.): vendor registered less than 90 days before the payment"
TXN00023346,unusual_vendor,Unusual Vendor,0.55,"Unusual vendor (Ruixin Industrial (Beijing) Co., Ltd.): amount is more than 8x this vendor's average payment"
TXN00015136,unusual_vendor,Unusual Vendor,0.6,"Unusual vendor (Kunlun Technology (Shanghai) Co., Ltd.): vendor registered less than 90 days before the payment"
TXN00008872,unusual_vendor,Unusual Vendor,0.55,"Unusual vendor (Innovate Technology (Shanghai) Co., Ltd.): amount is more than 8x this vendor's average payment"
TXN00015732,unusual_vendor,Unusual Vendor,0.6,Unusual vendor (Ruixin Services Holdings): vendor registered less than 90 days before the payment
TXN00011651,unusual_vendor,Unusual Vendor,0.6,"Unusual vendor (Fortune Consulting (Guangzhou) Co., Ltd.): vendor registered less than 90 days before the payment"
TXN00003730,unusual_vendor,Unusual Vendor,0.6,Unusual vendor (Innovate Materials Group): vendor registered less than 90 days before the payment
TXN00029897,unusual_vendor,Unusual Vendor,0.6,Unusual vendor (Zenith Supply Chain Holdings): vendor registered less than 90 days before the payment
TXN00011529,unusual_vendor,Unusual Vendor,0.6,Unusual vendor (Innovate Consulting Group): vendor registered less than 90 days before the payment
TXN00020539,unusual_vendor,Unusual Vendor,0.82,"Unusual vendor (Kaiyuan Engineering Co., Ltd.): vendor registered less than 90 days before the payment; vendor had no activity for over 180 days before this payment"
TXN00021519,unusual_vendor,Unusual Vendor,0.6,"Unusual vendor (Bright Industrial (Guangzhou) Co., Ltd.): vendor registered less than 90 days before the payment"
TXN00010470,unusual_vendor,Unusual Vendor,0.6,"Unusual vendor (Sunrise Engineering (Beijing) Co., Ltd.): vendor registered less than 90 days before the payment"
TXN00006515,unusual_vendor,Unusual Vendor,0.6,"Unusual vendor (Bright Automation (Shanghai) Co., Ltd.): vendor registered less than 90 days before the payment"
TXN00000197,unusual_vendor,Unusual Vendor,0.6,"Unusual vendor (Kunlun Trading (Shanghai) Co., Ltd.): vendor registered less than 90 days before the payment"
TXN00001822,unusual_vendor,Unusual Vendor,0.55,Unusual vendor (Fortune Services Group): amount is more than 8x this vendor's average payment
TXN00015696,unusual_vendor,Unusual Vendor,0.6,"Unusual vendor (Silverline Services (Beijing) Co., Ltd.): vendor registered less than 90 days before the payment"
TXN00000302,unusual_vendor,Unusual Vendor,0.6,"Unusual vendor (Kunlun Trading (Shanghai) Co., Ltd.): vendor registered less than 90 days before the payment"
TXN00028283,unusual_vendor,Unusual Vendor,0.6,"Unusual vendor (Concord Engineering (Shenzhen) Co., Ltd.): vendor registered less than 90 days before the payment"
TXN00010802,unusual_vendor,Unusual Vendor,0.6,"Unusual vendor (Pacific Facilities (Shenzhen) Co., Ltd.): vendor registered less than 90 days before the payment"
TXN00010663,unusual_vendor,Unusual Vendor,0.55,Unusual vendor (Innovate Packaging Group): amount is more than 8x this vendor's average payment
TXN00013442,unusual_vendor,Unusual Vendor,0.6,"Unusual vendor (Pacific Media (Shenzhen) Co., Ltd.): vendor registered less than 90 days before the payment"
TXN00007088,unusual_vendor,Unusual Vendor,0.55,"Unusual vendor (Blue Ridge Engineering (Shenzhen) Co., Ltd.): vendor had no activity for over 180 days before this payment"
TXN00023082,unusual_vendor,Unusual Vendor,0.55,Unusual vendor (Northwind Media Holdings): amount is more than 8x this vendor's average payment
TXN00005575,unusual_vendor,Unusual Vendor,0.6,"Unusual vendor (Jinlong Industrial (Shanghai) Co., Ltd.): vendor registered less than 90 days before the payment"
TXN00022519,unusual_vendor,Unusual Vendor,0.7,"Unusual vendor (Blue Ridge Technology (Shanghai) Co., Ltd.): amount is more than 8x this vendor's average payment"
TXN00009306,unusual_vendor,Unusual Vendor,0.6,Unusual vendor (Northwind Electronics Group): vendor registered less than 90 days before the payment
TXN00002244,unusual_vendor,Unusual Vendor,0.6,"Unusual vendor (Kaiyuan Media (Shanghai) Co., Ltd.): vendor registered less than 90 days before the payment"
TXN00024976,unusual_vendor,Unusual Vendor,0.6,"Unusual vendor (Jinlong Industrial (Shanghai) Co., Ltd.): vendor registered less than 90 days before the payment"
TXN00028623,unusual_vendor,Unusual Vendor,0.6,Unusual vendor (Northwind Systems Group): vendor registered less than 90 days before the payment
TXN00020766,unusual_vendor,Unusual Vendor,0.6,"Unusual vendor (Kunlun Technology (Shanghai) Co., Ltd.): vendor registered less than 90 days before the payment"
TXN00027324,large_round_amount,Large Round Amount,0.5081,"Large round amount: CNY 700000.0 sits in the top 4.92% of all voucher values and is an exact multiple of 10,000"
TXN00017073,large_round_amount,Large Round Amount,0.7504,"Large round amount: CNY 1000000.0 sits in the top 2.5% of all voucher values and is an exact multiple of 10,000"
TXN00009194,large_round_amount,Large Round Amount,0.8616,"Large round amount: CNY 1250000.0 sits in the top 1.38% of all voucher values and is an exact multiple of 10,000"
TXN00029101,large_round_amount,Large Round Amount,0.7504,"Large round amount: CNY 1000000.0 sits in the top 2.5% of all voucher values and is an exact multiple of 10,000"
TXN00026825,large_round_amount,Large Round Amount,0.9778,"Large round amount: CNY 2250000.0 sits in the top 0.22% of all voucher values and is an exact multiple of 10,000"
TXN00027041,large_round_amount,Large Round Amount,0.8616,"Large round amount: CNY 1250000.0 sits in the top 1.38% of all voucher values and is an exact multiple of 10,000"
TXN00023392,large_round_amount,Large Round Amount,0.6063,"Large round amount: CNY 800000.0 sits in the top 3.94% of all voucher values and is an exact multiple of 10,000"
TXN00027757,large_round_amount,Large Round Amount,0.7504,"Large round amount: CNY 1000000.0 sits in the top 2.5% of all voucher values and is an exact multiple of 10,000"
TXN00020265,large_round_amount,Large Round Amount,0.8616,"Large round amount: CNY 1250000.0 sits in the top 1.38% of all voucher values and is an exact multiple of 10,000"
TXN00000400,large_round_amount,Large Round Amount,0.8616,"Large round amount: CNY 1250000.0 sits in the top 1.38% of all voucher values and is an exact multiple of 10,000"
TXN00019726,large_round_amount,Large Round Amount,0.5672,"Large round amount: CNY 973000.0 sits in the top 2.83% of all voucher values and is an exact multiple of 1,000"
TXN00010158,large_round_amount,Large Round Amount,0.8111,"Large round amount: CNY 1120000.0 sits in the top 1.89% of all voucher values and is an exact multiple of 10,000"
TXN00002080,large_round_amount,Large Round Amount,0.7504,"Large round amount: CNY 1000000.0 sits in the top 2.5% of all voucher values and is an exact multiple of 10,000"
TXN00006930,large_round_amount,Large Round Amount,0.7504,"Large round amount: CNY 1000000.0 sits in the top 2.5% of all voucher values and is an exact multiple of 10,000"
TXN00016365,large_round_amount,Large Round Amount,0.6827,"Large round amount: CNY 1197000.0 sits in the top 1.67% of all voucher values and is an exact multiple of 1,000"
TXN00008020,large_round_amount,Large Round Amount,0.7504,"Large round amount: CNY 1000000.0 sits in the top 2.5% of all voucher values and is an exact multiple of 10,000"
TXN00019279,large_round_amount,Large Round Amount,0.7504,"Large round amount: CNY 1000000.0 sits in the top 2.5% of all voucher values and is an exact multiple of 10,000"
TXN00018234,large_round_amount,Large Round Amount,0.7504,"Large round amount: CNY 1000000.0 sits in the top 2.5% of all voucher values and is an exact multiple of 10,000"
TXN00022937,large_round_amount,Large Round Amount,0.9499,"Large round amount: CNY 2000000.0 sits in the top 0.5% of all voucher values and is an exact multiple of 10,000"
TXN00013943,large_round_amount,Large Round Amount,0.4205,"Large round amount: CNY 763000.0 sits in the top 4.3% of all voucher values and is an exact multiple of 1,000"
TXN00005918,large_round_amount,Large Round Amount,0.9096,"Large round amount: CNY 1500000.0 sits in the top 0.9% of all voucher values and is an exact multiple of 10,000"
TXN00006356,large_round_amount,Large Round Amount,0.9499,"Large round amount: CNY 2000000.0 sits in the top 0.5% of all voucher values and is an exact multiple of 10,000"
TXN00028523,large_round_amount,Large Round Amount,0.7504,"Large round amount: CNY 1000000.0 sits in the top 2.5% of all voucher values and is an exact multiple of 10,000"
TXN00027402,large_round_amount,Large Round Amount,0.9778,"Large round amount: CNY 2250000.0 sits in the top 0.22% of all voucher values and is an exact multiple of 10,000"
TXN00007791,large_round_amount,Large Round Amount,0.8616,"Large round amount: CNY 1250000.0 sits in the top 1.38% of all voucher values and is an exact multiple of 10,000"
TXN00004380,large_round_amount,Large Round Amount,0.7504,"Large round amount: CNY 1000000.0 sits in the top 2.5% of all voucher values and is an exact multiple of 10,000"
TXN00025872,large_round_amount,Large Round Amount,0.7504,"Large round amount: CNY 1000000.0 sits in the top 2.5% of all voucher values and is an exact multiple of 10,000"
TXN00012921,large_round_amount,Large Round Amount,0.9778,"Large round amount: CNY 2250000.0 sits in the top 0.22% of all voucher values and is an exact multiple of 10,000"
TXN00018944,large_round_amount,Large Round Amount,0.9499,"Large round amount: CNY 2000000.0 sits in the top 0.5% of all voucher values and is an exact multiple of 10,000"
TXN00024587,large_round_amount,Large Round Amount,0.6462,"Large round amount: CNY 1065000.0 sits in the top 2.04% of all voucher values and is an exact multiple of 1,000"
TXN00024355,large_round_amount,Large Round Amount,0.5569,"Large round amount: CNY 750000.0 sits in the top 4.43% of all voucher values and is an exact multiple of 10,000"
TXN00019946,large_round_amount,Large Round Amount,0.9778,"Large round amount: CNY 2250000.0 sits in the top 0.22% of all voucher values and is an exact multiple of 10,000"
TXN00015939,large_round_amount,Large Round Amount,0.7504,"Large round amount: CNY 1000000.0 sits in the top 2.5% of all voucher values and is an exact multiple of 10,000"
TXN00008469,large_round_amount,Large Round Amount,0.7504,"Large round amount: CNY 1000000.0 sits in the top 2.5% of all voucher values and is an exact multiple of 10,000"
TXN00022217,large_round_amount,Large Round Amount,0.8616,"Large round amount: CNY 1250000.0 sits in the top 1.38% of all voucher values and is an exact multiple of 10,000"
TXN00002848,large_round_amount,Large Round Amount,0.9778,"Large round amount: CNY 2250000.0 sits in the top 0.22% of all voucher values and is an exact multiple of 10,000"
TXN00013017,large_round_amount,Large Round Amount,0.6063,"Large round amount: CNY 800000.0 sits in the top 3.94% of all voucher values and is an exact multiple of 10,000"
TXN00014657,large_round_amount,Large Round Amount,0.5771,"Large round amount: CNY 770000.0 sits in the top 4.23% of all voucher values and is an exact multiple of 10,000"
TXN00010721,large_round_amount,Large Round Amount,0.9778,"Large round amount: CNY 2250000.0 sits in the top 0.22% of all voucher values and is an exact multiple of 10,000"
TXN00025377,large_round_amount,Large Round Amount,0.9499,"Large round amount: CNY 2000000.0 sits in the top 0.5% of all voucher values and is an exact multiple of 10,000"
TXN00005592,large_round_amount,Large Round Amount,0.5569,"Large round amount: CNY 750000.0 sits in the top 4.43% of all voucher values and is an exact multiple of 10,000"
TXN00021981,large_round_amount,Large Round Amount,0.7504,"Large round amount: CNY 1000000.0 sits in the top 2.5% of all voucher values and is an exact multiple of 10,000"
TXN00002893,large_round_amount,Large Round Amount,0.7504,"Large round amount: CNY 1000000.0 sits in the top 2.5% of all voucher values and is an exact multiple of 10,000"
TXN00000113,large_round_amount,Large Round Amount,0.8616,"Large round amount: CNY 1250000.0 sits in the top 1.38% of all voucher values and is an exact multiple of 10,000"
TXN00018354,large_round_amount,Large Round Amount,0.7877,"Large round amount: CNY 1040000.0 sits in the top 2.12% of all voucher values and is an exact multiple of 10,000"
TXN00013617,large_round_amount,Large Round Amount,0.9499,"Large round amount: CNY 2000000.0 sits in the top 0.5% of all voucher values and is an exact multiple of 10,000"
TXN00009504,large_round_amount,Large Round Amount,0.9499,"Large round amount: CNY 2000000.0 sits in the top 0.5% of all voucher values and is an exact multiple of 10,000"
TXN00012076,large_round_amount,Large Round Amount,0.9778,"Large round amount: CNY 2250000.0 sits in the top 0.22% of all voucher values and is an exact multiple of 10,000"
TXN00016135,large_round_amount,Large Round Amount,0.6063,"Large round amount: CNY 800000.0 sits in the top 3.94% of all voucher values and is an exact multiple of 10,000"
TXN00001357,large_round_amount,Large Round Amount,0.9778,"Large round amount: CNY 2250000.0 sits in the top 0.22% of all voucher values and is an exact multiple of 10,000"
TXN00006253,large_round_amount,Large Round Amount,0.5569,"Large round amount: CNY 750000.0 sits in the top 4.43% of all voucher values and is an exact multiple of 10,000"
TXN00008820,large_round_amount,Large Round Amount,0.6754,"Large round amount: CNY 1178000.0 sits in the top 1.75% of all voucher values and is an exact multiple of 1,000"
TXN00013646,large_round_amount,Large Round Amount,0.5569,"Large round amount: CNY 750000.0 sits in the top 4.43% of all voucher values and is an exact multiple of 10,000"
TXN00000641,large_round_amount,Large Round Amount,0.7504,"Large round amount: CNY 1000000.0 sits in the top 2.5% of all voucher values and is an exact multiple of 10,000"
TXN00000391,large_round_amount,Large Round Amount,0.7504,"Large round amount: CNY 1000000.0 sits in the top 2.5% of all voucher values and is an exact multiple of 10,000"
TXN00012644,large_round_amount,Large Round Amount,0.8616,"Large round amount: CNY 1250000.0 sits in the top 1.38% of all voucher values and is an exact multiple of 10,000"
TXN00002821,large_round_amount,Large Round Amount,0.7504,"Large round amount: CNY 1000000.0 sits in the top 2.5% of all voucher values and is an exact multiple of 10,000"
TXN00017972,large_round_amount,Large Round Amount,0.5569,"Large round amount: CNY 750000.0 sits in the top 4.43% of all voucher values and is an exact multiple of 10,000"
TXN00014891,large_round_amount,Large Round Amount,0.8616,"Large round amount: CNY 1250000.0 sits in the top 1.38% of all voucher values and is an exact multiple of 10,000"
TXN00003688,large_round_amount,Large Round Amount,0.7504,"Large round amount: CNY 1000000.0 sits in the top 2.5% of all voucher values and is an exact multiple of 10,000"
TXN00006297,large_round_amount,Large Round Amount,0.8616,"Large round amount: CNY 1250000.0 sits in the top 1.38% of all voucher values and is an exact multiple of 10,000"
TXN00019785,large_round_amount,Large Round Amount,0.5569,"Large round amount: CNY 750000.0 sits in the top 4.43% of all voucher values and is an exact multiple of 10,000"
TXN00000065,large_round_amount,Large Round Amount,0.6226,"Large round amount: CNY 1002000.0 sits in the top 2.27% of all voucher values and is an exact multiple of 1,000"
TXN00019938,large_round_amount,Large Round Amount,0.5377,"Large round amount: CNY 918000.0 sits in the top 3.12% of all voucher values and is an exact multiple of 1,000"
TXN00029262,large_round_amount,Large Round Amount,0.5569,"Large round amount: CNY 750000.0 sits in the top 4.43% of all voucher values and is an exact multiple of 10,000"
TXN00003634,large_round_amount,Large Round Amount,0.6807,"Large round amount: CNY 1191000.0 sits in the top 1.69% of all voucher values and is an exact multiple of 1,000"
TXN00027937,large_round_amount,Large Round Amount,0.5569,"Large round amount: CNY 750000.0 sits in the top 4.43% of all voucher values and is an exact multiple of 10,000"
TXN00017210,large_round_amount,Large Round Amount,0.7504,"Large round amount: CNY 1000000.0 sits in the top 2.5% of all voucher values and is an exact multiple of 10,000"
TXN00023520,large_round_amount,Large Round Amount,0.5133,"Large round amount: CNY 875000.0 sits in the top 3.37% of all voucher values and is an exact multiple of 1,000"
TXN00010395,large_round_amount,Large Round Amount,0.5569,"Large round amount: CNY 750000.0 sits in the top 4.43% of all voucher values and is an exact multiple of 10,000"
TXN00015397,large_round_amount,Large Round Amount,0.8616,"Large round amount: CNY 1250000.0 sits in the top 1.38% of all voucher values and is an exact multiple of 10,000"
TXN00028517,large_round_amount,Large Round Amount,0.7504,"Large round amount: CNY 1000000.0 sits in the top 2.5% of all voucher values and is an exact multiple of 10,000"
TXN00007057,large_round_amount,Large Round Amount,0.6063,"Large round amount: CNY 800000.0 sits in the top 3.94% of all voucher values and is an exact multiple of 10,000"
TXN00010303,large_round_amount,Large Round Amount,0.9778,"Large round amount: CNY 2250000.0 sits in the top 0.22% of all voucher values and is an exact multiple of 10,000"
TXN00002167,large_round_amount,Large Round Amount,0.9096,"Large round amount: CNY 1500000.0 sits in the top 0.9% of all voucher values and is an exact multiple of 10,000"
TXN00023132,large_round_amount,Large Round Amount,0.5334,"Large round amount: CNY 908000.0 sits in the top 3.17% of all voucher values and is an exact multiple of 1,000"
TXN00025775,large_round_amount,Large Round Amount,0.7504,"Large round amount: CNY 1000000.0 sits in the top 2.5% of all voucher values and is an exact multiple of 10,000"
TXN00008920,large_round_amount,Large Round Amount,0.9778,"Large round amount: CNY 2250000.0 sits in the top 0.22% of all voucher values and is an exact multiple of 10,000"
TXN00020561,large_round_amount,Large Round Amount,0.7504,"Large round amount: CNY 1000000.0 sits in the top 2.5% of all voucher values and is an exact multiple of 10,000"
TXN00018558,large_round_amount,Large Round Amount,0.8616,"Large round amount: CNY 1250000.0 sits in the top 1.38% of all voucher values and is an exact multiple of 10,000"
TXN00022480,large_round_amount,Large Round Amount,0.7877,"Large round amount: CNY 1040000.0 sits in the top 2.12% of all voucher values and is an exact multiple of 10,000"
TXN00008835,large_round_amount,Large Round Amount,0.7504,"Large round amount: CNY 1000000.0 sits in the top 2.5% of all voucher values and is an exact multiple of 10,000"
TXN00005462,large_round_amount,Large Round Amount,0.7504,"Large round amount: CNY 1000000.0 sits in the top 2.5% of all voucher values and is an exact multiple of 10,000"
TXN00022952,large_round_amount,Large Round Amount,0.5133,"Large round amount: CNY 875000.0 sits in the top 3.37% of all voucher values and is an exact multiple of 1,000"
TXN00004829,large_round_amount,Large Round Amount,0.7504,"Large round amount: CNY 1000000.0 sits in the top 2.5% of all voucher values and is an exact multiple of 10,000"
TXN00002066,large_round_amount,Large Round Amount,0.7504,"Large round amount: CNY 1000000.0 sits in the top 2.5% of all voucher values and is an exact multiple of 10,000"
TXN00016808,large_round_amount,Large Round Amount,0.7504,"Large round amount: CNY 1000000.0 sits in the top 2.5% of all voucher values and is an exact multiple of 10,000"
TXN00022487,large_round_amount,Large Round Amount,0.7242,"Large round amount: CNY 990000.0 sits in the top 2.76% of all voucher values and is an exact multiple of 10,000"
TXN00003090,large_round_amount,Large Round Amount,0.9778,"Large round amount: CNY 2250000.0 sits in the top 0.22% of all voucher values and is an exact multiple of 10,000"
TXN00014009,large_round_amount,Large Round Amount,0.7504,"Large round amount: CNY 1000000.0 sits in the top 2.5% of all voucher values and is an exact multiple of 10,000"
TXN00018371,large_round_amount,Large Round Amount,0.9499,"Large round amount: CNY 2000000.0 sits in the top 0.5% of all voucher values and is an exact multiple of 10,000"
TXN00015745,large_round_amount,Large Round Amount,0.8616,"Large round amount: CNY 1250000.0 sits in the top 1.38% of all voucher values and is an exact multiple of 10,000"
TXN00028176,large_round_amount,Large Round Amount,0.7504,"Large round amount: CNY 1000000.0 sits in the top 2.5% of all voucher values and is an exact multiple of 10,000"
TXN00010714,large_round_amount,Large Round Amount,0.9778,"Large round amount: CNY 2250000.0 sits in the top 0.22% of all voucher values and is an exact multiple of 10,000"
TXN00021142,large_round_amount,Large Round Amount,0.5081,"Large round amount: CNY 700000.0 sits in the top 4.92% of all voucher values and is an exact multiple of 10,000"
TXN00009242,large_round_amount,Large Round Amount,0.9778,"Large round amount: CNY 2250000.0 sits in the top 0.22% of all voucher values and is an exact multiple of 10,000"
TXN00022455,large_round_amount,Large Round Amount,0.7504,"Large round amount: CNY 1000000.0 sits in the top 2.5% of all voucher values and is an exact multiple of 10,000"
TXN00007104,large_round_amount,Large Round Amount,0.8616,"Large round amount: CNY 1250000.0 sits in the top 1.38% of all voucher values and is an exact multiple of 10,000"
TXN00015008,large_round_amount,Large Round Amount,0.5133,"Large round amount: CNY 875000.0 sits in the top 3.37% of all voucher values and is an exact multiple of 1,000"
TXN00028678,large_round_amount,Large Round Amount,0.7504,"Large round amount: CNY 1000000.0 sits in the top 2.5% of all voucher values and is an exact multiple of 10,000"
TXN00024334,large_round_amount,Large Round Amount,0.7504,"Large round amount: CNY 1000000.0 sits in the top 2.5% of all voucher values and is an exact multiple of 10,000"
TXN00027137,large_round_amount,Large Round Amount,0.5569,"Large round amount: CNY 750000.0 sits in the top 4.43% of all voucher values and is an exact multiple of 10,000"
TXN00006056,large_round_amount,Large Round Amount,0.7504,"Large round amount: CNY 1000000.0 sits in the top 2.5% of all voucher values and is an exact multiple of 10,000"
TXN00019821,large_round_amount,Large Round Amount,0.5569,"Large round amount: CNY 750000.0 sits in the top 4.43% of all voucher values and is an exact multiple of 10,000"
TXN00013942,large_round_amount,Large Round Amount,0.9778,"Large round amount: CNY 2250000.0 sits in the top 0.22% of all voucher values and is an exact multiple of 10,000"
TXN00010974,large_round_amount,Large Round Amount,0.8616,"Large round amount: CNY 1250000.0 sits in the top 1.38% of all voucher values and is an exact multiple of 10,000"
TXN00007048,large_round_amount,Large Round Amount,0.9499,"Large round amount: CNY 2000000.0 sits in the top 0.5% of all voucher values and is an exact multiple of 10,000"
TXN00007309,large_round_amount,Large Round Amount,0.7504,"Large round amount: CNY 1000000.0 sits in the top 2.5% of all voucher values and is an exact multiple of 10,000"
TXN00027325,large_round_amount,Large Round Amount,0.5061,"Large round amount: CNY 866000.0 sits in the top 3.44% of all voucher values and is an exact multiple of 1,000"
TXN00013620,large_round_amount,Large Round Amount,0.5133,"Large round amount: CNY 875000.0 sits in the top 3.37% of all voucher values and is an exact multiple of 1,000"
TXN00007705,large_round_amount,Large Round Amount,0.7504,"Large round amount: CNY 1000000.0 sits in the top 2.5% of all voucher values and is an exact multiple of 10,000"
TXN00006204,large_round_amount,Large Round Amount,0.8616,"Large round amount: CNY 1250000.0 sits in the top 1.38% of all voucher values and is an exact multiple of 10,000"
TXN00000855,large_round_amount,Large Round Amount,0.8616,"Large round amount: CNY 1250000.0 sits in the top 1.38% of all voucher values and is an exact multiple of 10,000"
TXN00025440,large_round_amount,Large Round Amount,0.9778,"Large round amount: CNY 2250000.0 sits in the top 0.22% of all voucher values and is an exact multiple of 10,000"
TXN00024088,large_round_amount,Large Round Amount,0.8616,"Large round amount: CNY 1250000.0 sits in the top 1.38% of all voucher values and is an exact multiple of 10,000"
TXN00025642,large_round_amount,Large Round Amount,0.9499,"Large round amount: CNY 2000000.0 sits in the top 0.5% of all voucher values and is an exact multiple of 10,000"
TXN00027087,large_round_amount,Large Round Amount,0.7883,"Large round amount: CNY 1861000.0 sits in the top 0.62% of all voucher values and is an exact multiple of 1,000"
TXN00021471,large_round_amount,Large Round Amount,0.8616,"Large round amount: CNY 1250000.0 sits in the top 1.38% of all voucher values and is an exact multiple of 10,000"
TXN00016457,large_round_amount,Large Round Amount,0.5509,"Large round amount: CNY 938000.0 sits in the top 2.99% of all voucher values and is an exact multiple of 1,000"
TXN00021004,large_round_amount,Large Round Amount,0.7504,"Large round amount: CNY 1000000.0 sits in the top 2.5% of all voucher values and is an exact multiple of 10,000"
TXN00025543,large_round_amount,Large Round Amount,0.7504,"Large round amount: CNY 1000000.0 sits in the top 2.5% of all voucher values and is an exact multiple of 10,000"
TXN00006422,large_round_amount,Large Round Amount,0.7504,"Large round amount: CNY 1000000.0 sits in the top 2.5% of all voucher values and is an exact multiple of 10,000"
TXN00003326,large_round_amount,Large Round Amount,0.7504,"Large round amount: CNY 1000000.0 sits in the top 2.5% of all voucher values and is an exact multiple of 10,000"
TXN00010667,large_round_amount,Large Round Amount,0.7504,"Large round amount: CNY 1000000.0 sits in the top 2.5% of all voucher values and is an exact multiple of 10,000"
TXN00017935,large_round_amount,Large Round Amount,0.7504,"Large round amount: CNY 1000000.0 sits in the top 2.5% of all voucher values and is an exact multiple of 10,000"
TXN00014164,large_round_amount,Large Round Amount,0.9778,"Large round amount: CNY 2250000.0 sits in the top 0.22% of all voucher values and is an exact multiple of 10,000"
TXN00024641,large_round_amount,Large Round Amount,0.8616,"Large round amount: CNY 1250000.0 sits in the top 1.38% of all voucher values and is an exact multiple of 10,000"
TXN00014878,large_round_amount,Large Round Amount,0.6412,"Large round amount: CNY 1052000.0 sits in the top 2.09% of all voucher values and is an exact multiple of 1,000"
TXN00003957,large_round_amount,Large Round Amount,0.9379,"Large round amount: CNY 1860000.0 sits in the top 0.62% of all voucher values and is an exact multiple of 10,000"
TXN00002742,large_round_amount,Large Round Amount,0.8616,"Large round amount: CNY 1250000.0 sits in the top 1.38% of all voucher values and is an exact multiple of 10,000"
TXN00029275,large_round_amount,Large Round Amount,0.5619,"Large round amount: CNY 961000.0 sits in the top 2.88% of all voucher values and is an exact multiple of 1,000"
TXN00004882,large_round_amount,Large Round Amount,0.8616,"Large round amount: CNY 1250000.0 sits in the top 1.38% of all voucher values and is an exact multiple of 10,000"
TXN00010612,large_round_amount,Large Round Amount,0.5569,"Large round amount: CNY 750000.0 sits in the top 4.43% of all voucher values and is an exact multiple of 10,000"
TXN00025115,large_round_amount,Large Round Amount,0.6063,"Large round amount: CNY 800000.0 sits in the top 3.94% of all voucher values and is an exact multiple of 10,000"
TXN00006066,large_round_amount,Large Round Amount,0.9499,"Large round amount: CNY 2000000.0 sits in the top 0.5% of all voucher values and is an exact multiple of 10,000"
TXN00028344,large_round_amount,Large Round Amount,0.9778,"Large round amount: CNY 2250000.0 sits in the top 0.22% of all voucher values and is an exact multiple of 10,000"
TXN00021269,large_round_amount,Large Round Amount,0.7504,"Large round amount: CNY 1000000.0 sits in the top 2.5% of all voucher values and is an exact multiple of 10,000"
TXN00023272,large_round_amount,Large Round Amount,0.7504,"Large round amount: CNY 1000000.0 sits in the top 2.5% of all voucher values and is an exact multiple of 10,000"
TXN00011785,large_round_amount,Large Round Amount,0.7504,"Large round amount: CNY 1000000.0 sits in the top 2.5% of all voucher values and is an exact multiple of 10,000"
TXN00025130,large_round_amount,Large Round Amount,0.5571,"Large round amount: CNY 947000.0 sits in the top 2.93% of all voucher values and is an exact multiple of 1,000"
TXN00006935,large_round_amount,Large Round Amount,0.8616,"Large round amount: CNY 1250000.0 sits in the top 1.38% of all voucher values and is an exact multiple of 10,000"
TXN00001300,large_round_amount,Large Round Amount,0.8616,"Large round amount: CNY 1250000.0 sits in the top 1.38% of all voucher values and is an exact multiple of 10,000"
TXN00015873,large_round_amount,Large Round Amount,0.5569,"Large round amount: CNY 750000.0 sits in the top 4.43% of all voucher values and is an exact multiple of 10,000"
TXN00013033,large_round_amount,Large Round Amount,0.9562,"Large round amount: CNY 2020000.0 sits in the top 0.44% of all voucher values and is an exact multiple of 10,000"
TXN90000010,large_round_amount,Large Round Amount,0.8616,"Large round amount: CNY 1250000.0 sits in the top 1.38% of all voucher values and is an exact multiple of 10,000"
TXN00010503,large_round_amount,Large Round Amount,0.9778,"Large round amount: CNY 2250000.0 sits in the top 0.22% of all voucher values and is an exact multiple of 10,000"
TXN00018648,large_round_amount,Large Round Amount,0.9778,"Large round amount: CNY 2250000.0 sits in the top 0.22% of all voucher values and is an exact multiple of 10,000"
TXN00001548,large_round_amount,Large Round Amount,0.9778,"Large round amount: CNY 2250000.0 sits in the top 0.22% of all voucher values and is an exact multiple of 10,000"
TXN00012581,large_round_amount,Large Round Amount,0.9499,"Large round amount: CNY 2000000.0 sits in the top 0.5% of all voucher values and is an exact multiple of 10,000"
TXN00002811,large_round_amount,Large Round Amount,0.8616,"Large round amount: CNY 1250000.0 sits in the top 1.38% of all voucher values and is an exact multiple of 10,000"
TXN00015768,large_round_amount,Large Round Amount,0.9499,"Large round amount: CNY 2000000.0 sits in the top 0.5% of all voucher values and is an exact multiple of 10,000"
TXN00012912,large_round_amount,Large Round Amount,0.9778,"Large round amount: CNY 2250000.0 sits in the top 0.22% of all voucher values and is an exact multiple of 10,000"
TXN00019893,large_round_amount,Large Round Amount,0.6063,"Large round amount: CNY 800000.0 sits in the top 3.94% of all voucher values and is an exact multiple of 10,000"
TXN00018007,large_round_amount,Large Round Amount,0.7504,"Large round amount: CNY 1000000.0 sits in the top 2.5% of all voucher values and is an exact multiple of 10,000"
TXN00000846,large_round_amount,Large Round Amount,0.7504,"Large round amount: CNY 1000000.0 sits in the top 2.5% of all voucher values and is an exact multiple of 10,000"
TXN00015298,large_round_amount,Large Round Amount,0.3727,"Large round amount: CNY 716000.0 sits in the top 4.77% of all voucher values and is an exact multiple of 1,000"
TXN00029543,large_round_amount,Large Round Amount,0.6063,"Large round amount: CNY 800000.0 sits in the top 3.94% of all voucher values and is an exact multiple of 10,000"
TXN00024353,large_round_amount,Large Round Amount,0.9778,"Large round amount: CNY 2250000.0 sits in the top 0.22% of all voucher values and is an exact multiple of 10,000"
TXN00017058,large_round_amount,Large Round Amount,0.7504,"Large round amount: CNY 1000000.0 sits in the top 2.5% of all voucher values and is an exact multiple of 10,000"
TXN00027118,large_round_amount,Large Round Amount,0.7504,"Large round amount: CNY 1000000.0 sits in the top 2.5% of all voucher values and is an exact multiple of 10,000"
TXN00015604,large_round_amount,Large Round Amount,0.6678,"Large round amount: CNY 1149000.0 sits in the top 1.82% of all voucher values and is an exact multiple of 1,000"
TXN00007070,large_round_amount,Large Round Amount,0.7504,"Large round amount: CNY 1000000.0 sits in the top 2.5% of all voucher values and is an exact multiple of 10,000"
TXN00005557,large_round_amount,Large Round Amount,0.7504,"Large round amount: CNY 1000000.0 sits in the top 2.5% of all voucher values and is an exact multiple of 10,000"
TXN00028116,large_round_amount,Large Round Amount,0.8616,"Large round amount: CNY 1250000.0 sits in the top 1.38% of all voucher values and is an exact multiple of 10,000"
TXN00022397,large_round_amount,Large Round Amount,0.5569,"Large round amount: CNY 750000.0 sits in the top 4.43% of all voucher values and is an exact multiple of 10,000"
TXN00001151,large_round_amount,Large Round Amount,0.7504,"Large round amount: CNY 1000000.0 sits in the top 2.5% of all voucher values and is an exact multiple of 10,000"
TXN00013011,large_round_amount,Large Round Amount,0.8616,"Large round amount: CNY 1250000.0 sits in the top 1.38% of all voucher values and is an exact multiple of 10,000"
TXN00004619,large_round_amount,Large Round Amount,0.9499,"Large round amount: CNY 2000000.0 sits in the top 0.5% of all voucher values and is an exact multiple of 10,000"
TXN00013333,large_round_amount,Large Round Amount,0.8616,"Large round amount: CNY 1250000.0 sits in the top 1.38% of all voucher values and is an exact multiple of 10,000"
TXN00025389,large_round_amount,Large Round Amount,0.8616,"Large round amount: CNY 1250000.0 sits in the top 1.38% of all voucher values and is an exact multiple of 10,000"
TXN00009318,large_round_amount,Large Round Amount,0.6948,"Large round amount: CNY 930000.0 sits in the top 3.05% of all voucher values and is an exact multiple of 10,000"
TXN00014014,large_round_amount,Large Round Amount,0.9778,"Large round amount: CNY 2250000.0 sits in the top 0.22% of all voucher values and is an exact multiple of 10,000"
TXN00017512,large_round_amount,Large Round Amount,0.9778,"Large round amount: CNY 2250000.0 sits in the top 0.22% of all voucher values and is an exact multiple of 10,000"
TXN00020863,large_round_amount,Large Round Amount,0.9499,"Large round amount: CNY 2000000.0 sits in the top 0.5% of all voucher values and is an exact multiple of 10,000"
TXN00014751,large_round_amount,Large Round Amount,0.7504,"Large round amount: CNY 1000000.0 sits in the top 2.5% of all voucher values and is an exact multiple of 10,000"
TXN00019003,large_round_amount,Large Round Amount,0.5081,"Large round amount: CNY 871000.0 sits in the top 3.42% of all voucher values and is an exact multiple of 1,000"
TXN00001164,large_round_amount,Large Round Amount,0.8616,"Large round amount: CNY 1250000.0 sits in the top 1.38% of all voucher values and is an exact multiple of 10,000"
TXN00022776,large_round_amount,Large Round Amount,0.7504,"Large round amount: CNY 1000000.0 sits in the top 2.5% of all voucher values and is an exact multiple of 10,000"
TXN00026672,large_round_amount,Large Round Amount,0.8616,"Large round amount: CNY 1250000.0 sits in the top 1.38% of all voucher values and is an exact multiple of 10,000"
TXN00028398,large_round_amount,Large Round Amount,0.6063,"Large round amount: CNY 800000.0 sits in the top 3.94% of all voucher values and is an exact multiple of 10,000"
TXN00014764,large_round_amount,Large Round Amount,0.8616,"Large round amount: CNY 1250000.0 sits in the top 1.38% of all voucher values and is an exact multiple of 10,000"
TXN00009460,large_round_amount,Large Round Amount,0.9778,"Large round amount: CNY 2250000.0 sits in the top 0.22% of all voucher values and is an exact multiple of 10,000"
TXN00001485,large_round_amount,Large Round Amount,0.7504,"Large round amount: CNY 1000000.0 sits in the top 2.5% of all voucher values and is an exact multiple of 10,000"
TXN00011723,large_round_amount,Large Round Amount,0.8616,"Large round amount: CNY 1250000.0 sits in the top 1.38% of all voucher values and is an exact multiple of 10,000"
TXN00026808,large_round_amount,Large Round Amount,0.9499,"Large round amount: CNY 2000000.0 sits in the top 0.5% of all voucher values and is an exact multiple of 10,000"
TXN00011283,large_round_amount,Large Round Amount,0.9778,"Large round amount: CNY 2250000.0 sits in the top 0.22% of all voucher values and is an exact multiple of 10,000"
TXN00015009,large_round_amount,Large Round Amount,0.9499,"Large round amount: CNY 2000000.0 sits in the top 0.5% of all voucher values and is an exact multiple of 10,000"
TXN00027273,large_round_amount,Large Round Amount,0.9499,"Large round amount: CNY 2000000.0 sits in the top 0.5% of all voucher values and is an exact multiple of 10,000"
TXN00012857,large_round_amount,Large Round Amount,0.8858,"Large round amount: CNY 1320000.0 sits in the top 1.14% of all voucher values and is an exact multiple of 10,000"
TXN00006613,large_round_amount,Large Round Amount,0.8616,"Large round amount: CNY 1250000.0 sits in the top 1.38% of all voucher values and is an exact multiple of 10,000"
TXN00008226,large_round_amount,Large Round Amount,0.6503,"Large round amount: CNY 860000.0 sits in the top 3.5% of all voucher values and is an exact multiple of 10,000"
TXN00011262,large_round_amount,Large Round Amount,0.8616,"Large round amount: CNY 1250000.0 sits in the top 1.38% of all voucher values and is an exact multiple of 10,000"
TXN00009234,large_round_amount,Large Round Amount,0.7504,"Large round amount: CNY 1000000.0 sits in the top 2.5% of all voucher values and is an exact multiple of 10,000"
TXN00010247,large_round_amount,Large Round Amount,0.8616,"Large round amount: CNY 1250000.0 sits in the top 1.38% of all voucher values and is an exact multiple of 10,000"
TXN00018174,large_round_amount,Large Round Amount,0.7504,"Large round amount: CNY 1000000.0 sits in the top 2.5% of all voucher values and is an exact multiple of 10,000"
TXN00026300,large_round_amount,Large Round Amount,0.9778,"Large round amount: CNY 2250000.0 sits in the top 0.22% of all voucher values and is an exact multiple of 10,000"
TXN00012936,large_round_amount,Large Round Amount,0.9778,"Large round amount: CNY 2250000.0 sits in the top 0.22% of all voucher values and is an exact multiple of 10,000"
TXN00016874,large_round_amount,Large Round Amount,0.9778,"Large round amount: CNY 2250000.0 sits in the top 0.22% of all voucher values and is an exact multiple of 10,000"
TXN00028888,large_round_amount,Large Round Amount,0.9778,"Large round amount: CNY 2250000.0 sits in the top 0.22% of all voucher values and is an exact multiple of 10,000"
TXN00017689,large_round_amount,Large Round Amount,0.9778,"Large round amount: CNY 2250000.0 sits in the top 0.22% of all voucher values and is an exact multiple of 10,000"
TXN00022286,large_round_amount,Large Round Amount,0.8616,"Large round amount: CNY 1250000.0 sits in the top 1.38% of all voucher values and is an exact multiple of 10,000"
TXN00025300,large_round_amount,Large Round Amount,0.9778,"Large round amount: CNY 2250000.0 sits in the top 0.22% of all voucher values and is an exact multiple of 10,000"
TXN00021242,large_round_amount,Large Round Amount,0.6063,"Large round amount: CNY 800000.0 sits in the top 3.94% of all voucher values and is an exact multiple of 10,000"
TXN00010971,large_round_amount,Large Round Amount,0.7458,"Large round amount: CNY 1403000.0 sits in the top 1.04% of all voucher values and is an exact multiple of 1,000"
TXN00026224,large_round_amount,Large Round Amount,0.6777,"Large round amount: CNY 1184000.0 sits in the top 1.72% of all voucher values and is an exact multiple of 1,000"
TXN00015144,large_round_amount,Large Round Amount,0.6382,"Large round amount: CNY 1042000.0 sits in the top 2.12% of all voucher values and is an exact multiple of 1,000"
TXN00005932,large_round_amount,Large Round Amount,0.8616,"Large round amount: CNY 1250000.0 sits in the top 1.38% of all voucher values and is an exact multiple of 10,000"
TXN00012989,large_round_amount,Large Round Amount,0.9778,"Large round amount: CNY 2250000.0 sits in the top 0.22% of all voucher values and is an exact multiple of 10,000"
TXN00000313,large_round_amount,Large Round Amount,0.4973,"Large round amount: CNY 858000.0 sits in the top 3.53% of all voucher values and is an exact multiple of 1,000"
TXN00026094,large_round_amount,Large Round Amount,0.7504,"Large round amount: CNY 1000000.0 sits in the top 2.5% of all voucher values and is an exact multiple of 10,000"
TXN00014547,large_round_amount,Large Round Amount,0.8616,"Large round amount: CNY 1250000.0 sits in the top 1.38% of all voucher values and is an exact multiple of 10,000"
TXN00023064,large_round_amount,Large Round Amount,0.7504,"Large round amount: CNY 1000000.0 sits in the top 2.5% of all voucher values and is an exact multiple of 10,000"
TXN00021261,large_round_amount,Large Round Amount,0.7504,"Large round amount: CNY 1000000.0 sits in the top 2.5% of all voucher values and is an exact multiple of 10,000"
TXN00006853,large_round_amount,Large Round Amount,0.3664,"Large round amount: CNY 708000.0 sits in the top 4.84% of all voucher values and is an exact multiple of 1,000"
TXN00003845,large_round_amount,Large Round Amount,0.5081,"Large round amount: CNY 700000.0 sits in the top 4.92% of all voucher values and is an exact multiple of 10,000"
TXN00001739,large_round_amount,Large Round Amount,0.9778,"Large round amount: CNY 2250000.0 sits in the top 0.22% of all voucher values and is an exact multiple of 10,000"
TXN00002771,large_round_amount,Large Round Amount,0.8487,"Large round amount: CNY 3553000.0 sits in the top 0.01% of all voucher values and is an exact multiple of 1,000"
TXN00008731,large_round_amount,Large Round Amount,0.7504,"Large round amount: CNY 1000000.0 sits in the top 2.5% of all voucher values and is an exact multiple of 10,000"
TXN00026568,large_round_amount,Large Round Amount,0.8616,"Large round amount: CNY 1250000.0 sits in the top 1.38% of all voucher values and is an exact multiple of 10,000"
TXN00027828,large_round_amount,Large Round Amount,0.4003,"Large round amount: CNY 748000.0 sits in the top 4.5% of all voucher values and is an exact multiple of 1,000"
TXN00002097,large_round_amount,Large Round Amount,0.8616,"Large round amount: CNY 1250000.0 sits in the top 1.38% of all voucher values and is an exact multiple of 10,000"
TXN00007068,large_round_amount,Large Round Amount,0.8616,"Large round amount: CNY 1250000.0 sits in the top 1.38% of all voucher values and is an exact multiple of 10,000"
TXN00012431,large_round_amount,Large Round Amount,0.8616,"Large round amount: CNY 1250000.0 sits in the top 1.38% of all voucher values and is an exact multiple of 10,000"
TXN00008640,large_round_amount,Large Round Amount,0.9972,"Large round amount: CNY 3000000.0 sits in the top 0.03% of all voucher values and is an exact multiple of 10,000"
TXN00023631,large_round_amount,Large Round Amount,0.9778,"Large round amount: CNY 2250000.0 sits in the top 0.22% of all voucher values and is an exact multiple of 10,000"
TXN00006250,large_round_amount,Large Round Amount,0.7504,"Large round amount: CNY 1000000.0 sits in the top 2.5% of all voucher values and is an exact multiple of 10,000"
TXN00021737,large_round_amount,Large Round Amount,0.7504,"Large round amount: CNY 1000000.0 sits in the top 2.5% of all voucher values and is an exact multiple of 10,000"
TXN00009333,large_round_amount,Large Round Amount,0.8616,"Large round amount: CNY 1250000.0 sits in the top 1.38% of all voucher values and is an exact multiple of 10,000"
TXN00020044,large_round_amount,Large Round Amount,0.5133,"Large round amount: CNY 875000.0 sits in the top 3.37% of all voucher values and is an exact multiple of 1,000"
TXN00027499,large_round_amount,Large Round Amount,0.8616,"Large round amount: CNY 1250000.0 sits in the top 1.38% of all voucher values and is an exact multiple of 10,000"
TXN00017695,large_round_amount,Large Round Amount,0.7504,"Large round amount: CNY 1000000.0 sits in the top 2.5% of all voucher values and is an exact multiple of 10,000"
TXN00004245,large_round_amount,Large Round Amount,0.7504,"Large round amount: CNY 1000000.0 sits in the top 2.5% of all voucher values and is an exact multiple of 10,000"
TXN00004425,large_round_amount,Large Round Amount,0.8616,"Large round amount: CNY 1250000.0 sits in the top 1.38% of all voucher values and is an exact multiple of 10,000"
TXN00026350,large_round_amount,Large Round Amount,0.7504,"Large round amount: CNY 1000000.0 sits in the top 2.5% of all voucher values and is an exact multiple of 10,000"
TXN00018883,large_round_amount,Large Round Amount,0.6435,"Large round amount: CNY 1057000.0 sits in the top 2.06% of all voucher values and is an exact multiple of 1,000"
TXN00028786,large_round_amount,Large Round Amount,0.6063,"Large round amount: CNY 800000.0 sits in the top 3.94% of all voucher values and is an exact multiple of 10,000"
TXN00004557,large_round_amount,Large Round Amount,0.9499,"Large round amount: CNY 2000000.0 sits in the top 0.5% of all voucher values and is an exact multiple of 10,000"
TXN00003788,large_round_amount,Large Round Amount,0.5287,"Large round amount: CNY 899000.0 sits in the top 3.21% of all voucher values and is an exact multiple of 1,000"
TXN00008716,large_round_amount,Large Round Amount,0.9499,"Large round amount: CNY 2000000.0 sits in the top 0.5% of all voucher values and is an exact multiple of 10,000"
TXN00012253,large_round_amount,Large Round Amount,0.5133,"Large round amount: CNY 875000.0 sits in the top 3.37% of all voucher values and is an exact multiple of 1,000"
TXN00019943,large_round_amount,Large Round Amount,0.8616,"Large round amount: CNY 1250000.0 sits in the top 1.38% of all voucher values and is an exact multiple of 10,000"
TXN00003048,large_round_amount,Large Round Amount,0.8616,"Large round amount: CNY 1250000.0 sits in the top 1.38% of all voucher values and is an exact multiple of 10,000"
TXN00021402,large_round_amount,Large Round Amount,0.9778,"Large round amount: CNY 2250000.0 sits in the top 0.22% of all voucher values and is an exact multiple of 10,000"
TXN00003894,large_round_amount,Large Round Amount,0.7504,"Large round amount: CNY 1000000.0 sits in the top 2.5% of all voucher values and is an exact multiple of 10,000"
TXN00007675,large_round_amount,Large Round Amount,0.9499,"Large round amount: CNY 2000000.0 sits in the top 0.5% of all voucher values and is an exact multiple of 10,000"
TXN00007328,large_round_amount,Large Round Amount,0.8616,"Large round amount: CNY 1250000.0 sits in the top 1.38% of all voucher values and is an exact multiple of 10,000"
TXN00014996,large_round_amount,Large Round Amount,0.6063,"Large round amount: CNY 800000.0 sits in the top 3.94% of all voucher values and is an exact multiple of 10,000"
TXN00026855,large_round_amount,Large Round Amount,0.8842,"Large round amount: CNY 1300000.0 sits in the top 1.16% of all voucher values and is an exact multiple of 10,000"
TXN00022391,large_round_amount,Large Round Amount,0.8616,"Large round amount: CNY 1250000.0 sits in the top 1.38% of all voucher values and is an exact multiple of 10,000"
TXN00019631,large_round_amount,Large Round Amount,0.8616,"Large round amount: CNY 1250000.0 sits in the top 1.38% of all voucher values and is an exact multiple of 10,000"
TXN00001068,large_round_amount,Large Round Amount,0.7504,"Large round amount: CNY 1000000.0 sits in the top 2.5% of all voucher values and is an exact multiple of 10,000"
TXN00026248,large_round_amount,Large Round Amount,0.7504,"Large round amount: CNY 1000000.0 sits in the top 2.5% of all voucher values and is an exact multiple of 10,000"
TXN00001415,large_round_amount,Large Round Amount,0.6063,"Large round amount: CNY 800000.0 sits in the top 3.94% of all voucher values and is an exact multiple of 10,000"
TXN00022738,large_round_amount,Large Round Amount,0.7504,"Large round amount: CNY 1000000.0 sits in the top 2.5% of all voucher values and is an exact multiple of 10,000"
TXN00004898,large_round_amount,Large Round Amount,0.9778,"Large round amount: CNY 2250000.0 sits in the top 0.22% of all voucher values and is an exact multiple of 10,000"
TXN00026714,large_round_amount,Large Round Amount,0.9499,"Large round amount: CNY 2000000.0 sits in the top 0.5% of all voucher values and is an exact multiple of 10,000"
TXN00005449,large_round_amount,Large Round Amount,0.9778,"Large round amount: CNY 2250000.0 sits in the top 0.22% of all voucher values and is an exact multiple of 10,000"
TXN00016208,large_round_amount,Large Round Amount,0.7504,"Large round amount: CNY 1000000.0 sits in the top 2.5% of all voucher values and is an exact multiple of 10,000"
TXN00024485,large_round_amount,Large Round Amount,0.9499,"Large round amount: CNY 2000000.0 sits in the top 0.5% of all voucher values and is an exact multiple of 10,000"
TXN00006335,large_round_amount,Large Round Amount,0.9778,"Large round amount: CNY 2250000.0 sits in the top 0.22% of all voucher values and is an exact multiple of 10,000"
TXN00004178,large_round_amount,Large Round Amount,0.9499,"Large round amount: CNY 2000000.0 sits in the top 0.5% of all voucher values and is an exact multiple of 10,000"
TXN00013091,large_round_amount,Large Round Amount,0.7504,"Large round amount: CNY 1000000.0 sits in the top 2.5% of all voucher values and is an exact multiple of 10,000"
TXN00003664,large_round_amount,Large Round Amount,0.9778,"Large round amount: CNY 2250000.0 sits in the top 0.22% of all voucher values and is an exact multiple of 10,000"
TXN00009570,large_round_amount,Large Round Amount,0.9499,"Large round amount: CNY 2000000.0 sits in the top 0.5% of all voucher values and is an exact multiple of 10,000"
TXN00019593,large_round_amount,Large Round Amount,0.8616,"Large round amount: CNY 1250000.0 sits in the top 1.38% of all voucher values and is an exact multiple of 10,000"
TXN00027420,large_round_amount,Large Round Amount,0.7504,"Large round amount: CNY 1000000.0 sits in the top 2.5% of all voucher values and is an exact multiple of 10,000"
TXN00005859,large_round_amount,Large Round Amount,0.9499,"Large round amount: CNY 2000000.0 sits in the top 0.5% of all voucher values and is an exact multiple of 10,000"
TXN00028111,large_round_amount,Large Round Amount,0.8616,"Large round amount: CNY 1250000.0 sits in the top 1.38% of all voucher values and is an exact multiple of 10,000"
TXN00015674,large_round_amount,Large Round Amount,0.7504,"Large round amount: CNY 1000000.0 sits in the top 2.5% of all voucher values and is an exact multiple of 10,000"
TXN00018141,large_round_amount,Large Round Amount,0.5569,"Large round amount: CNY 750000.0 sits in the top 4.43% of all voucher values and is an exact multiple of 10,000"
TXN00016793,large_round_amount,Large Round Amount,0.7504,"Large round amount: CNY 1000000.0 sits in the top 2.5% of all voucher values and is an exact multiple of 10,000"
TXN00026699,large_round_amount,Large Round Amount,0.5133,"Large round amount: CNY 875000.0 sits in the top 3.37% of all voucher values and is an exact multiple of 1,000"
TXN00015886,large_round_amount,Large Round Amount,0.5732,"Large round amount: CNY 989000.0 sits in the top 2.77% of all voucher values and is an exact multiple of 1,000"
TXN00020016,large_round_amount,Large Round Amount,0.5133,"Large round amount: CNY 875000.0 sits in the top 3.37% of all voucher values and is an exact multiple of 1,000"
TXN00022653,large_round_amount,Large Round Amount,0.9778,"Large round amount: CNY 2250000.0 sits in the top 0.22% of all voucher values and is an exact multiple of 10,000"
TXN00000179,large_round_amount,Large Round Amount,0.6063,"Large round amount: CNY 800000.0 sits in the top 3.94% of all voucher values and is an exact multiple of 10,000"
TXN00025260,large_round_amount,Large Round Amount,0.9778,"Large round amount: CNY 2250000.0 sits in the top 0.22% of all voucher values and is an exact multiple of 10,000"
TXN00003501,large_round_amount,Large Round Amount,0.9499,"Large round amount: CNY 2000000.0 sits in the top 0.5% of all voucher values and is an exact multiple of 10,000"
TXN00000111,large_round_amount,Large Round Amount,0.844,"Large round amount: CNY 2521000.0 sits in the top 0.06% of all voucher values and is an exact multiple of 1,000"
TXN00028197,large_round_amount,Large Round Amount,0.8616,"Large round amount: CNY 1250000.0 sits in the top 1.38% of all voucher values and is an exact multiple of 10,000"
TXN00001288,large_round_amount,Large Round Amount,0.6063,"Large round amount: CNY 800000.0 sits in the top 3.94% of all voucher values and is an exact multiple of 10,000"
TXN00023712,large_round_amount,Large Round Amount,0.7504,"Large round amount: CNY 1000000.0 sits in the top 2.5% of all voucher values and is an exact multiple of 10,000"
TXN00014978,large_round_amount,Large Round Amount,0.6063,"Large round amount: CNY 800000.0 sits in the top 3.94% of all voucher values and is an exact multiple of 10,000"
TXN00003822,large_round_amount,Large Round Amount,0.6063,"Large round amount: CNY 800000.0 sits in the top 3.94% of all voucher values and is an exact multiple of 10,000"
TXN00008531,large_round_amount,Large Round Amount,0.9778,"Large round amount: CNY 2250000.0 sits in the top 0.22% of all voucher values and is an exact multiple of 10,000"
TXN00002545,large_round_amount,Large Round Amount,0.9778,"Large round amount: CNY 2250000.0 sits in the top 0.22% of all voucher values and is an exact multiple of 10,000"
TXN00002899,large_round_amount,Large Round Amount,0.8616,"Large round amount: CNY 1250000.0 sits in the top 1.38% of all voucher values and is an exact multiple of 10,000"
TXN00003149,large_round_amount,Large Round Amount,0.8616,"Large round amount: CNY 1250000.0 sits in the top 1.38% of all voucher values and is an exact multiple of 10,000"
TXN00005854,large_round_amount,Large Round Amount,0.9778,"Large round amount: CNY 2250000.0 sits in the top 0.22% of all voucher values and is an exact multiple of 10,000"
TXN00011304,large_round_amount,Large Round Amount,0.6063,"Large round amount: CNY 800000.0 sits in the top 3.94% of all voucher values and is an exact multiple of 10,000"
TXN00013963,large_round_amount,Large Round Amount,0.7504,"Large round amount: CNY 1000000.0 sits in the top 2.5% of all voucher values and is an exact multiple of 10,000"
TXN00003239,large_round_amount,Large Round Amount,0.8616,"Large round amount: CNY 1250000.0 sits in the top 1.38% of all voucher values and is an exact multiple of 10,000"
TXN00025071,large_round_amount,Large Round Amount,0.8616,"Large round amount: CNY 1250000.0 sits in the top 1.38% of all voucher values and is an exact multiple of 10,000"
TXN00025034,large_round_amount,Large Round Amount,0.9778,"Large round amount: CNY 2250000.0 sits in the top 0.22% of all voucher values and is an exact multiple of 10,000"
TXN00016399,large_round_amount,Large Round Amount,0.5571,"Large round amount: CNY 947000.0 sits in the top 2.93% of all voucher values and is an exact multiple of 1,000"
TXN00024965,large_round_amount,Large Round Amount,0.72,"Large round amount: CNY 980000.0 sits in the top 2.8% of all voucher values and is an exact multiple of 10,000"
TXN00019390,large_round_amount,Large Round Amount,0.8616,"Large round amount: CNY 1250000.0 sits in the top 1.38% of all voucher values and is an exact multiple of 10,000"
TXN00004483,large_round_amount,Large Round Amount,0.7504,"Large round amount: CNY 1000000.0 sits in the top 2.5% of all voucher values and is an exact multiple of 10,000"
TXN00004911,large_round_amount,Large Round Amount,0.9778,"Large round amount: CNY 2250000.0 sits in the top 0.22% of all voucher values and is an exact multiple of 10,000"
TXN00011910,large_round_amount,Large Round Amount,0.9499,"Large round amount: CNY 2000000.0 sits in the top 0.5% of all voucher values and is an exact multiple of 10,000"
TXN00012478,large_round_amount,Large Round Amount,0.8616,"Large round amount: CNY 1250000.0 sits in the top 1.38% of all voucher values and is an exact multiple of 10,000"
TXN00028465,large_round_amount,Large Round Amount,0.8616,"Large round amount: CNY 1250000.0 sits in the top 1.38% of all voucher values and is an exact multiple of 10,000"
TXN00029754,large_round_amount,Large Round Amount,0.5133,"Large round amount: CNY 875000.0 sits in the top 3.37% of all voucher values and is an exact multiple of 1,000"
TXN00023057,large_round_amount,Large Round Amount,0.5041,"Large round amount: CNY 865000.0 sits in the top 3.46% of all voucher values and is an exact multiple of 1,000"
TXN00007921,large_round_amount,Large Round Amount,0.8043,"Large round amount: CNY 1090000.0 sits in the top 1.96% of all voucher values and is an exact multiple of 10,000"
TXN00014086,large_round_amount,Large Round Amount,0.6063,"Large round amount: CNY 800000.0 sits in the top 3.94% of all voucher values and is an exact multiple of 10,000"
TXN00017406,large_round_amount,Large Round Amount,0.9778,"Large round amount: CNY 2250000.0 sits in the top 0.22% of all voucher values and is an exact multiple of 10,000"
TXN00011559,large_round_amount,Large Round Amount,0.9778,"Large round amount: CNY 2250000.0 sits in the top 0.22% of all voucher values and is an exact multiple of 10,000"
TXN00016488,large_round_amount,Large Round Amount,0.6883,"Large round amount: CNY 920000.0 sits in the top 3.12% of all voucher values and is an exact multiple of 10,000"
TXN00020007,large_round_amount,Large Round Amount,0.9778,"Large round amount: CNY 2250000.0 sits in the top 0.22% of all voucher values and is an exact multiple of 10,000"
TXN00000940,large_round_amount,Large Round Amount,0.9778,"Large round amount: CNY 2250000.0 sits in the top 0.22% of all voucher values and is an exact multiple of 10,000"
TXN00004076,large_round_amount,Large Round Amount,0.9499,"Large round amount: CNY 2000000.0 sits in the top 0.5% of all voucher values and is an exact multiple of 10,000"
TXN00015739,large_round_amount,Large Round Amount,0.9778,"Large round amount: CNY 2250000.0 sits in the top 0.22% of all voucher values and is an exact multiple of 10,000"
TXN00017169,large_round_amount,Large Round Amount,0.4905,"Large round amount: CNY 849000.0 sits in the top 3.59% of all voucher values and is an exact multiple of 1,000"
TXN00019479,large_round_amount,Large Round Amount,0.6063,"Large round amount: CNY 800000.0 sits in the top 3.94% of all voucher values and is an exact multiple of 10,000"
TXN00006018,large_round_amount,Large Round Amount,0.7504,"Large round amount: CNY 1000000.0 sits in the top 2.5% of all voucher values and is an exact multiple of 10,000"
TXN00029656,large_round_amount,Large Round Amount,0.7504,"Large round amount: CNY 1000000.0 sits in the top 2.5% of all voucher values and is an exact multiple of 10,000"
TXN00024605,large_round_amount,Large Round Amount,0.7504,"Large round amount: CNY 1000000.0 sits in the top 2.5% of all voucher values and is an exact multiple of 10,000"
TXN00017089,large_round_amount,Large Round Amount,0.8616,"Large round amount: CNY 1250000.0 sits in the top 1.38% of all voucher values and is an exact multiple of 10,000"
TXN00011485,large_round_amount,Large Round Amount,0.9096,"Large round amount: CNY 1500000.0 sits in the top 0.9% of all voucher values and is an exact multiple of 10,000"
TXN00012424,large_round_amount,Large Round Amount,0.4404,"Large round amount: CNY 782000.0 sits in the top 4.1% of all voucher values and is an exact multiple of 1,000"
TXN00017219,large_round_amount,Large Round Amount,0.9499,"Large round amount: CNY 2000000.0 sits in the top 0.5% of all voucher values and is an exact multiple of 10,000"
TXN00006017,large_round_amount,Large Round Amount,0.9778,"Large round amount: CNY 2250000.0 sits in the top 0.22% of all voucher values and is an exact multiple of 10,000"
TXN00019218,large_round_amount,Large Round Amount,0.7504,"Large round amount: CNY 1000000.0 sits in the top 2.5% of all voucher values and is an exact multiple of 10,000"
TXN00001092,large_round_amount,Large Round Amount,0.6063,"Large round amount: CNY 800000.0 sits in the top 3.94% of all voucher values and is an exact multiple of 10,000"
TXN00024050,large_round_amount,Large Round Amount,0.9778,"Large round amount: CNY 2250000.0 sits in the top 0.22% of all voucher values and is an exact multiple of 10,000"
TXN00025923,large_round_amount,Large Round Amount,0.7504,"Large round amount: CNY 1000000.0 sits in the top 2.5% of all voucher values and is an exact multiple of 10,000"
TXN00003270,large_round_amount,Large Round Amount,0.7504,"Large round amount: CNY 1000000.0 sits in the top 2.5% of all voucher values and is an exact multiple of 10,000"
TXN00025636,large_round_amount,Large Round Amount,0.8616,"Large round amount: CNY 1250000.0 sits in the top 1.38% of all voucher values and is an exact multiple of 10,000"
TXN00019742,large_round_amount,Large Round Amount,0.6342,"Large round amount: CNY 840000.0 sits in the top 3.66% of all voucher values and is an exact multiple of 10,000"
TXN00008750,large_round_amount,Large Round Amount,0.7504,"Large round amount: CNY 1000000.0 sits in the top 2.5% of all voucher values and is an exact multiple of 10,000"
TXN00009703,large_round_amount,Large Round Amount,0.7289,"Large round amount: CNY 1259000.0 sits in the top 1.21% of all voucher values and is an exact multiple of 1,000"
TXN00013576,large_round_amount,Large Round Amount,0.7504,"Large round amount: CNY 1000000.0 sits in the top 2.5% of all voucher values and is an exact multiple of 10,000"
TXN00023930,large_round_amount,Large Round Amount,0.7504,"Large round amount: CNY 1000000.0 sits in the top 2.5% of all voucher values and is an exact multiple of 10,000"
TXN00027039,large_round_amount,Large Round Amount,0.7504,"Large round amount: CNY 1000000.0 sits in the top 2.5% of all voucher values and is an exact multiple of 10,000"
TXN00010723,large_round_amount,Large Round Amount,0.9778,"Large round amount: CNY 2250000.0 sits in the top 0.22% of all voucher values and is an exact multiple of 10,000"
TXN00023058,large_round_amount,Large Round Amount,0.6063,"Large round amount: CNY 800000.0 sits in the top 3.94% of all voucher values and is an exact multiple of 10,000"
TXN00013658,large_round_amount,Large Round Amount,0.9778,"Large round amount: CNY 2250000.0 sits in the top 0.22% of all voucher values and is an exact multiple of 10,000"
TXN00027856,large_round_amount,Large Round Amount,0.4948,"Large round amount: CNY 854000.0 sits in the top 3.55% of all voucher values and is an exact multiple of 1,000"
TXN00008594,large_round_amount,Large Round Amount,0.7504,"Large round amount: CNY 1000000.0 sits in the top 2.5% of all voucher values and is an exact multiple of 10,000"
TXN00021607,large_round_amount,Large Round Amount,0.7504,"Large round amount: CNY 1000000.0 sits in the top 2.5% of all voucher values and is an exact multiple of 10,000"
TXN00014362,large_round_amount,Large Round Amount,0.7504,"Large round amount: CNY 1000000.0 sits in the top 2.5% of all voucher values and is an exact multiple of 10,000"
TXN00029340,large_round_amount,Large Round Amount,0.9778,"Large round amount: CNY 2250000.0 sits in the top 0.22% of all voucher values and is an exact multiple of 10,000"
TXN00006121,large_round_amount,Large Round Amount,0.9096,"Large round amount: CNY 1500000.0 sits in the top 0.9% of all voucher values and is an exact multiple of 10,000"
TXN00029764,large_round_amount,Large Round Amount,0.4228,"Large round amount: CNY 766000.0 sits in the top 4.27% of all voucher values and is an exact multiple of 1,000"
TXN00020491,large_round_amount,Large Round Amount,0.9778,"Large round amount: CNY 2250000.0 sits in the top 0.22% of all voucher values and is an exact multiple of 10,000"
TXN00015088,large_round_amount,Large Round Amount,0.5688,"Large round amount: CNY 760000.0 sits in the top 4.31% of all voucher values and is an exact multiple of 10,000"
TXN00008748,large_round_amount,Large Round Amount,0.7504,"Large round amount: CNY 1000000.0 sits in the top 2.5% of all voucher values and is an exact multiple of 10,000"
TXN00012242,large_round_amount,Large Round Amount,0.8616,"Large round amount: CNY 1250000.0 sits in the top 1.38% of all voucher values and is an exact multiple of 10,000"
TXN00010413,large_round_amount,Large Round Amount,0.7504,"Large round amount: CNY 1000000.0 sits in the top 2.5% of all voucher values and is an exact multiple of 10,000"
TXN00008864,large_round_amount,Large Round Amount,0.4973,"Large round amount: CNY 858000.0 sits in the top 3.53% of all voucher values and is an exact multiple of 1,000"
TXN00024825,large_round_amount,Large Round Amount,0.6063,"Large round amount: CNY 800000.0 sits in the top 3.94% of all voucher values and is an exact multiple of 10,000"
TXN00020450,large_round_amount,Large Round Amount,0.3591,"Large round amount: CNY 701000.0 sits in the top 4.91% of all voucher values and is an exact multiple of 1,000"
TXN00029585,large_round_amount,Large Round Amount,0.6063,"Large round amount: CNY 800000.0 sits in the top 3.94% of all voucher values and is an exact multiple of 10,000"
TXN00002428,large_round_amount,Large Round Amount,0.7504,"Large round amount: CNY 1000000.0 sits in the top 2.5% of all voucher values and is an exact multiple of 10,000"
TXN00002448,large_round_amount,Large Round Amount,0.8616,"Large round amount: CNY 1250000.0 sits in the top 1.38% of all voucher values and is an exact multiple of 10,000"
TXN00018285,large_round_amount,Large Round Amount,0.8616,"Large round amount: CNY 1250000.0 sits in the top 1.38% of all voucher values and is an exact multiple of 10,000"
TXN00026955,large_round_amount,Large Round Amount,0.9778,"Large round amount: CNY 2250000.0 sits in the top 0.22% of all voucher values and is an exact multiple of 10,000"
TXN00016504,large_round_amount,Large Round Amount,0.7504,"Large round amount: CNY 1000000.0 sits in the top 2.5% of all voucher values and is an exact multiple of 10,000"
TXN00001211,large_round_amount,Large Round Amount,0.6063,"Large round amount: CNY 800000.0 sits in the top 3.94% of all voucher values and is an exact multiple of 10,000"
TXN00014843,large_round_amount,Large Round Amount,0.6236,"Large round amount: CNY 820000.0 sits in the top 3.76% of all voucher values and is an exact multiple of 10,000"
TXN00003832,large_round_amount,Large Round Amount,0.9778,"Large round amount: CNY 2250000.0 sits in the top 0.22% of all voucher values and is an exact multiple of 10,000"
TXN00017937,large_round_amount,Large Round Amount,0.8616,"Large round amount: CNY 1250000.0 sits in the top 1.38% of all voucher values and is an exact multiple of 10,000"
TXN00008446,large_round_amount,Large Round Amount,0.9995,"Large round amount: CNY 3750000.0 sits in the top 0.0% of all voucher values and is an exact multiple of 10,000"
TXN00009235,large_round_amount,Large Round Amount,0.8616,"Large round amount: CNY 1250000.0 sits in the top 1.38% of all voucher values and is an exact multiple of 10,000"
TXN00019362,large_round_amount,Large Round Amount,0.9499,"Large round amount: CNY 2000000.0 sits in the top 0.5% of all voucher values and is an exact multiple of 10,000"
TXN00003227,large_round_amount,Large Round Amount,0.5327,"Large round amount: CNY 730000.0 sits in the top 4.67% of all voucher values and is an exact multiple of 10,000"
TXN00028687,large_round_amount,Large Round Amount,0.7504,"Large round amount: CNY 1000000.0 sits in the top 2.5% of all voucher values and is an exact multiple of 10,000"
TXN00008836,large_round_amount,Large Round Amount,0.8616,"Large round amount: CNY 1250000.0 sits in the top 1.38% of all voucher values and is an exact multiple of 10,000"
TXN00008167,large_round_amount,Large Round Amount,0.7504,"Large round amount: CNY 1000000.0 sits in the top 2.5% of all voucher values and is an exact multiple of 10,000"
TXN00021593,large_round_amount,Large Round Amount,0.7504,"Large round amount: CNY 1000000.0 sits in the top 2.5% of all voucher values and is an exact multiple of 10,000"
TXN00012542,large_round_amount,Large Round Amount,0.9778,"Large round amount: CNY 2250000.0 sits in the top 0.22% of all voucher values and is an exact multiple of 10,000"
TXN00011621,large_round_amount,Large Round Amount,0.9578,"Large round amount: CNY 2060000.0 sits in the top 0.42% of all voucher values and is an exact multiple of 10,000"
TXN00007362,large_round_amount,Large Round Amount,0.7504,"Large round amount: CNY 1000000.0 sits in the top 2.5% of all voucher values and is an exact multiple of 10,000"
TXN00020124,large_round_amount,Large Round Amount,0.7504,"Large round amount: CNY 1000000.0 sits in the top 2.5% of all voucher values and is an exact multiple of 10,000"
TXN00021024,large_round_amount,Large Round Amount,0.8616,"Large round amount: CNY 1250000.0 sits in the top 1.38% of all voucher values and is an exact multiple of 10,000"
TXN00025403,large_round_amount,Large Round Amount,0.9972,"Large round amount: CNY 3000000.0 sits in the top 0.03% of all voucher values and is an exact multiple of 10,000"
TXN00019584,large_round_amount,Large Round Amount,0.9778,"Large round amount: CNY 2250000.0 sits in the top 0.22% of all voucher values and is an exact multiple of 10,000"
TXN00013989,large_round_amount,Large Round Amount,0.9778,"Large round amount: CNY 2250000.0 sits in the top 0.22% of all voucher values and is an exact multiple of 10,000"
TXN00016667,large_round_amount,Large Round Amount,0.7504,"Large round amount: CNY 1000000.0 sits in the top 2.5% of all voucher values and is an exact multiple of 10,000"
TXN00019904,large_round_amount,Large Round Amount,0.5133,"Large round amount: CNY 875000.0 sits in the top 3.37% of all voucher values and is an exact multiple of 1,000"
TXN00006008,large_round_amount,Large Round Amount,0.9778,"Large round amount: CNY 2250000.0 sits in the top 0.22% of all voucher values and is an exact multiple of 10,000"
TXN00006391,large_round_amount,Large Round Amount,0.5569,"Large round amount: CNY 750000.0 sits in the top 4.43% of all voucher values and is an exact multiple of 10,000"
TXN00017535,large_round_amount,Large Round Amount,0.5569,"Large round amount: CNY 750000.0 sits in the top 4.43% of all voucher values and is an exact multiple of 10,000"
TXN00023683,large_round_amount,Large Round Amount,0.9778,"Large round amount: CNY 2250000.0 sits in the top 0.22% of all voucher values and is an exact multiple of 10,000"
TXN00005232,large_round_amount,Large Round Amount,0.5569,"Large round amount: CNY 750000.0 sits in the top 4.43% of all voucher values and is an exact multiple of 10,000"
TXN00029638,large_round_amount,Large Round Amount,0.5569,"Large round amount: CNY 750000.0 sits in the top 4.43% of all voucher values and is an exact multiple of 10,000"
TXN00020660,large_round_amount,Large Round Amount,0.8616,"Large round amount: CNY 1250000.0 sits in the top 1.38% of all voucher values and is an exact multiple of 10,000"
TXN00018868,large_round_amount,Large Round Amount,0.8871,"Large round amount: CNY 1330000.0 sits in the top 1.13% of all voucher values and is an exact multiple of 10,000"
TXN00018505,large_round_amount,Large Round Amount,0.7504,"Large round amount: CNY 1000000.0 sits in the top 2.5% of all voucher values and is an exact multiple of 10,000"
TXN00003603,large_round_amount,Large Round Amount,0.7504,"Large round amount: CNY 1000000.0 sits in the top 2.5% of all voucher values and is an exact multiple of 10,000"
TXN00029033,large_round_amount,Large Round Amount,0.8616,"Large round amount: CNY 1250000.0 sits in the top 1.38% of all voucher values and is an exact multiple of 10,000"
TXN00019990,large_round_amount,Large Round Amount,0.8616,"Large round amount: CNY 1250000.0 sits in the top 1.38% of all voucher values and is an exact multiple of 10,000"
TXN00024046,large_round_amount,Large Round Amount,0.7504,"Large round amount: CNY 1000000.0 sits in the top 2.5% of all voucher values and is an exact multiple of 10,000"
TXN00010990,large_round_amount,Large Round Amount,0.8616,"Large round amount: CNY 1250000.0 sits in the top 1.38% of all voucher values and is an exact multiple of 10,000"
TXN00007196,large_round_amount,Large Round Amount,0.3803,"Large round amount: CNY 726000.0 sits in the top 4.7% of all voucher values and is an exact multiple of 1,000"
TXN00002263,large_round_amount,Large Round Amount,0.9778,"Large round amount: CNY 2250000.0 sits in the top 0.22% of all voucher values and is an exact multiple of 10,000"
TXN00013624,large_round_amount,Large Round Amount,0.7504,"Large round amount: CNY 1000000.0 sits in the top 2.5% of all voucher values and is an exact multiple of 10,000"
TXN00027134,large_round_amount,Large Round Amount,0.5569,"Large round amount: CNY 750000.0 sits in the top 4.43% of all voucher values and is an exact multiple of 10,000"
TXN00002934,large_round_amount,Large Round Amount,0.7504,"Large round amount: CNY 1000000.0 sits in the top 2.5% of all voucher values and is an exact multiple of 10,000"
TXN00004586,large_round_amount,Large Round Amount,0.9778,"Large round amount: CNY 2250000.0 sits in the top 0.22% of all voucher values and is an exact multiple of 10,000"
TXN00008969,large_round_amount,Large Round Amount,0.8616,"Large round amount: CNY 1250000.0 sits in the top 1.38% of all voucher values and is an exact multiple of 10,000"
TXN00008302,large_round_amount,Large Round Amount,0.8616,"Large round amount: CNY 1250000.0 sits in the top 1.38% of all voucher values and is an exact multiple of 10,000"
TXN00025449,large_round_amount,Large Round Amount,0.5569,"Large round amount: CNY 750000.0 sits in the top 4.43% of all voucher values and is an exact multiple of 10,000"
TXN00020186,large_round_amount,Large Round Amount,0.9778,"Large round amount: CNY 2250000.0 sits in the top 0.22% of all voucher values and is an exact multiple of 10,000"
TXN00020757,large_round_amount,Large Round Amount,0.9995,"Large round amount: CNY 3750000.0 sits in the top 0.0% of all voucher values and is an exact multiple of 10,000"
TXN00014143,large_round_amount,Large Round Amount,0.6063,"Large round amount: CNY 800000.0 sits in the top 3.94% of all voucher values and is an exact multiple of 10,000"
TXN00014386,large_round_amount,Large Round Amount,0.6362,"Large round amount: CNY 1036000.0 sits in the top 2.14% of all voucher values and is an exact multiple of 1,000"
TXN00001182,large_round_amount,Large Round Amount,0.5569,"Large round amount: CNY 750000.0 sits in the top 4.43% of all voucher values and is an exact multiple of 10,000"
TXN00020762,large_round_amount,Large Round Amount,0.8616,"Large round amount: CNY 1250000.0 sits in the top 1.38% of all voucher values and is an exact multiple of 10,000"
TXN00025337,large_round_amount,Large Round Amount,0.8184,"Large round amount: CNY 1150000.0 sits in the top 1.82% of all voucher values and is an exact multiple of 10,000"
TXN00011915,large_round_amount,Large Round Amount,0.9499,"Large round amount: CNY 2000000.0 sits in the top 0.5% of all voucher values and is an exact multiple of 10,000"
TXN00004134,large_round_amount,Large Round Amount,0.8616,"Large round amount: CNY 1250000.0 sits in the top 1.38% of all voucher values and is an exact multiple of 10,000"
TXN00009575,large_round_amount,Large Round Amount,0.7504,"Large round amount: CNY 1000000.0 sits in the top 2.5% of all voucher values and is an exact multiple of 10,000"
TXN00023005,large_round_amount,Large Round Amount,0.7504,"Large round amount: CNY 1000000.0 sits in the top 2.5% of all voucher values and is an exact multiple of 10,000"
TXN00022998,large_round_amount,Large Round Amount,0.8616,"Large round amount: CNY 1250000.0 sits in the top 1.38% of all voucher values and is an exact multiple of 10,000"
TXN00017775,large_round_amount,Large Round Amount,0.6948,"Large round amount: CNY 930000.0 sits in the top 3.05% of all voucher values and is an exact multiple of 10,000"
TXN00025385,large_round_amount,Large Round Amount,0.8616,"Large round amount: CNY 1250000.0 sits in the top 1.38% of all voucher values and is an exact multiple of 10,000"
TXN00011898,large_round_amount,Large Round Amount,0.7504,"Large round amount: CNY 1000000.0 sits in the top 2.5% of all voucher values and is an exact multiple of 10,000"
TXN00016575,large_round_amount,Large Round Amount,0.7142,"Large round amount: CNY 970000.0 sits in the top 2.86% of all voucher values and is an exact multiple of 10,000"
TXN00012707,large_round_amount,Large Round Amount,0.8616,"Large round amount: CNY 1250000.0 sits in the top 1.38% of all voucher values and is an exact multiple of 10,000"
TXN00025119,large_round_amount,Large Round Amount,0.8616,"Large round amount: CNY 1250000.0 sits in the top 1.38% of all voucher values and is an exact multiple of 10,000"
TXN00011457,large_round_amount,Large Round Amount,0.8616,"Large round amount: CNY 1250000.0 sits in the top 1.38% of all voucher values and is an exact multiple of 10,000"
TXN00029876,large_round_amount,Large Round Amount,0.7504,"Large round amount: CNY 1000000.0 sits in the top 2.5% of all voucher values and is an exact multiple of 10,000"
TXN00005158,large_round_amount,Large Round Amount,0.6578,"Large round amount: CNY 870000.0 sits in the top 3.42% of all voucher values and is an exact multiple of 10,000"
TXN00006414,large_round_amount,Large Round Amount,0.7504,"Large round amount: CNY 1000000.0 sits in the top 2.5% of all voucher values and is an exact multiple of 10,000"
TXN00027457,large_round_amount,Large Round Amount,0.9778,"Large round amount: CNY 2250000.0 sits in the top 0.22% of all voucher values and is an exact multiple of 10,000"
TXN00025509,large_round_amount,Large Round Amount,0.9778,"Large round amount: CNY 2250000.0 sits in the top 0.22% of all voucher values and is an exact multiple of 10,000"
TXN00019231,large_round_amount,Large Round Amount,0.7504,"Large round amount: CNY 1000000.0 sits in the top 2.5% of all voucher values and is an exact multiple of 10,000"
TXN00012902,large_round_amount,Large Round Amount,0.9778,"Large round amount: CNY 2250000.0 sits in the top 0.22% of all voucher values and is an exact multiple of 10,000"
TXN00012642,large_round_amount,Large Round Amount,0.5569,"Large round amount: CNY 750000.0 sits in the top 4.43% of all voucher values and is an exact multiple of 10,000"
TXN00022241,large_round_amount,Large Round Amount,0.6503,"Large round amount: CNY 860000.0 sits in the top 3.5% of all voucher values and is an exact multiple of 10,000"
TXN00023069,large_round_amount,Large Round Amount,0.9778,"Large round amount: CNY 2250000.0 sits in the top 0.22% of all voucher values and is an exact multiple of 10,000"
TXN00022965,large_round_amount,Large Round Amount,0.8616,"Large round amount: CNY 1250000.0 sits in the top 1.38% of all voucher values and is an exact multiple of 10,000"
TXN00001506,large_round_amount,Large Round Amount,0.72,"Large round amount: CNY 980000.0 sits in the top 2.8% of all voucher values and is an exact multiple of 10,000"
TXN00006001,large_round_amount,Large Round Amount,0.8818,"Large round amount: CNY 1280000.0 sits in the top 1.18% of all voucher values and is an exact multiple of 10,000"
TXN00013256,large_round_amount,Large Round Amount,0.8616,"Large round amount: CNY 1250000.0 sits in the top 1.38% of all voucher values and is an exact multiple of 10,000"
TXN00002905,large_round_amount,Large Round Amount,0.5569,"Large round amount: CNY 750000.0 sits in the top 4.43% of all voucher values and is an exact multiple of 10,000"
TXN00027922,large_round_amount,Large Round Amount,0.7504,"Large round amount: CNY 1000000.0 sits in the top 2.5% of all voucher values and is an exact multiple of 10,000"
TXN00024176,large_round_amount,Large Round Amount,0.9499,"Large round amount: CNY 2000000.0 sits in the top 0.5% of all voucher values and is an exact multiple of 10,000"
TXN00015908,large_round_amount,Large Round Amount,0.8616,"Large round amount: CNY 1250000.0 sits in the top 1.38% of all voucher values and is an exact multiple of 10,000"
TXN00010142,large_round_amount,Large Round Amount,0.7504,"Large round amount: CNY 1000000.0 sits in the top 2.5% of all voucher values and is an exact multiple of 10,000"
TXN00027899,large_round_amount,Large Round Amount,0.7504,"Large round amount: CNY 1000000.0 sits in the top 2.5% of all voucher values and is an exact multiple of 10,000"
TXN00026419,large_round_amount,Large Round Amount,0.9778,"Large round amount: CNY 2250000.0 sits in the top 0.22% of all voucher values and is an exact multiple of 10,000"
TXN00000660,large_round_amount,Large Round Amount,0.8616,"Large round amount: CNY 1250000.0 sits in the top 1.38% of all voucher values and is an exact multiple of 10,000"
TXN00015888,large_round_amount,Large Round Amount,0.8616,"Large round amount: CNY 1250000.0 sits in the top 1.38% of all voucher values and is an exact multiple of 10,000"
TXN00023470,large_round_amount,Large Round Amount,0.6063,"Large round amount: CNY 800000.0 sits in the top 3.94% of all voucher values and is an exact multiple of 10,000"
TXN00011306,large_round_amount,Large Round Amount,0.7504,"Large round amount: CNY 1000000.0 sits in the top 2.5% of all voucher values and is an exact multiple of 10,000"
TXN00024225,large_round_amount,Large Round Amount,0.9778,"Large round amount: CNY 2250000.0 sits in the top 0.22% of all voucher values and is an exact multiple of 10,000"
TXN00006395,large_round_amount,Large Round Amount,0.8616,"Large round amount: CNY 1250000.0 sits in the top 1.38% of all voucher values and is an exact multiple of 10,000"
TXN00020881,large_round_amount,Large Round Amount,0.9972,"Large round amount: CNY 3000000.0 sits in the top 0.03% of all voucher values and is an exact multiple of 10,000"
TXN00000081,large_round_amount,Large Round Amount,0.8616,"Large round amount: CNY 1250000.0 sits in the top 1.38% of all voucher values and is an exact multiple of 10,000"
TXN00018107,large_round_amount,Large Round Amount,0.9995,"Large round amount: CNY 3750000.0 sits in the top 0.0% of all voucher values and is an exact multiple of 10,000"
TXN00026311,large_round_amount,Large Round Amount,0.9972,"Large round amount: CNY 3000000.0 sits in the top 0.03% of all voucher values and is an exact multiple of 10,000"
TXN00013010,large_round_amount,Large Round Amount,0.7504,"Large round amount: CNY 1000000.0 sits in the top 2.5% of all voucher values and is an exact multiple of 10,000"
TXN00000269,large_round_amount,Large Round Amount,0.9778,"Large round amount: CNY 2250000.0 sits in the top 0.22% of all voucher values and is an exact multiple of 10,000"
TXN00003745,large_round_amount,Large Round Amount,0.6503,"Large round amount: CNY 860000.0 sits in the top 3.5% of all voucher values and is an exact multiple of 10,000"
TXN00007721,large_round_amount,Large Round Amount,0.5947,"Large round amount: CNY 790000.0 sits in the top 4.05% of all voucher values and is an exact multiple of 10,000"
TXN00000257,large_round_amount,Large Round Amount,0.7504,"Large round amount: CNY 1000000.0 sits in the top 2.5% of all voucher values and is an exact multiple of 10,000"
TXN00015946,large_round_amount,Large Round Amount,0.8616,"Large round amount: CNY 1250000.0 sits in the top 1.38% of all voucher values and is an exact multiple of 10,000"
TXN00011117,large_round_amount,Large Round Amount,0.7504,"Large round amount: CNY 1000000.0 sits in the top 2.5% of all voucher values and is an exact multiple of 10,000"
TXN00012653,large_round_amount,Large Round Amount,0.6503,"Large round amount: CNY 860000.0 sits in the top 3.5% of all voucher values and is an exact multiple of 10,000"
TXN00006311,large_round_amount,Large Round Amount,0.5725,"Large round amount: CNY 988000.0 sits in the top 2.77% of all voucher values and is an exact multiple of 1,000"
TXN00009392,large_round_amount,Large Round Amount,0.5569,"Large round amount: CNY 750000.0 sits in the top 4.43% of all voucher values and is an exact multiple of 10,000"
TXN00019352,large_round_amount,Large Round Amount,0.7504,"Large round amount: CNY 1000000.0 sits in the top 2.5% of all voucher values and is an exact multiple of 10,000"
TXN00002509,large_round_amount,Large Round Amount,0.9778,"Large round amount: CNY 2250000.0 sits in the top 0.22% of all voucher values and is an exact multiple of 10,000"
TXN00000935,large_round_amount,Large Round Amount,0.7504,"Large round amount: CNY 1000000.0 sits in the top 2.5% of all voucher values and is an exact multiple of 10,000"
TXN00015160,large_round_amount,Large Round Amount,0.4152,"Large round amount: CNY 756000.0 sits in the top 4.35% of all voucher values and is an exact multiple of 1,000"
TXN00000138,large_round_amount,Large Round Amount,0.5569,"Large round amount: CNY 750000.0 sits in the top 4.43% of all voucher values and is an exact multiple of 10,000"
TXN00002280,large_round_amount,Large Round Amount,0.8616,"Large round amount: CNY 1250000.0 sits in the top 1.38% of all voucher values and is an exact multiple of 10,000"
TXN00008993,large_round_amount,Large Round Amount,0.8616,"Large round amount: CNY 1250000.0 sits in the top 1.38% of all voucher values and is an exact multiple of 10,000"
TXN00024751,large_round_amount,Large Round Amount,0.9778,"Large round amount: CNY 2250000.0 sits in the top 0.22% of all voucher values and is an exact multiple of 10,000"
TXN00021567,large_round_amount,Large Round Amount,0.8616,"Large round amount: CNY 1250000.0 sits in the top 1.38% of all voucher values and is an exact multiple of 10,000"
TXN00019789,large_round_amount,Large Round Amount,0.9778,"Large round amount: CNY 2250000.0 sits in the top 0.22% of all voucher values and is an exact multiple of 10,000"
TXN00019599,large_round_amount,Large Round Amount,0.7504,"Large round amount: CNY 1000000.0 sits in the top 2.5% of all voucher values and is an exact multiple of 10,000"
TXN00019770,large_round_amount,Large Round Amount,0.8043,"Large round amount: CNY 1090000.0 sits in the top 1.96% of all voucher values and is an exact multiple of 10,000"
TXN00026409,large_round_amount,Large Round Amount,0.7504,"Large round amount: CNY 1000000.0 sits in the top 2.5% of all voucher values and is an exact multiple of 10,000"
TXN00021741,large_round_amount,Large Round Amount,0.9778,"Large round amount: CNY 2250000.0 sits in the top 0.22% of all voucher values and is an exact multiple of 10,000"
TXN00027309,large_round_amount,Large Round Amount,0.7415,"Large round amount: CNY 1374000.0 sits in the top 1.09% of all voucher values and is an exact multiple of 1,000"
TXN00006478,large_round_amount,Large Round Amount,0.9499,"Large round amount: CNY 2000000.0 sits in the top 0.5% of all voucher values and is an exact multiple of 10,000"
TXN00010944,large_round_amount,Large Round Amount,0.9778,"Large round amount: CNY 2250000.0 sits in the top 0.22% of all voucher values and is an exact multiple of 10,000"
TXN00007747,large_round_amount,Large Round Amount,0.5569,"Large round amount: CNY 750000.0 sits in the top 4.43% of all voucher values and is an exact multiple of 10,000"
TXN00019865,large_round_amount,Large Round Amount,0.7504,"Large round amount: CNY 1000000.0 sits in the top 2.5% of all voucher values and is an exact multiple of 10,000"
TXN00025990,large_round_amount,Large Round Amount,0.8616,"Large round amount: CNY 1250000.0 sits in the top 1.38% of all voucher values and is an exact multiple of 10,000"
TXN00006457,large_round_amount,Large Round Amount,0.8616,"Large round amount: CNY 1250000.0 sits in the top 1.38% of all voucher values and is an exact multiple of 10,000"
TXN00008957,large_round_amount,Large Round Amount,0.918,"Large round amount: CNY 1560000.0 sits in the top 0.82% of all voucher values and is an exact multiple of 10,000"
TXN00017778,large_round_amount,Large Round Amount,0.7504,"Large round amount: CNY 1000000.0 sits in the top 2.5% of all voucher values and is an exact multiple of 10,000"
TXN00026026,large_round_amount,Large Round Amount,0.8616,"Large round amount: CNY 1250000.0 sits in the top 1.38% of all voucher values and is an exact multiple of 10,000"
TXN00003709,large_round_amount,Large Round Amount,0.8616,"Large round amount: CNY 1250000.0 sits in the top 1.38% of all voucher values and is an exact multiple of 10,000"
TXN00022454,large_round_amount,Large Round Amount,0.9778,"Large round amount: CNY 2250000.0 sits in the top 0.22% of all voucher values and is an exact multiple of 10,000"
TXN00007298,large_round_amount,Large Round Amount,0.4009,"Large round amount: CNY 749000.0 sits in the top 4.49% of all voucher values and is an exact multiple of 1,000"
TXN00002699,large_round_amount,Large Round Amount,0.9778,"Large round amount: CNY 2250000.0 sits in the top 0.22% of all voucher values and is an exact multiple of 10,000"
TXN00023346,large_round_amount,Large Round Amount,0.7504,"Large round amount: CNY 1000000.0 sits in the top 2.5% of all voucher values and is an exact multiple of 10,000"
TXN00004565,large_round_amount,Large Round Amount,0.7945,"Large round amount: CNY 1060000.0 sits in the top 2.05% of all voucher values and is an exact multiple of 10,000"
TXN00008872,large_round_amount,Large Round Amount,0.6063,"Large round amount: CNY 800000.0 sits in the top 3.94% of all voucher values and is an exact multiple of 10,000"
TXN00015328,large_round_amount,Large Round Amount,0.7504,"Large round amount: CNY 1000000.0 sits in the top 2.5% of all voucher values and is an exact multiple of 10,000"
TXN00000131,large_round_amount,Large Round Amount,0.393,"Large round amount: CNY 742000.0 sits in the top 4.57% of all voucher values and is an exact multiple of 1,000"
TXN00002362,large_round_amount,Large Round Amount,0.9778,"Large round amount: CNY 2250000.0 sits in the top 0.22% of all voucher values and is an exact multiple of 10,000"
TXN00011824,large_round_amount,Large Round Amount,0.9995,"Large round amount: CNY 3750000.0 sits in the top 0.0% of all voucher values and is an exact multiple of 10,000"
TXN00001822,large_round_amount,Large Round Amount,0.7504,"Large round amount: CNY 1000000.0 sits in the top 2.5% of all voucher values and is an exact multiple of 10,000"
TXN00000691,large_round_amount,Large Round Amount,0.9778,"Large round amount: CNY 2250000.0 sits in the top 0.22% of all voucher values and is an exact multiple of 10,000"
TXN00002922,large_round_amount,Large Round Amount,0.9778,"Large round amount: CNY 2250000.0 sits in the top 0.22% of all voucher values and is an exact multiple of 10,000"
TXN00010663,large_round_amount,Large Round Amount,0.7504,"Large round amount: CNY 1000000.0 sits in the top 2.5% of all voucher values and is an exact multiple of 10,000"
TXN00023082,large_round_amount,Large Round Amount,0.7504,"Large round amount: CNY 1000000.0 sits in the top 2.5% of all voucher values and is an exact multiple of 10,000"
TXN00001572,large_round_amount,Large Round Amount,0.7504,"Large round amount: CNY 1000000.0 sits in the top 2.5% of all voucher values and is an exact multiple of 10,000"
TXN00005110,rapid_payment,Rapid Payment,0.835,Rapid payment: settled 2.2 hours after the invoice arrived (normal supplier terms are 30-60 days)
TXN00027810,rapid_payment,Rapid Payment,0.916,Rapid payment: settled 1.1 hours after the invoice arrived (normal supplier terms are 30-60 days)
TXN00009664,rapid_payment,Rapid Payment,0.6025,Rapid payment: settled 5.3 hours after the invoice arrived (normal supplier terms are 30-60 days)
TXN00022248,rapid_payment,Rapid Payment,0.733,Rapid payment: settled 3.6 hours after the invoice arrived (normal supplier terms are 30-60 days)
TXN00017944,rapid_payment,Rapid Payment,0.9168,Rapid payment: settled 1.1 hours after the invoice arrived (normal supplier terms are 30-60 days)
TXN00014976,rapid_payment,Rapid Payment,0.712,Rapid payment: settled 3.8 hours after the invoice arrived (normal supplier terms are 30-60 days)
TXN00011042,rapid_payment,Rapid Payment,0.7503,Rapid payment: settled 3.3 hours after the invoice arrived (normal supplier terms are 30-60 days)
TXN00010252,rapid_payment,Rapid Payment,0.8995,Rapid payment: settled 1.3 hours after the invoice arrived (normal supplier terms are 30-60 days)
TXN00027074,rapid_payment,Rapid Payment,0.625,Rapid payment: settled 5.0 hours after the invoice arrived (normal supplier terms are 30-60 days)
TXN00005280,rapid_payment,Rapid Payment,0.829,Rapid payment: settled 2.3 hours after the invoice arrived (normal supplier terms are 30-60 days)
TXN00004644,rapid_payment,Rapid Payment,0.892,Rapid payment: settled 1.4 hours after the invoice arrived (normal supplier terms are 30-60 days)
TXN00006122,rapid_payment,Rapid Payment,0.6685,Rapid payment: settled 4.4 hours after the invoice arrived (normal supplier terms are 30-60 days)
TXN00006152,rapid_payment,Rapid Payment,0.73,Rapid payment: settled 3.6 hours after the invoice arrived (normal supplier terms are 30-60 days)
TXN00014522,rapid_payment,Rapid Payment,0.733,Rapid payment: settled 3.6 hours after the invoice arrived (normal supplier terms are 30-60 days)
TXN00022626,rapid_payment,Rapid Payment,0.7548,Rapid payment: settled 3.3 hours after the invoice arrived (normal supplier terms are 30-60 days)
TXN00006201,rapid_payment,Rapid Payment,0.652,Rapid payment: settled 4.6 hours after the invoice arrived (normal supplier terms are 30-60 days)
TXN00024000,rapid_payment,Rapid Payment,0.7825,Rapid payment: settled 2.9 hours after the invoice arrived (normal supplier terms are 30-60 days)
TXN00021670,rapid_payment,Rapid Payment,0.589,Rapid payment: settled 5.5 hours after the invoice arrived (normal supplier terms are 30-60 days)
TXN00016167,rapid_payment,Rapid Payment,0.6962,Rapid payment: settled 4.0 hours after the invoice arrived (normal supplier terms are 30-60 days)
TXN00024023,rapid_payment,Rapid Payment,0.6595,Rapid payment: settled 4.5 hours after the invoice arrived (normal supplier terms are 30-60 days)
TXN00028381,rapid_payment,Rapid Payment,0.901,Rapid payment: settled 1.3 hours after the invoice arrived (normal supplier terms are 30-60 days)
TXN00006542,rapid_payment,Rapid Payment,0.6273,Rapid payment: settled 5.0 hours after the invoice arrived (normal supplier terms are 30-60 days)
TXN00002367,rapid_payment,Rapid Payment,0.7263,Rapid payment: settled 3.6 hours after the invoice arrived (normal supplier terms are 30-60 days)
TXN00021198,rapid_payment,Rapid Payment,0.6888,Rapid payment: settled 4.2 hours after the invoice arrived (normal supplier terms are 30-60 days)
TXN00018982,rapid_payment,Rapid Payment,0.8762,Rapid payment: settled 1.6 hours after the invoice arrived (normal supplier terms are 30-60 days)
TXN00024498,rapid_payment,Rapid Payment,0.8605,Rapid payment: settled 1.9 hours after the invoice arrived (normal supplier terms are 30-60 days)
TXN00024629,rapid_payment,Rapid Payment,0.7083,Rapid payment: settled 3.9 hours after the invoice arrived (normal supplier terms are 30-60 days)
TXN00001475,rapid_payment,Rapid Payment,0.8598,Rapid payment: settled 1.9 hours after the invoice arrived (normal supplier terms are 30-60 days)
TXN00013083,rapid_payment,Rapid Payment,0.7278,Rapid payment: settled 3.6 hours after the invoice arrived (normal supplier terms are 30-60 days)
TXN00005834,rapid_payment,Rapid Payment,0.643,Rapid payment: settled 4.8 hours after the invoice arrived (normal supplier terms are 30-60 days)
TXN00001991,rapid_payment,Rapid Payment,0.8208,Rapid payment: settled 2.4 hours after the invoice arrived (normal supplier terms are 30-60 days)
TXN00028169,rapid_payment,Rapid Payment,0.7375,Rapid payment: settled 3.5 hours after the invoice arrived (normal supplier terms are 30-60 days)
TXN00014218,rapid_payment,Rapid Payment,0.85,Rapid payment: settled 2.0 hours after the invoice arrived (normal supplier terms are 30-60 days)
TXN00014052,rapid_payment,Rapid Payment,0.7952,Rapid payment: settled 2.7 hours after the invoice arrived (normal supplier terms are 30-60 days)
TXN00018287,rapid_payment,Rapid Payment,0.829,Rapid payment: settled 2.3 hours after the invoice arrived (normal supplier terms are 30-60 days)
TXN00012546,rapid_payment,Rapid Payment,0.6738,Rapid payment: settled 4.4 hours after the invoice arrived (normal supplier terms are 30-60 days)
TXN00001164,rapid_payment,Rapid Payment,0.7278,Rapid payment: settled 3.6 hours after the invoice arrived (normal supplier terms are 30-60 days)
TXN00012863,rapid_payment,Rapid Payment,0.8665,Rapid payment: settled 1.8 hours after the invoice arrived (normal supplier terms are 30-60 days)
TXN00011814,rapid_payment,Rapid Payment,0.9048,Rapid payment: settled 1.3 hours after the invoice arrived (normal supplier terms are 30-60 days)
TXN00022966,rapid_payment,Rapid Payment,0.8665,Rapid payment: settled 1.8 hours after the invoice arrived (normal supplier terms are 30-60 days)
TXN00026444,rapid_payment,Rapid Payment,0.8732,Rapid payment: settled 1.7 hours after the invoice arrived (normal supplier terms are 30-60 days)
TXN00017910,rapid_payment,Rapid Payment,0.7705,Rapid payment: settled 3.1 hours after the invoice arrived (normal supplier terms are 30-60 days)
TXN00014365,rapid_payment,Rapid Payment,0.883,Rapid payment: settled 1.6 hours after the invoice arrived (normal supplier terms are 30-60 days)
TXN00001833,rapid_payment,Rapid Payment,0.6618,Rapid payment: settled 4.5 hours after the invoice arrived (normal supplier terms are 30-60 days)
TXN00028334,rapid_payment,Rapid Payment,0.922,Rapid payment: settled 1.0 hours after the invoice arrived (normal supplier terms are 30-60 days)
TXN00003351,rapid_payment,Rapid Payment,0.8275,Rapid payment: settled 2.3 hours after the invoice arrived (normal supplier terms are 30-60 days)
TXN00020126,rapid_payment,Rapid Payment,0.61,Rapid payment: settled 5.2 hours after the invoice arrived (normal supplier terms are 30-60 days)
TXN00016453,rapid_payment,Rapid Payment,0.613,Rapid payment: settled 5.2 hours after the invoice arrived (normal supplier terms are 30-60 days)
TXN00009784,rapid_payment,Rapid Payment,0.6962,Rapid payment: settled 4.0 hours after the invoice arrived (normal supplier terms are 30-60 days)
TXN00001801,rapid_payment,Rapid Payment,0.718,Rapid payment: settled 3.8 hours after the invoice arrived (normal supplier terms are 30-60 days)
TXN00021075,rapid_payment,Rapid Payment,0.7165,Rapid payment: settled 3.8 hours after the invoice arrived (normal supplier terms are 30-60 days)
TXN00008826,rapid_payment,Rapid Payment,0.8132,Rapid payment: settled 2.5 hours after the invoice arrived (normal supplier terms are 30-60 days)
TXN00024907,rapid_payment,Rapid Payment,0.763,Rapid payment: settled 3.2 hours after the invoice arrived (normal supplier terms are 30-60 days)
TXN00015218,rapid_payment,Rapid Payment,0.745,Rapid payment: settled 3.4 hours after the invoice arrived (normal supplier terms are 30-60 days)
TXN00016196,rapid_payment,Rapid Payment,0.748,Rapid payment: settled 3.4 hours after the invoice arrived (normal supplier terms are 30-60 days)
TXN00014506,rapid_payment,Rapid Payment,0.6925,Rapid payment: settled 4.1 hours after the invoice arrived (normal supplier terms are 30-60 days)
TXN00004961,rapid_payment,Rapid Payment,0.799,Rapid payment: settled 2.7 hours after the invoice arrived (normal supplier terms are 30-60 days)
TXN00001520,rapid_payment,Rapid Payment,0.874,Rapid payment: settled 1.7 hours after the invoice arrived (normal supplier terms are 30-60 days)
TXN00027624,rapid_payment,Rapid Payment,0.6033,Rapid payment: settled 5.3 hours after the invoice arrived (normal supplier terms are 30-60 days)
TXN00023639,rapid_payment,Rapid Payment,0.79,Rapid payment: settled 2.8 hours after the invoice arrived (normal supplier terms are 30-60 days)
TXN00011705,rapid_payment,Rapid Payment,0.7952,Rapid payment: settled 2.7 hours after the invoice arrived (normal supplier terms are 30-60 days)
TXN00005865,rapid_payment,Rapid Payment,0.781,Rapid payment: settled 2.9 hours after the invoice arrived (normal supplier terms are 30-60 days)
TXN00007885,rapid_payment,Rapid Payment,0.6588,Rapid payment: settled 4.6 hours after the invoice arrived (normal supplier terms are 30-60 days)
TXN00006797,rapid_payment,Rapid Payment,0.8785,Rapid payment: settled 1.6 hours after the invoice arrived (normal supplier terms are 30-60 days)
TXN00026632,rapid_payment,Rapid Payment,0.6288,Rapid payment: settled 5.0 hours after the invoice arrived (normal supplier terms are 30-60 days)
TXN00025704,rapid_payment,Rapid Payment,0.925,Rapid payment: settled 1.0 hours after the invoice arrived (normal supplier terms are 30-60 days)
TXN00019441,rapid_payment,Rapid Payment,0.6858,Rapid payment: settled 4.2 hours after the invoice arrived (normal supplier terms are 30-60 days)
TXN00021494,rapid_payment,Rapid Payment,0.8598,Rapid payment: settled 1.9 hours after the invoice arrived (normal supplier terms are 30-60 days)
TXN00007741,rapid_payment,Rapid Payment,0.853,Rapid payment: settled 2.0 hours after the invoice arrived (normal supplier terms are 30-60 days)
TXN00009129,rapid_payment,Rapid Payment,0.5905,Rapid payment: settled 5.5 hours after the invoice arrived (normal supplier terms are 30-60 days)
TXN00026942,rapid_payment,Rapid Payment,0.8035,Rapid payment: settled 2.6 hours after the invoice arrived (normal supplier terms are 30-60 days)
TXN00015664,rapid_payment,Rapid Payment,0.7758,Rapid payment: settled 3.0 hours after the invoice arrived (normal supplier terms are 30-60 days)
TXN00012118,rapid_payment,Rapid Payment,0.805,Rapid payment: settled 2.6 hours after the invoice arrived (normal supplier terms are 30-60 days)
TXN00008009,rapid_payment,Rapid Payment,0.8432,Rapid payment: settled 2.1 hours after the invoice arrived (normal supplier terms are 30-60 days)
TXN00025148,rapid_payment,Rapid Payment,0.6288,Rapid payment: settled 5.0 hours after the invoice arrived (normal supplier terms are 30-60 days)
TXN00001585,rapid_payment,Rapid Payment,0.8283,Rapid payment: settled 2.3 hours after the invoice arrived (normal supplier terms are 30-60 days)
TXN00026413,rapid_payment,Rapid Payment,0.7592,Rapid payment: settled 3.2 hours after the invoice arrived (normal supplier terms are 30-60 days)
TXN00027239,rapid_payment,Rapid Payment,0.6243,Rapid payment: settled 5.0 hours after the invoice arrived (normal supplier terms are 30-60 days)
TXN00017731,rapid_payment,Rapid Payment,0.883,Rapid payment: settled 1.6 hours after the invoice arrived (normal supplier terms are 30-60 days)
TXN00008245,rapid_payment,Rapid Payment,0.8238,Rapid payment: settled 2.4 hours after the invoice arrived (normal supplier terms are 30-60 days)
TXN00020164,rapid_payment,Rapid Payment,0.865,Rapid payment: settled 1.8 hours after the invoice arrived (normal supplier terms are 30-60 days)
TXN00026725,rapid_payment,Rapid Payment,0.6858,Rapid payment: settled 4.2 hours after the invoice arrived (normal supplier terms are 30-60 days)
TXN00003989,rapid_payment,Rapid Payment,0.6303,Rapid payment: settled 4.9 hours after the invoice arrived (normal supplier terms are 30-60 days)
TXN00002519,rapid_payment,Rapid Payment,0.595,Rapid payment: settled 5.4 hours after the invoice arrived (normal supplier terms are 30-60 days)
TXN00022319,rapid_payment,Rapid Payment,0.7173,Rapid payment: settled 3.8 hours after the invoice arrived (normal supplier terms are 30-60 days)
TXN00011394,rapid_payment,Rapid Payment,0.8628,Rapid payment: settled 1.8 hours after the invoice arrived (normal supplier terms are 30-60 days)
TXN00009641,rapid_payment,Rapid Payment,0.6183,Rapid payment: settled 5.1 hours after the invoice arrived (normal supplier terms are 30-60 days)
TXN00005572,rapid_payment,Rapid Payment,0.6468,Rapid payment: settled 4.7 hours after the invoice arrived (normal supplier terms are 30-60 days)
TXN00029500,rapid_payment,Rapid Payment,0.7862,Rapid payment: settled 2.8 hours after the invoice arrived (normal supplier terms are 30-60 days)
TXN00022356,rapid_payment,Rapid Payment,0.7848,Rapid payment: settled 2.9 hours after the invoice arrived (normal supplier terms are 30-60 days)
TXN00009213,suspicious_description,Suspicious Description,0.7,Suspicious description: narration contains a high-risk keyword
TXN00019624,suspicious_description,Suspicious Description,0.7,Suspicious description: narration contains a high-risk keyword
TXN00007858,suspicious_description,Suspicious Description,0.7,Suspicious description: narration contains a high-risk keyword
TXN00029965,suspicious_description,Suspicious Description,0.6,Suspicious description: narration is missing entirely
TXN00029996,suspicious_description,Suspicious Description,0.7,Suspicious description: narration contains a high-risk keyword
TXN00005355,suspicious_description,Suspicious Description,0.6,Suspicious description: narration is missing entirely
TXN00020658,suspicious_description,Suspicious Description,0.7,Suspicious description: narration contains a high-risk keyword
TXN00023678,suspicious_description,Suspicious Description,0.7,Suspicious description: narration contains a high-risk keyword
TXN00011231,suspicious_description,Suspicious Description,0.7,Suspicious description: narration contains a high-risk keyword
TXN00005904,suspicious_description,Suspicious Description,0.7,Suspicious description: narration contains a high-risk keyword
TXN00021322,suspicious_description,Suspicious Description,0.7,Suspicious description: narration contains a high-risk keyword
TXN00021396,suspicious_description,Suspicious Description,0.6,Suspicious description: narration is missing entirely
TXN00005654,suspicious_description,Suspicious Description,0.7,Suspicious description: narration contains a high-risk keyword
TXN00003234,suspicious_description,Suspicious Description,0.7,Suspicious description: narration contains a high-risk keyword
TXN00020341,suspicious_description,Suspicious Description,0.6,Suspicious description: narration is missing entirely
TXN00016505,suspicious_description,Suspicious Description,0.7,Suspicious description: narration contains a high-risk keyword
TXN00000516,suspicious_description,Suspicious Description,0.7,Suspicious description: narration contains a high-risk keyword
TXN00001744,suspicious_description,Suspicious Description,0.6,Suspicious description: narration is missing entirely
TXN00010244,suspicious_description,Suspicious Description,0.6,Suspicious description: narration is missing entirely
TXN00001951,suspicious_description,Suspicious Description,0.7,Suspicious description: narration contains a high-risk keyword
TXN00015569,suspicious_description,Suspicious Description,0.7,Suspicious description: narration contains a high-risk keyword
TXN00021486,suspicious_description,Suspicious Description,0.7,Suspicious description: narration contains a high-risk keyword
TXN00027166,suspicious_description,Suspicious Description,0.6,Suspicious description: narration is missing entirely
TXN00022234,suspicious_description,Suspicious Description,0.7,Suspicious description: narration contains a high-risk keyword
TXN00026736,suspicious_description,Suspicious Description,0.6,Suspicious description: narration is missing entirely
TXN00016295,suspicious_description,Suspicious Description,0.7,Suspicious description: narration contains a high-risk keyword
TXN00003056,suspicious_description,Suspicious Description,0.7,Suspicious description: narration contains a high-risk keyword
TXN00024469,suspicious_description,Suspicious Description,0.7,Suspicious description: narration contains a high-risk keyword
TXN00018377,suspicious_description,Suspicious Description,0.6,Suspicious description: narration is missing entirely
TXN00014474,suspicious_description,Suspicious Description,0.7,Suspicious description: narration contains a high-risk keyword
TXN00005452,suspicious_description,Suspicious Description,0.6,Suspicious description: narration is missing entirely
TXN00001311,suspicious_description,Suspicious Description,0.7,Suspicious description: narration contains a high-risk keyword
TXN00001392,suspicious_description,Suspicious Description,0.6,Suspicious description: narration is missing entirely
TXN00011704,suspicious_description,Suspicious Description,0.7,Suspicious description: narration contains a high-risk keyword
TXN00018314,suspicious_description,Suspicious Description,0.7,Suspicious description: narration contains a high-risk keyword
TXN00024022,suspicious_description,Suspicious Description,0.7,Suspicious description: narration contains a high-risk keyword
TXN00004367,suspicious_description,Suspicious Description,0.6,Suspicious description: narration is missing entirely
TXN00016052,suspicious_description,Suspicious Description,0.6,Suspicious description: narration is missing entirely
TXN00029860,suspicious_description,Suspicious Description,0.6,Suspicious description: narration is missing entirely
TXN00009515,suspicious_description,Suspicious Description,0.6,Suspicious description: narration is missing entirely
TXN00018699,suspicious_description,Suspicious Description,0.7,Suspicious description: narration contains a high-risk keyword
TXN00006761,suspicious_description,Suspicious Description,0.6,Suspicious description: narration is missing entirely
TXN00011444,suspicious_description,Suspicious Description,0.6,Suspicious description: narration is missing entirely
TXN00028870,suspicious_description,Suspicious Description,0.7,Suspicious description: narration contains a high-risk keyword
TXN00021584,suspicious_description,Suspicious Description,0.7,Suspicious description: narration contains a high-risk keyword
TXN00009313,suspicious_description,Suspicious Description,0.7,Suspicious description: narration contains a high-risk keyword
TXN00028019,suspicious_description,Suspicious Description,0.7,Suspicious description: narration contains a high-risk keyword
TXN00025665,suspicious_description,Suspicious Description,0.6,Suspicious description: narration is missing entirely
TXN00012439,suspicious_description,Suspicious Description,0.7,Suspicious description: narration contains a high-risk keyword
TXN00014641,suspicious_description,Suspicious Description,0.7,Suspicious description: narration contains a high-risk keyword
TXN00012214,suspicious_description,Suspicious Description,0.7,Suspicious description: narration contains a high-risk keyword
TXN00016478,suspicious_description,Suspicious Description,0.7,Suspicious description: narration contains a high-risk keyword
TXN00008692,suspicious_description,Suspicious Description,0.7,Suspicious description: narration contains a high-risk keyword
TXN00007331,suspicious_description,Suspicious Description,0.7,Suspicious description: narration contains a high-risk keyword
TXN00006435,suspicious_description,Suspicious Description,0.6,Suspicious description: narration is missing entirely
TXN00010698,suspicious_description,Suspicious Description,0.6,Suspicious description: narration is missing entirely
TXN00019185,suspicious_description,Suspicious Description,0.7,Suspicious description: narration contains a high-risk keyword
TXN00019979,suspicious_description,Suspicious Description,0.7,Suspicious description: narration contains a high-risk keyword
TXN00017193,suspicious_description,Suspicious Description,0.6,Suspicious description: narration is missing entirely
TXN00020931,suspicious_description,Suspicious Description,0.6,Suspicious description: narration is missing entirely
TXN00017758,suspicious_description,Suspicious Description,0.6,Suspicious description: narration is missing entirely
TXN00029198,suspicious_description,Suspicious Description,0.7,Suspicious description: narration contains a high-risk keyword
TXN00005879,suspicious_description,Suspicious Description,0.6,Suspicious description: narration is missing entirely
TXN00023273,suspicious_description,Suspicious Description,0.7,Suspicious description: narration contains a high-risk keyword
TXN00000792,suspicious_description,Suspicious Description,0.7,Suspicious description: narration contains a high-risk keyword
TXN00016890,suspicious_description,Suspicious Description,0.7,Suspicious description: narration contains a high-risk keyword
TXN00027045,suspicious_description,Suspicious Description,0.6,Suspicious description: narration is missing entirely
TXN00013304,suspicious_description,Suspicious Description,0.7,Suspicious description: narration contains a high-risk keyword
TXN00015514,suspicious_description,Suspicious Description,0.7,Suspicious description: narration contains a high-risk keyword
TXN00010342,suspicious_description,Suspicious Description,0.7,Suspicious description: narration contains a high-risk keyword
TXN00004841,suspicious_description,Suspicious Description,0.6,Suspicious description: narration is missing entirely
TXN00022340,suspicious_description,Suspicious Description,0.7,Suspicious description: narration contains a high-risk keyword
TXN00019934,suspicious_description,Suspicious Description,0.7,Suspicious description: narration contains a high-risk keyword
TXN00007689,suspicious_description,Suspicious Description,0.6,Suspicious description: narration is missing entirely
TXN00018290,suspicious_description,Suspicious Description,0.6,Suspicious description: narration is missing entirely
TXN00025481,suspicious_description,Suspicious Description,0.7,Suspicious description: narration contains a high-risk keyword
TXN00014763,suspicious_description,Suspicious Description,0.7,Suspicious description: narration contains a high-risk keyword
TXN00004873,suspicious_description,Suspicious Description,0.7,Suspicious description: narration contains a high-risk keyword
TXN00008197,suspicious_description,Suspicious Description,0.7,Suspicious description: narration contains a high-risk keyword
TXN00029355,suspicious_description,Suspicious Description,0.6,Suspicious description: narration is missing entirely
TXN00028078,suspicious_description,Suspicious Description,0.7,Suspicious description: narration contains a high-risk keyword
TXN00014324,suspicious_description,Suspicious Description,0.6,Suspicious description: narration is missing entirely
TXN00003799,suspicious_description,Suspicious Description,0.7,Suspicious description: narration contains a high-risk keyword
TXN00013162,suspicious_description,Suspicious Description,0.7,Suspicious description: narration contains a high-risk keyword
TXN00004645,suspicious_description,Suspicious Description,0.7,Suspicious description: narration contains a high-risk keyword
TXN00010308,suspicious_description,Suspicious Description,0.7,Suspicious description: narration contains a high-risk keyword
TXN00024920,suspicious_description,Suspicious Description,0.7,Suspicious description: narration contains a high-risk keyword
TXN00001206,suspicious_description,Suspicious Description,0.6,Suspicious description: narration is missing entirely
TXN80003801,suspicious_description,Suspicious Description,0.6,Suspicious description: narration is missing entirely
TXN00015210,suspicious_description,Suspicious Description,0.7,Suspicious description: narration contains a high-risk keyword
TXN00003702,suspicious_description,Suspicious Description,0.7,Suspicious description: narration contains a high-risk keyword
TXN00019878,suspicious_description,Suspicious Description,0.7,Suspicious description: narration contains a high-risk keyword
TXN00004048,suspicious_description,Suspicious Description,0.7,Suspicious description: narration contains a high-risk keyword
TXN00007353,suspicious_description,Suspicious Description,0.6,Suspicious description: narration is missing entirely
TXN00007659,suspicious_description,Suspicious Description,0.6,Suspicious description: narration is missing entirely
TXN00007405,suspicious_description,Suspicious Description,0.7,Suspicious description: narration contains a high-risk keyword
TXN00011031,suspicious_description,Suspicious Description,0.7,Suspicious description: narration contains a high-risk keyword
TXN00028104,suspicious_description,Suspicious Description,0.85,Suspicious description: narration contains a high-risk keyword; narration is shorter than 10 characters
TXN00010426,suspicious_description,Suspicious Description,0.6,Suspicious description: narration is missing entirely
TXN00023735,suspicious_description,Suspicious Description,0.6,Suspicious description: narration is missing entirely
TXN00011200,suspicious_description,Suspicious Description,0.6,Suspicious description: narration is missing entirely
TXN00029069,suspicious_description,Suspicious Description,0.6,Suspicious description: narration is missing entirely
TXN00020567,suspicious_description,Suspicious Description,0.6,Suspicious description: narration is missing entirely
TXN00014663,suspicious_description,Suspicious Description,0.6,Suspicious description: narration is missing entirely
TXN00013220,suspicious_description,Suspicious Description,0.6,Suspicious description: narration is missing entirely
TXN00006813,suspicious_description,Suspicious Description,0.7,Suspicious description: narration contains a high-risk keyword
TXN00007196,suspicious_description,Suspicious Description,0.7,Suspicious description: narration contains a high-risk keyword
TXN00004811,suspicious_description,Suspicious Description,0.7,Suspicious description: narration contains a high-risk keyword
TXN00007945,suspicious_description,Suspicious Description,0.6,Suspicious description: narration is missing entirely
TXN00016591,suspicious_description,Suspicious Description,0.7,Suspicious description: narration contains a high-risk keyword
TXN00005436,suspicious_description,Suspicious Description,0.7,Suspicious description: narration contains a high-risk keyword
TXN00004225,suspicious_description,Suspicious Description,0.6,Suspicious description: narration is missing entirely
TXN00019017,suspicious_description,Suspicious Description,0.7,Suspicious description: narration contains a high-risk keyword
TXN00011334,suspicious_description,Suspicious Description,0.7,Suspicious description: narration contains a high-risk keyword
TXN00025975,suspicious_description,Suspicious Description,0.7,Suspicious description: narration contains a high-risk keyword
TXN00027085,suspicious_description,Suspicious Description,0.7,Suspicious description: narration contains a high-risk keyword
TXN00012176,suspicious_description,Suspicious Description,0.7,Suspicious description: narration contains a high-risk keyword
TXN00004943,suspicious_description,Suspicious Description,0.6,Suspicious description: narration is missing entirely
TXN00010341,suspicious_description,Suspicious Description,0.7,Suspicious description: narration contains a high-risk keyword
TXN00019069,suspicious_description,Suspicious Description,0.6,Suspicious description: narration is missing entirely
TXN00010060,suspicious_description,Suspicious Description,0.6,Suspicious description: narration is missing entirely
TXN00013016,suspicious_description,Suspicious Description,0.7,Suspicious description: narration contains a high-risk keyword
TXN00010836,suspicious_description,Suspicious Description,0.7,Suspicious description: narration contains a high-risk keyword
TXN00018430,suspicious_description,Suspicious Description,0.7,Suspicious description: narration contains a high-risk keyword
TXN00015683,suspicious_description,Suspicious Description,0.7,Suspicious description: narration contains a high-risk keyword
TXN00005050,suspicious_description,Suspicious Description,0.7,Suspicious description: narration contains a high-risk keyword
TXN00022550,suspicious_description,Suspicious Description,0.7,Suspicious description: narration contains a high-risk keyword
TXN00005314,suspicious_description,Suspicious Description,0.6,Suspicious description: narration is missing entirely
TXN00005379,suspicious_description,Suspicious Description,0.7,Suspicious description: narration contains a high-risk keyword
TXN00009500,suspicious_description,Suspicious Description,0.6,Suspicious description: narration is missing entirely
TXN00021406,suspicious_description,Suspicious Description,0.7,Suspicious description: narration contains a high-risk keyword
TXN00006161,suspicious_description,Suspicious Description,0.6,Suspicious description: narration is missing entirely
TXN00006976,suspicious_description,Suspicious Description,0.6,Suspicious description: narration is missing entirely
TXN00016321,suspicious_description,Suspicious Description,0.7,Suspicious description: narration contains a high-risk keyword
TXN00025183,suspicious_description,Suspicious Description,0.7,Suspicious description: narration contains a high-risk keyword
TXN00028124,suspicious_description,Suspicious Description,0.7,Suspicious description: narration contains a high-risk keyword
TXN00015181,suspicious_description,Suspicious Description,0.7,Suspicious description: narration contains a high-risk keyword
TXN00013667,suspicious_description,Suspicious Description,0.7,Suspicious description: narration contains a high-risk keyword
TXN00003130,suspicious_description,Suspicious Description,0.7,Suspicious description: narration contains a high-risk keyword
TXN00023640,suspicious_description,Suspicious Description,0.7,Suspicious description: narration contains a high-risk keyword
TXN00013109,suspicious_description,Suspicious Description,0.7,Suspicious description: narration contains a high-risk keyword
TXN00001476,suspicious_description,Suspicious Description,0.7,Suspicious description: narration contains a high-risk keyword
TXN00024787,suspicious_description,Suspicious Description,0.6,Suspicious description: narration is missing entirely
TXN00025166,suspicious_description,Suspicious Description,0.7,Suspicious description: narration contains a high-risk keyword
TXN00021586,suspicious_description,Suspicious Description,0.7,Suspicious description: narration contains a high-risk keyword
TXN00018110,suspicious_description,Suspicious Description,0.7,Suspicious description: narration contains a high-risk keyword
TXN00028378,suspicious_description,Suspicious Description,0.7,Suspicious description: narration contains a high-risk keyword
TXN00027253,rare_account_usage,Rare Account Usage,0.8,"Rare account usage: posted to 660204 (管理费用-会议费 Conference expenses), used by only 0.04% of vouchers and atypical for this business process"
TXN00001418,rare_account_usage,Rare Account Usage,0.8,"Rare account usage: posted to 1405 (库存商品 Finished goods), used by only 0.03% of vouchers and atypical for this business process"
TXN00002272,rare_account_usage,Rare Account Usage,0.8,"Rare account usage: posted to 2203 (预收账款 Advances from customers), used by only 0.02% of vouchers and atypical for this business process"
TXN00021811,rare_account_usage,Rare Account Usage,0.8,"Rare account usage: posted to 1221 (其他应收款 Other receivables), used by only 0.03% of vouchers and atypical for this business process"
TXN00014593,rare_account_usage,Rare Account Usage,0.8,"Rare account usage: posted to 6051 (其他业务收入 Other operating income), used by only 0.03% of vouchers and atypical for this business process"
TXN00018149,rare_account_usage,Rare Account Usage,0.8,"Rare account usage: posted to 1405 (库存商品 Finished goods), used by only 0.03% of vouchers and atypical for this business process"
TXN00010442,rare_account_usage,Rare Account Usage,0.8,"Rare account usage: posted to 6051 (其他业务收入 Other operating income), used by only 0.03% of vouchers and atypical for this business process"
TXN00007145,rare_account_usage,Rare Account Usage,0.8,"Rare account usage: posted to 1221 (其他应收款 Other receivables), used by only 0.03% of vouchers and atypical for this business process"
TXN00029328,rare_account_usage,Rare Account Usage,0.8,"Rare account usage: posted to 2203 (预收账款 Advances from customers), used by only 0.02% of vouchers and atypical for this business process"
TXN00015745,rare_account_usage,Rare Account Usage,0.8,"Rare account usage: posted to 1405 (库存商品 Finished goods), used by only 0.03% of vouchers and atypical for this business process"
TXN00023278,rare_account_usage,Rare Account Usage,0.8,"Rare account usage: posted to 2203 (预收账款 Advances from customers), used by only 0.02% of vouchers and atypical for this business process"
TXN00029482,rare_account_usage,Rare Account Usage,0.8,"Rare account usage: posted to 6051 (其他业务收入 Other operating income), used by only 0.03% of vouchers and atypical for this business process"
TXN00000925,rare_account_usage,Rare Account Usage,0.8,"Rare account usage: posted to 1221 (其他应收款 Other receivables), used by only 0.03% of vouchers and atypical for this business process"
TXN00023968,rare_account_usage,Rare Account Usage,0.8,"Rare account usage: posted to 1221 (其他应收款 Other receivables), used by only 0.03% of vouchers and atypical for this business process"
TXN00001142,rare_account_usage,Rare Account Usage,0.8,"Rare account usage: posted to 660204 (管理费用-会议费 Conference expenses), used by only 0.04% of vouchers and atypical for this business process"
TXN00000279,rare_account_usage,Rare Account Usage,0.8,"Rare account usage: posted to 6051 (其他业务收入 Other operating income), used by only 0.03% of vouchers and atypical for this business process"
TXN00020149,rare_account_usage,Rare Account Usage,0.8,"Rare account usage: posted to 1405 (库存商品 Finished goods), used by only 0.03% of vouchers and atypical for this business process"
TXN00006984,rare_account_usage,Rare Account Usage,0.8,"Rare account usage: posted to 2203 (预收账款 Advances from customers), used by only 0.02% of vouchers and atypical for this business process"
TXN00013739,rare_account_usage,Rare Account Usage,0.8,"Rare account usage: posted to 1602 (累计折旧 Accumulated depreciation), used by only 0.03% of vouchers and atypical for this business process"
TXN00002986,rare_account_usage,Rare Account Usage,0.8,"Rare account usage: posted to 1602 (累计折旧 Accumulated depreciation), used by only 0.03% of vouchers and atypical for this business process"
TXN00018227,rare_account_usage,Rare Account Usage,0.8,"Rare account usage: posted to 6051 (其他业务收入 Other operating income), used by only 0.03% of vouchers and atypical for this business process"
TXN00001602,rare_account_usage,Rare Account Usage,0.8,"Rare account usage: posted to 6051 (其他业务收入 Other operating income), used by only 0.03% of vouchers and atypical for this business process"
TXN00012740,rare_account_usage,Rare Account Usage,0.8,"Rare account usage: posted to 660204 (管理费用-会议费 Conference expenses), used by only 0.04% of vouchers and atypical for this business process"
TXN00005335,rare_account_usage,Rare Account Usage,0.8,"Rare account usage: posted to 2203 (预收账款 Advances from customers), used by only 0.02% of vouchers and atypical for this business process"
TXN00025905,rare_account_usage,Rare Account Usage,0.8,"Rare account usage: posted to 660204 (管理费用-会议费 Conference expenses), used by only 0.04% of vouchers and atypical for this business process"
TXN00019974,rare_account_usage,Rare Account Usage,0.8,"Rare account usage: posted to 1221 (其他应收款 Other receivables), used by only 0.03% of vouchers and atypical for this business process"
TXN00026037,rare_account_usage,Rare Account Usage,0.8,"Rare account usage: posted to 1602 (累计折旧 Accumulated depreciation), used by only 0.03% of vouchers and atypical for this business process"
TXN00004141,rare_account_usage,Rare Account Usage,0.8,"Rare account usage: posted to 660204 (管理费用-会议费 Conference expenses), used by only 0.04% of vouchers and atypical for this business process"
TXN00012174,rare_account_usage,Rare Account Usage,0.8,"Rare account usage: posted to 1602 (累计折旧 Accumulated depreciation), used by only 0.03% of vouchers and atypical for this business process"
TXN00028234,rare_account_usage,Rare Account Usage,0.8,"Rare account usage: posted to 660204 (管理费用-会议费 Conference expenses), used by only 0.04% of vouchers and atypical for this business process"
TXN00024511,rare_account_usage,Rare Account Usage,0.8,"Rare account usage: posted to 1602 (累计折旧 Accumulated depreciation), used by only 0.03% of vouchers and atypical for this business process"
TXN00021492,rare_account_usage,Rare Account Usage,0.8,"Rare account usage: posted to 1405 (库存商品 Finished goods), used by only 0.03% of vouchers and atypical for this business process"
TXN00003228,rare_account_usage,Rare Account Usage,0.8,"Rare account usage: posted to 660204 (管理费用-会议费 Conference expenses), used by only 0.04% of vouchers and atypical for this business process"
TXN00021905,rare_account_usage,Rare Account Usage,0.8,"Rare account usage: posted to 1405 (库存商品 Finished goods), used by only 0.03% of vouchers and atypical for this business process"
TXN00005862,rare_account_usage,Rare Account Usage,0.8,"Rare account usage: posted to 1602 (累计折旧 Accumulated depreciation), used by only 0.03% of vouchers and atypical for this business process"
TXN00022177,rare_account_usage,Rare Account Usage,0.8,"Rare account usage: posted to 660204 (管理费用-会议费 Conference expenses), used by only 0.04% of vouchers and atypical for this business process"
TXN00007957,rare_account_usage,Rare Account Usage,0.8,"Rare account usage: posted to 660204 (管理费用-会议费 Conference expenses), used by only 0.04% of vouchers and atypical for this business process"
TXN00025899,rare_account_usage,Rare Account Usage,0.8,"Rare account usage: posted to 1221 (其他应收款 Other receivables), used by only 0.03% of vouchers and atypical for this business process"
TXN00027283,rare_account_usage,Rare Account Usage,0.8,"Rare account usage: posted to 2203 (预收账款 Advances from customers), used by only 0.02% of vouchers and atypical for this business process"
TXN00009498,rare_account_usage,Rare Account Usage,0.8,"Rare account usage: posted to 1405 (库存商品 Finished goods), used by only 0.03% of vouchers and atypical for this business process"
TXN00026397,rare_account_usage,Rare Account Usage,0.8,"Rare account usage: posted to 2203 (预收账款 Advances from customers), used by only 0.02% of vouchers and atypical for this business process"
TXN00020439,rare_account_usage,Rare Account Usage,0.8,"Rare account usage: posted to 1405 (库存商品 Finished goods), used by only 0.03% of vouchers and atypical for this business process"
TXN00025114,rare_account_usage,Rare Account Usage,0.8,"Rare account usage: posted to 660204 (管理费用-会议费 Conference expenses), used by only 0.04% of vouchers and atypical for this business process"
TXN00002818,rare_account_usage,Rare Account Usage,0.8,"Rare account usage: posted to 1221 (其他应收款 Other receivables), used by only 0.03% of vouchers and atypical for this business process"
TXN00028020,rare_account_usage,Rare Account Usage,0.8,"Rare account usage: posted to 1602 (累计折旧 Accumulated depreciation), used by only 0.03% of vouchers and atypical for this business process"
TXN00010849,rare_account_usage,Rare Account Usage,0.8,"Rare account usage: posted to 1602 (累计折旧 Accumulated depreciation), used by only 0.03% of vouchers and atypical for this business process"
TXN00021698,rare_account_usage,Rare Account Usage,0.8,"Rare account usage: posted to 1602 (累计折旧 Accumulated depreciation), used by only 0.03% of vouchers and atypical for this business process"
TXN00006550,rare_account_usage,Rare Account Usage,0.8,"Rare account usage: posted to 1405 (库存商品 Finished goods), used by only 0.03% of vouchers and atypical for this business process"
TXN00026909,rare_account_usage,Rare Account Usage,0.8,"Rare account usage: posted to 660204 (管理费用-会议费 Conference expenses), used by only 0.04% of vouchers and atypical for this business process"
TXN00017595,rare_account_usage,Rare Account Usage,0.8,"Rare account usage: posted to 6051 (其他业务收入 Other operating income), used by only 0.03% of vouchers and atypical for this business process"
TXN00006992,rare_account_usage,Rare Account Usage,0.8,"Rare account usage: posted to 660204 (管理费用-会议费 Conference expenses), used by only 0.04% of vouchers and atypical for this business process"
TXN00008881,rare_account_usage,Rare Account Usage,0.8,"Rare account usage: posted to 1221 (其他应收款 Other receivables), used by only 0.03% of vouchers and atypical for this business process"
TXN00028706,rare_account_usage,Rare Account Usage,0.8,"Rare account usage: posted to 1602 (累计折旧 Accumulated depreciation), used by only 0.03% of vouchers and atypical for this business process"
TXN00029302,rare_account_usage,Rare Account Usage,0.8,"Rare account usage: posted to 6051 (其他业务收入 Other operating income), used by only 0.03% of vouchers and atypical for this business process"
TXN00029444,weekend_posting,Weekend / Holiday Posting,0.6927,Posted on Monday (public holiday) - 2024-01-01 is outside the normal working week
TXN00000874,weekend_posting,Weekend / Holiday Posting,0.6171,Posted on Sunday - 2024-01-07 is outside the normal working week
TXN00020265,weekend_posting,Weekend / Holiday Posting,0.8952,Posted on Sunday - 2024-01-14 is outside the normal working week
TXN00003999,weekend_posting,Weekend / Holiday Posting,0.691,Posted on Sunday - 2024-01-14 is outside the normal working week
TXN00005212,weekend_posting,Weekend / Holiday Posting,0.6733,Posted on Sunday - 2024-01-14 is outside the normal working week
TXN00007636,weekend_posting,Weekend / Holiday Posting,0.7115,Posted on Sunday - 2024-01-14 is outside the normal working week
TXN00027384,weekend_posting,Weekend / Holiday Posting,0.875,Posted on Saturday - 2024-01-20 is outside the normal working week
TXN00012633,weekend_posting,Weekend / Holiday Posting,0.667,Posted on Saturday - 2024-01-20 is outside the normal working week
TXN00011202,weekend_posting,Weekend / Holiday Posting,0.6036,Posted on Saturday - 2024-01-20 is outside the normal working week
TXN00012298,weekend_posting,Weekend / Holiday Posting,0.8193,Posted on Sunday - 2024-01-21 is outside the normal working week
TXN00014137,weekend_posting,Weekend / Holiday Posting,0.8802,Posted on Saturday - 2024-01-27 is outside the normal working week
TXN00018766,weekend_posting,Weekend / Holiday Posting,0.7139,Posted on Saturday - 2024-01-27 is outside the normal working week
TXN00023845,weekend_posting,Weekend / Holiday Posting,0.6411,Posted on Saturday - 2024-01-27 is outside the normal working week
TXN00024627,weekend_posting,Weekend / Holiday Posting,0.6597,Posted on Saturday - 2024-02-03 is outside the normal working week
TXN00004573,weekend_posting,Weekend / Holiday Posting,0.762,Posted on Sunday - 2024-02-04 is outside the normal working week
TXN00009831,weekend_posting,Weekend / Holiday Posting,0.6033,Posted on Saturday - 2024-02-10 is outside the normal working week
TXN00026589,weekend_posting,Weekend / Holiday Posting,0.5556,Posted on Saturday - 2024-02-10 is outside the normal working week
TXN00019174,weekend_posting,Weekend / Holiday Posting,0.5638,Posted on Saturday - 2024-02-10 is outside the normal working week
TXN00018716,weekend_posting,Weekend / Holiday Posting,0.5937,Posted on Saturday - 2024-02-10 is outside the normal working week
TXN00028362,weekend_posting,Weekend / Holiday Posting,0.7356,Posted on Saturday - 2024-02-10 is outside the normal working week
TXN00021722,weekend_posting,Weekend / Holiday Posting,0.7247,Posted on Sunday - 2024-02-11 is outside the normal working week
TXN00010380,weekend_posting,Weekend / Holiday Posting,0.812,Posted on Sunday - 2024-02-11 is outside the normal working week
TXN00018576,weekend_posting,Weekend / Holiday Posting,0.8808,Posted on Sunday - 2024-02-11 is outside the normal working week
TXN00013122,weekend_posting,Weekend / Holiday Posting,0.648,Posted on Sunday - 2024-02-11 is outside the normal working week
TXN00012403,weekend_posting,Weekend / Holiday Posting,0.7176,Posted on Monday (public holiday) - 2024-02-12 is outside the normal working week
TXN00028585,weekend_posting,Weekend / Holiday Posting,0.9197,Posted on Tuesday (public holiday) - 2024-02-13 is outside the normal working week
TXN00001359,weekend_posting,Weekend / Holiday Posting,0.8957,Posted on Tuesday (public holiday) - 2024-02-13 is outside the normal working week
TXN00000781,weekend_posting,Weekend / Holiday Posting,0.7563,Posted on Wednesday (public holiday) - 2024-02-14 is outside the normal working week
TXN00008498,weekend_posting,Weekend / Holiday Posting,0.6782,Posted on Wednesday (public holiday) - 2024-02-14 is outside the normal working week
TXN00023183,weekend_posting,Weekend / Holiday Posting,0.8659,Posted on Wednesday (public holiday) - 2024-02-14 is outside the normal working week
TXN00002719,weekend_posting,Weekend / Holiday Posting,0.9507,Posted on Thursday (public holiday) - 2024-02-15 is outside the normal working week
TXN00005437,weekend_posting,Weekend / Holiday Posting,0.8424,Posted on Thursday (public holiday) - 2024-02-15 is outside the normal working week
TXN00014079,weekend_posting,Weekend / Holiday Posting,0.8317,Posted on Friday (public holiday) - 2024-02-16 is outside the normal working week
TXN00008882,weekend_posting,Weekend / Holiday Posting,0.8753,Posted on Friday (public holiday) - 2024-02-16 is outside the normal working week
TXN00006639,weekend_posting,Weekend / Holiday Posting,0.6772,Posted on Friday (public holiday) - 2024-02-16 is outside the normal working week
TXN00003258,weekend_posting,Weekend / Holiday Posting,0.6452,Posted on Saturday - 2024-02-17 is outside the normal working week
TXN00008759,weekend_posting,Weekend / Holiday Posting,0.6935,Posted on Saturday - 2024-02-17 is outside the normal working week
TXN00003781,weekend_posting,Weekend / Holiday Posting,0.5651,Posted on Sunday - 2024-02-18 is outside the normal working week
TXN00012554,weekend_posting,Weekend / Holiday Posting,0.6734,Posted on Sunday - 2024-02-18 is outside the normal working week
TXN00021594,weekend_posting,Weekend / Holiday Posting,0.6902,Posted on Saturday - 2024-02-24 is outside the normal working week
TXN00012632,weekend_posting,Weekend / Holiday Posting,0.7661,Posted on Saturday - 2024-02-24 is outside the normal working week
TXN00025342,weekend_posting,Weekend / Holiday Posting,0.5623,Posted on Sunday - 2024-02-25 is outside the normal working week
TXN00001400,weekend_posting,Weekend / Holiday Posting,0.6678,Posted on Sunday - 2024-02-25 is outside the normal working week
TXN00018317,weekend_posting,Weekend / Holiday Posting,0.6209,Posted on Saturday - 2024-03-02 is outside the normal working week
TXN00018543,weekend_posting,Weekend / Holiday Posting,0.8241,Posted on Saturday - 2024-03-02 is outside the normal working week
TXN00027185,weekend_posting,Weekend / Holiday Posting,0.7918,Posted on Saturday - 2024-03-02 is outside the normal working week
TXN00007177,weekend_posting,Weekend / Holiday Posting,0.803,Posted on Saturday - 2024-03-02 is outside the normal working week
TXN00000504,weekend_posting,Weekend / Holiday Posting,0.7894,Posted on Saturday - 2024-03-02 is outside the normal working week
TXN00001819,weekend_posting,Weekend / Holiday Posting,0.8167,Posted on Saturday - 2024-03-02 is outside the normal working week
TXN00003103,weekend_posting,Weekend / Holiday Posting,0.7093,Posted on Saturday - 2024-03-02 is outside the normal working week
TXN00029575,weekend_posting,Weekend / Holiday Posting,0.5681,Posted on Saturday - 2024-03-02 is outside the normal working week
TXN00014527,weekend_posting,Weekend / Holiday Posting,0.586,Posted on Sunday - 2024-03-03 is outside the normal working week
TXN00014448,weekend_posting,Weekend / Holiday Posting,0.6725,Posted on Sunday - 2024-03-03 is outside the normal working week
TXN00002436,weekend_posting,Weekend / Holiday Posting,0.6761,Posted on Sunday - 2024-03-03 is outside the normal working week
TXN00004079,weekend_posting,Weekend / Holiday Posting,0.7297,Posted on Sunday - 2024-03-03 is outside the normal working week
TXN00028073,weekend_posting,Weekend / Holiday Posting,0.7575,Posted on Sunday - 2024-03-03 is outside the normal working week
TXN00026010,weekend_posting,Weekend / Holiday Posting,0.7775,Posted on Saturday - 2024-03-09 is outside the normal working week
TXN00013128,weekend_posting,Weekend / Holiday Posting,0.774,Posted on Saturday - 2024-03-09 is outside the normal working week
TXN00016101,weekend_posting,Weekend / Holiday Posting,0.7259,Posted on Saturday - 2024-03-09 is outside the normal working week
TXN00014292,weekend_posting,Weekend / Holiday Posting,0.6733,Posted on Sunday - 2024-03-10 is outside the normal working week
TXN00018149,weekend_posting,Weekend / Holiday Posting,0.6987,Posted on Sunday - 2024-03-10 is outside the normal working week
TXN00027582,weekend_posting,Weekend / Holiday Posting,0.6031,Posted on Sunday - 2024-03-10 is outside the normal working week
TXN00005728,weekend_posting,Weekend / Holiday Posting,0.8902,Posted on Sunday - 2024-03-10 is outside the normal working week
TXN00005073,weekend_posting,Weekend / Holiday Posting,0.773,Posted on Saturday - 2024-03-16 is outside the normal working week
TXN00018346,weekend_posting,Weekend / Holiday Posting,0.608,Posted on Saturday - 2024-03-16 is outside the normal working week
TXN00026386,weekend_posting,Weekend / Holiday Posting,0.5948,Posted on Saturday - 2024-03-16 is outside the normal working week
TXN00014894,weekend_posting,Weekend / Holiday Posting,0.8698,Posted on Saturday - 2024-03-16 is outside the normal working week
TXN00002909,weekend_posting,Weekend / Holiday Posting,0.8147,Posted on Sunday - 2024-03-17 is outside the normal working week
TXN00016873,weekend_posting,Weekend / Holiday Posting,0.8176,Posted on Sunday - 2024-03-17 is outside the normal working week
TXN00010015,weekend_posting,Weekend / Holiday Posting,0.807,Posted on Saturday - 2024-03-23 is outside the normal working week
TXN00021254,weekend_posting,Weekend / Holiday Posting,0.7098,Posted on Saturday - 2024-03-23 is outside the normal working week
TXN00017518,weekend_posting,Weekend / Holiday Posting,0.5823,Posted on Saturday - 2024-03-23 is outside the normal working week
TXN00015147,weekend_posting,Weekend / Holiday Posting,0.7138,Posted on Saturday - 2024-03-23 is outside the normal working week
TXN00026685,weekend_posting,Weekend / Holiday Posting,0.5833,Posted on Sunday - 2024-03-24 is outside the normal working week
TXN00002576,weekend_posting,Weekend / Holiday Posting,0.888,Posted on Sunday - 2024-03-24 is outside the normal working week
TXN00002200,weekend_posting,Weekend / Holiday Posting,0.7544,Posted on Sunday - 2024-03-24 is outside the normal working week
TXN00001369,weekend_posting,Weekend / Holiday Posting,0.5775,Posted on Sunday - 2024-03-24 is outside the normal working week
TXN00029325,weekend_posting,Weekend / Holiday Posting,0.6441,Posted on Saturday - 2024-03-30 is outside the normal working week
TXN00014526,weekend_posting,Weekend / Holiday Posting,0.6773,Posted on Saturday - 2024-03-30 is outside the normal working week
TXN00024728,weekend_posting,Weekend / Holiday Posting,0.6263,Posted on Saturday - 2024-03-30 is outside the normal working week
TXN00015928,weekend_posting,Weekend / Holiday Posting,0.6251,Posted on Saturday - 2024-03-30 is outside the normal working week
TXN00018185,weekend_posting,Weekend / Holiday Posting,0.8746,Posted on Sunday - 2024-03-31 is outside the normal working week
TXN00024215,weekend_posting,Weekend / Holiday Posting,0.5735,Posted on Sunday - 2024-03-31 is outside the normal working week
TXN00003140,weekend_posting,Weekend / Holiday Posting,0.9787,Posted on Thursday (public holiday) - 2024-04-04 is outside the normal working week
TXN00009059,weekend_posting,Weekend / Holiday Posting,0.802,Posted on Thursday (public holiday) - 2024-04-04 is outside the normal working week
TXN00023605,weekend_posting,Weekend / Holiday Posting,0.7165,Posted on Thursday (public holiday) - 2024-04-04 is outside the normal working week
TXN00013648,weekend_posting,Weekend / Holiday Posting,0.9355,Posted on Thursday (public holiday) - 2024-04-04 is outside the normal working week
TXN00022995,weekend_posting,Weekend / Holiday Posting,0.9172,Posted on Friday (public holiday) - 2024-04-05 is outside the normal working week
TXN00009763,weekend_posting,Weekend / Holiday Posting,0.6805,Posted on Friday (public holiday) - 2024-04-05 is outside the normal working week
TXN00017465,weekend_posting,Weekend / Holiday Posting,0.691,Posted on Saturday - 2024-04-06 is outside the normal working week
TXN00023898,weekend_posting,Weekend / Holiday Posting,0.6988,Posted on Saturday - 2024-04-06 is outside the normal working week
TXN00015695,weekend_posting,Weekend / Holiday Posting,0.7414,Posted on Saturday - 2024-04-06 is outside the normal working week
TXN00028758,weekend_posting,Weekend / Holiday Posting,0.6368,Posted on Sunday - 2024-04-07 is outside the normal working week
TXN00006247,weekend_posting,Weekend / Holiday Posting,0.5955,Posted on Sunday - 2024-04-07 is outside the normal working week
TXN00012100,weekend_posting,Weekend / Holiday Posting,0.6495,Posted on Sunday - 2024-04-07 is outside the normal working week
TXN00016301,weekend_posting,Weekend / Holiday Posting,0.8779,Posted on Saturday - 2024-04-13 is outside the normal working week
TXN00012309,weekend_posting,Weekend / Holiday Posting,0.8761,Posted on Saturday - 2024-04-13 is outside the normal working week
TXN00027671,weekend_posting,Weekend / Holiday Posting,0.6341,Posted on Saturday - 2024-04-13 is outside the normal working week
TXN00017927,weekend_posting,Weekend / Holiday Posting,0.8475,Posted on Sunday - 2024-04-14 is outside the normal working week
TXN00017486,weekend_posting,Weekend / Holiday Posting,0.6992,Posted on Sunday - 2024-04-14 is outside the normal working week
TXN00007617,weekend_posting,Weekend / Holiday Posting,0.7751,Posted on Saturday - 2024-04-20 is outside the normal working week
TXN00008712,weekend_posting,Weekend / Holiday Posting,0.8212,Posted on Saturday - 2024-04-20 is outside the normal working week
TXN00012035,weekend_posting,Weekend / Holiday Posting,0.8515,Posted on Saturday - 2024-04-20 is outside the normal working week
TXN00011540,weekend_posting,Weekend / Holiday Posting,0.576,Posted on Sunday - 2024-04-21 is outside the normal working week
TXN00021886,weekend_posting,Weekend / Holiday Posting,0.8631,Posted on Sunday - 2024-04-21 is outside the normal working week
TXN00018170,weekend_posting,Weekend / Holiday Posting,0.6038,Posted on Saturday - 2024-04-27 is outside the normal working week
TXN00000964,weekend_posting,Weekend / Holiday Posting,0.8561,Posted on Saturday - 2024-04-27 is outside the normal working week
TXN00014637,weekend_posting,Weekend / Holiday Posting,0.7908,Posted on Saturday - 2024-04-27 is outside the normal working week
TXN00012563,weekend_posting,Weekend / Holiday Posting,0.8697,Posted on Wednesday (public holiday) - 2024-05-01 is outside the normal working week
TXN00026332,weekend_posting,Weekend / Holiday Posting,0.728,Posted on Wednesday (public holiday) - 2024-05-01 is outside the normal working week
TXN00006722,weekend_posting,Weekend / Holiday Posting,0.9094,Posted on Thursday (public holiday) - 2024-05-02 is outside the normal working week
TXN00009329,weekend_posting,Weekend / Holiday Posting,0.8827,Posted on Thursday (public holiday) - 2024-05-02 is outside the normal working week
TXN00023418,weekend_posting,Weekend / Holiday Posting,0.766,Posted on Thursday (public holiday) - 2024-05-02 is outside the normal working week
TXN00025243,weekend_posting,Weekend / Holiday Posting,0.6843,Posted on Thursday (public holiday) - 2024-05-02 is outside the normal working week
TXN00015945,weekend_posting,Weekend / Holiday Posting,0.8272,Posted on Friday (public holiday) - 2024-05-03 is outside the normal working week
TXN00011880,weekend_posting,Weekend / Holiday Posting,0.6435,Posted on Saturday - 2024-05-04 is outside the normal working week
TXN00020376,weekend_posting,Weekend / Holiday Posting,0.7703,Posted on Saturday - 2024-05-04 is outside the normal working week
TXN00026504,weekend_posting,Weekend / Holiday Posting,0.7103,Posted on Saturday - 2024-05-11 is outside the normal working week
TXN00014602,weekend_posting,Weekend / Holiday Posting,0.5551,Posted on Sunday - 2024-05-12 is outside the normal working week
TXN00027523,weekend_posting,Weekend / Holiday Posting,0.8826,Posted on Sunday - 2024-05-12 is outside the normal working week
TXN00010027,weekend_posting,Weekend / Holiday Posting,0.8023,Posted on Sunday - 2024-05-12 is outside the normal working week
TXN00010660,weekend_posting,Weekend / Holiday Posting,0.5811,Posted on Sunday - 2024-05-12 is outside the normal working week
TXN00019294,weekend_posting,Weekend / Holiday Posting,0.5673,Posted on Sunday - 2024-05-12 is outside the normal working week
TXN00025825,weekend_posting,Weekend / Holiday Posting,0.7715,Posted on Saturday - 2024-05-18 is outside the normal working week
TXN00010697,weekend_posting,Weekend / Holiday Posting,0.5916,Posted on Saturday - 2024-05-18 is outside the normal working week
TXN00006806,weekend_posting,Weekend / Holiday Posting,0.6851,Posted on Saturday - 2024-05-18 is outside the normal working week
TXN00014706,weekend_posting,Weekend / Holiday Posting,0.7606,Posted on Saturday - 2024-05-18 is outside the normal working week
TXN00019716,weekend_posting,Weekend / Holiday Posting,0.8887,Posted on Saturday - 2024-05-18 is outside the normal working week
TXN00029157,weekend_posting,Weekend / Holiday Posting,0.6798,Posted on Sunday - 2024-05-19 is outside the normal working week
TXN00019155,weekend_posting,Weekend / Holiday Posting,0.7964,Posted on Sunday - 2024-05-19 is outside the normal working week
TXN00020184,weekend_posting,Weekend / Holiday Posting,0.6938,Posted on Sunday - 2024-05-19 is outside the normal working week
TXN00029856,weekend_posting,Weekend / Holiday Posting,0.5906,Posted on Saturday - 2024-05-25 is outside the normal working week
TXN00005489,weekend_posting,Weekend / Holiday Posting,0.8309,Posted on Saturday - 2024-05-25 is outside the normal working week
TXN00013588,weekend_posting,Weekend / Holiday Posting,0.7534,Posted on Saturday - 2024-05-25 is outside the normal working week
TXN00002352,weekend_posting,Weekend / Holiday Posting,0.6009,Posted on Saturday - 2024-05-25 is outside the normal working week
TXN00016381,weekend_posting,Weekend / Holiday Posting,0.7947,Posted on Saturday - 2024-06-01 is outside the normal working week
TXN00016592,weekend_posting,Weekend / Holiday Posting,0.6635,Posted on Saturday - 2024-06-01 is outside the normal working week
TXN00025664,weekend_posting,Weekend / Holiday Posting,0.728,Posted on Saturday - 2024-06-01 is outside the normal working week
TXN00002318,weekend_posting,Weekend / Holiday Posting,0.5523,Posted on Sunday - 2024-06-02 is outside the normal working week
TXN00008569,weekend_posting,Weekend / Holiday Posting,0.8723,Posted on Saturday - 2024-06-08 is outside the normal working week
TXN00001730,weekend_posting,Weekend / Holiday Posting,0.6356,Posted on Saturday - 2024-06-08 is outside the normal working week
TXN00024196,weekend_posting,Weekend / Holiday Posting,0.8647,Posted on Sunday - 2024-06-09 is outside the normal working week
TXN90000047,weekend_posting,Weekend / Holiday Posting,0.7194,Posted on Monday (public holiday) - 2024-06-10 is outside the normal working week
TXN00022050,weekend_posting,Weekend / Holiday Posting,0.8709,Posted on Monday (public holiday) - 2024-06-10 is outside the normal working week
TXN00003586,weekend_posting,Weekend / Holiday Posting,0.8702,Posted on Saturday - 2024-06-15 is outside the normal working week
TXN00023942,weekend_posting,Weekend / Holiday Posting,0.7641,Posted on Saturday - 2024-06-15 is outside the normal working week
TXN00018777,weekend_posting,Weekend / Holiday Posting,0.8944,Posted on Saturday - 2024-06-15 is outside the normal working week
TXN00021715,weekend_posting,Weekend / Holiday Posting,0.8685,Posted on Saturday - 2024-06-15 is outside the normal working week
TXN00007015,weekend_posting,Weekend / Holiday Posting,0.7487,Posted on Saturday - 2024-06-15 is outside the normal working week
TXN00011865,weekend_posting,Weekend / Holiday Posting,0.7556,Posted on Saturday - 2024-06-15 is outside the normal working week
TXN00019164,weekend_posting,Weekend / Holiday Posting,0.6967,Posted on Sunday - 2024-06-16 is outside the normal working week
TXN00012473,weekend_posting,Weekend / Holiday Posting,0.6883,Posted on Sunday - 2024-06-16 is outside the normal working week
TXN00027681,weekend_posting,Weekend / Holiday Posting,0.8331,Posted on Sunday - 2024-06-16 is outside the normal working week
TXN00004765,weekend_posting,Weekend / Holiday Posting,0.8784,Posted on Saturday - 2024-06-22 is outside the normal working week
TXN00020992,weekend_posting,Weekend / Holiday Posting,0.6842,Posted on Saturday - 2024-06-22 is outside the normal working week
TXN00023912,weekend_posting,Weekend / Holiday Posting,0.6462,Posted on Saturday - 2024-06-22 is outside the normal working week
TXN00026721,weekend_posting,Weekend / Holiday Posting,0.7002,Posted on Sunday - 2024-06-23 is outside the normal working week
TXN00008717,weekend_posting,Weekend / Holiday Posting,0.6179,Posted on Sunday - 2024-06-23 is outside the normal working week
TXN00001277,weekend_posting,Weekend / Holiday Posting,0.6535,Posted on Saturday - 2024-06-29 is outside the normal working week
TXN00013863,weekend_posting,Weekend / Holiday Posting,0.8807,Posted on Saturday - 2024-06-29 is outside the normal working week
TXN00013267,weekend_posting,Weekend / Holiday Posting,0.8294,Posted on Saturday - 2024-06-29 is outside the normal working week
TXN00028134,weekend_posting,Weekend / Holiday Posting,0.6978,Posted on Saturday - 2024-06-29 is outside the normal working week
TXN00016777,weekend_posting,Weekend / Holiday Posting,0.733,Posted on Sunday - 2024-06-30 is outside the normal working week
TXN00028339,weekend_posting,Weekend / Holiday Posting,0.6995,Posted on Saturday - 2024-07-06 is outside the normal working week
TXN00010699,weekend_posting,Weekend / Holiday Posting,0.7943,Posted on Sunday - 2024-07-07 is outside the normal working week
TXN00006164,weekend_posting,Weekend / Holiday Posting,0.7482,Posted on Sunday - 2024-07-07 is outside the normal working week
TXN00027282,weekend_posting,Weekend / Holiday Posting,0.7918,Posted on Sunday - 2024-07-07 is outside the normal working week
TXN00000957,weekend_posting,Weekend / Holiday Posting,0.6503,Posted on Saturday - 2024-07-13 is outside the normal working week
TXN00012760,weekend_posting,Weekend / Holiday Posting,0.6637,Posted on Saturday - 2024-07-13 is outside the normal working week
TXN00025181,weekend_posting,Weekend / Holiday Posting,0.6205,Posted on Saturday - 2024-07-13 is outside the normal working week
TXN00019137,weekend_posting,Weekend / Holiday Posting,0.6526,Posted on Saturday - 2024-07-13 is outside the normal working week
TXN00028427,weekend_posting,Weekend / Holiday Posting,0.8548,Posted on Sunday - 2024-07-14 is outside the normal working week
TXN00000595,weekend_posting,Weekend / Holiday Posting,0.5823,Posted on Sunday - 2024-07-14 is outside the normal working week
TXN00002760,weekend_posting,Weekend / Holiday Posting,0.6724,Posted on Saturday - 2024-07-20 is outside the normal working week
TXN00009028,weekend_posting,Weekend / Holiday Posting,0.7891,Posted on Saturday - 2024-07-20 is outside the normal working week
TXN00020335,weekend_posting,Weekend / Holiday Posting,0.7442,Posted on Sunday - 2024-07-21 is outside the normal working week
TXN00026441,weekend_posting,Weekend / Holiday Posting,0.7969,Posted on Sunday - 2024-07-21 is outside the normal working week
TXN00021843,weekend_posting,Weekend / Holiday Posting,0.7082,Posted on Sunday - 2024-07-21 is outside the normal working week
TXN00020542,weekend_posting,Weekend / Holiday Posting,0.7037,Posted on Saturday - 2024-07-27 is outside the normal working week
TXN00021154,weekend_posting,Weekend / Holiday Posting,0.6585,Posted on Saturday - 2024-07-27 is outside the normal working week
TXN00015859,weekend_posting,Weekend / Holiday Posting,0.601,Posted on Saturday - 2024-07-27 is outside the normal working week
TXN00022377,weekend_posting,Weekend / Holiday Posting,0.6058,Posted on Saturday - 2024-07-27 is outside the normal working week
TXN00023026,weekend_posting,Weekend / Holiday Posting,0.8833,Posted on Sunday - 2024-07-28 is outside the normal working week
TXN00016811,weekend_posting,Weekend / Holiday Posting,0.604,Posted on Sunday - 2024-07-28 is outside the normal working week
TXN00016195,weekend_posting,Weekend / Holiday Posting,0.5985,Posted on Saturday - 2024-08-03 is outside the normal working week
TXN00009082,weekend_posting,Weekend / Holiday Posting,0.7293,Posted on Saturday - 2024-08-03 is outside the normal working week
TXN00000768,weekend_posting,Weekend / Holiday Posting,0.6082,Posted on Saturday - 2024-08-03 is outside the normal working week
TXN00016145,weekend_posting,Weekend / Holiday Posting,0.7827,Posted on Saturday - 2024-08-03 is outside the normal working week
TXN00010864,weekend_posting,Weekend / Holiday Posting,0.6387,Posted on Saturday - 2024-08-03 is outside the normal working week
TXN00013849,weekend_posting,Weekend / Holiday Posting,0.7108,Posted on Saturday - 2024-08-03 is outside the normal working week
TXN00025860,weekend_posting,Weekend / Holiday Posting,0.5582,Posted on Sunday - 2024-08-04 is outside the normal working week
TXN00011510,weekend_posting,Weekend / Holiday Posting,0.6044,Posted on Sunday - 2024-08-04 is outside the normal working week
TXN00024364,weekend_posting,Weekend / Holiday Posting,0.6246,Posted on Saturday - 2024-08-10 is outside the normal working week
TXN00008925,weekend_posting,Weekend / Holiday Posting,0.6644,Posted on Saturday - 2024-08-10 is outside the normal working week
TXN00029474,weekend_posting,Weekend / Holiday Posting,0.8522,Posted on Saturday - 2024-08-10 is outside the normal working week
TXN00023542,weekend_posting,Weekend / Holiday Posting,0.7541,Posted on Saturday - 2024-08-10 is outside the normal working week
TXN00019794,weekend_posting,Weekend / Holiday Posting,0.7958,Posted on Saturday - 2024-08-10 is outside the normal working week
TXN00020637,weekend_posting,Weekend / Holiday Posting,0.5689,Posted on Saturday - 2024-08-10 is outside the normal working week
TXN00000869,weekend_posting,Weekend / Holiday Posting,0.6107,Posted on Sunday - 2024-08-11 is outside the normal working week
TXN00022108,weekend_posting,Weekend / Holiday Posting,0.8539,Posted on Sunday - 2024-08-11 is outside the normal working week
TXN00008564,weekend_posting,Weekend / Holiday Posting,0.6717,Posted on Saturday - 2024-08-17 is outside the normal working week
TXN00008800,weekend_posting,Weekend / Holiday Posting,0.6116,Posted on Saturday - 2024-08-17 is outside the normal working week
TXN00000251,weekend_posting,Weekend / Holiday Posting,0.8151,Posted on Saturday - 2024-08-17 is outside the normal working week
TXN00007321,weekend_posting,Weekend / Holiday Posting,0.7749,Posted on Saturday - 2024-08-17 is outside the normal working week
TXN00015767,weekend_posting,Weekend / Holiday Posting,0.651,Posted on Sunday - 2024-08-18 is outside the normal working week
TXN00015114,weekend_posting,Weekend / Holiday Posting,0.6204,Posted on Sunday - 2024-08-18 is outside the normal working week
TXN00007006,weekend_posting,Weekend / Holiday Posting,0.8937,Posted on Sunday - 2024-08-18 is outside the normal working week
TXN00001404,weekend_posting,Weekend / Holiday Posting,0.7938,Posted on Sunday - 2024-08-18 is outside the normal working week
TXN00004096,weekend_posting,Weekend / Holiday Posting,0.5804,Posted on Saturday - 2024-08-24 is outside the normal working week
TXN00009876,weekend_posting,Weekend / Holiday Posting,0.8683,Posted on Saturday - 2024-08-24 is outside the normal working week
TXN00029861,weekend_posting,Weekend / Holiday Posting,0.6802,Posted on Saturday - 2024-08-24 is outside the normal working week
TXN00007246,weekend_posting,Weekend / Holiday Posting,0.6793,Posted on Saturday - 2024-08-24 is outside the normal working week
TXN00001439,weekend_posting,Weekend / Holiday Posting,0.6015,Posted on Saturday - 2024-08-24 is outside the normal working week
TXN00018225,weekend_posting,Weekend / Holiday Posting,0.5588,Posted on Saturday - 2024-08-24 is outside the normal working week
TXN00003086,weekend_posting,Weekend / Holiday Posting,0.622,Posted on Saturday - 2024-08-24 is outside the normal working week
TXN00008936,weekend_posting,Weekend / Holiday Posting,0.8544,Posted on Saturday - 2024-08-24 is outside the normal working week
TXN00011718,weekend_posting,Weekend / Holiday Posting,0.848,Posted on Saturday - 2024-08-31 is outside the normal working week
TXN00002078,weekend_posting,Weekend / Holiday Posting,0.6985,Posted on Saturday - 2024-08-31 is outside the normal working week
TXN00017084,weekend_posting,Weekend / Holiday Posting,0.7303,Posted on Saturday - 2024-08-31 is outside the normal working week
TXN00010597,weekend_posting,Weekend / Holiday Posting,0.7264,Posted on Saturday - 2024-08-31 is outside the normal working week
TXN00025064,weekend_posting,Weekend / Holiday Posting,0.5953,Posted on Saturday - 2024-08-31 is outside the normal working week
TXN00022079,weekend_posting,Weekend / Holiday Posting,0.8257,Posted on Saturday - 2024-08-31 is outside the normal working week
TXN00025577,weekend_posting,Weekend / Holiday Posting,0.7747,Posted on Saturday - 2024-08-31 is outside the normal working week
TXN00001508,weekend_posting,Weekend / Holiday Posting,0.8218,Posted on Sunday - 2024-09-01 is outside the normal working week
TXN00013235,weekend_posting,Weekend / Holiday Posting,0.6255,Posted on Sunday - 2024-09-01 is outside the normal working week
TXN00027669,weekend_posting,Weekend / Holiday Posting,0.8436,Posted on Sunday - 2024-09-01 is outside the normal working week
TXN00027197,weekend_posting,Weekend / Holiday Posting,0.8406,Posted on Saturday - 2024-09-07 is outside the normal working week
TXN00001483,weekend_posting,Weekend / Holiday Posting,0.5758,Posted on Sunday - 2024-09-08 is outside the normal working week
TXN00019668,weekend_posting,Weekend / Holiday Posting,0.6336,Posted on Sunday - 2024-09-08 is outside the normal working week
TXN00016290,weekend_posting,Weekend / Holiday Posting,0.7556,Posted on Saturday - 2024-09-14 is outside the normal working week
TXN00019834,weekend_posting,Weekend / Holiday Posting,0.7594,Posted on Sunday - 2024-09-15 is outside the normal working week
TXN00004192,weekend_posting,Weekend / Holiday Posting,0.5939,Posted on Sunday - 2024-09-15 is outside the normal working week
TXN00029193,weekend_posting,Weekend / Holiday Posting,0.6682,Posted on Sunday - 2024-09-15 is outside the normal working week
TXN00018936,weekend_posting,Weekend / Holiday Posting,0.7886,Posted on Sunday - 2024-09-15 is outside the normal working week
TXN00015810,weekend_posting,Weekend / Holiday Posting,0.5938,Posted on Sunday - 2024-09-15 is outside the normal working week
TXN00022296,weekend_posting,Weekend / Holiday Posting,0.8632,Posted on Sunday - 2024-09-15 is outside the normal working week
TXN00028088,weekend_posting,Weekend / Holiday Posting,0.6844,Posted on Sunday - 2024-09-15 is outside the normal working week
TXN00001944,weekend_posting,Weekend / Holiday Posting,0.7399,Posted on Monday (public holiday) - 2024-09-16 is outside the normal working week
TXN00027022,weekend_posting,Weekend / Holiday Posting,0.9895,Posted on Monday (public holiday) - 2024-09-16 is outside the normal working week
TXN00006713,weekend_posting,Weekend / Holiday Posting,0.9113,Posted on Monday (public holiday) - 2024-09-16 is outside the normal working week
TXN00014283,weekend_posting,Weekend / Holiday Posting,0.9469,Posted on Tuesday (public holiday) - 2024-09-17 is outside the normal working week
TXN00019736,weekend_posting,Weekend / Holiday Posting,0.7206,Posted on Tuesday (public holiday) - 2024-09-17 is outside the normal working week
TXN00017665,weekend_posting,Weekend / Holiday Posting,0.7683,Posted on Saturday - 2024-09-21 is outside the normal working week
TXN00027280,weekend_posting,Weekend / Holiday Posting,0.7629,Posted on Saturday - 2024-09-21 is outside the normal working week
TXN00018256,weekend_posting,Weekend / Holiday Posting,0.6906,Posted on Saturday - 2024-09-21 is outside the normal working week
TXN00006692,weekend_posting,Weekend / Holiday Posting,0.6469,Posted on Saturday - 2024-09-21 is outside the normal working week
TXN00015806,weekend_posting,Weekend / Holiday Posting,0.6867,Posted on Saturday - 2024-09-21 is outside the normal working week
TXN00008922,weekend_posting,Weekend / Holiday Posting,0.6238,Posted on Saturday - 2024-09-21 is outside the normal working week
TXN00013477,weekend_posting,Weekend / Holiday Posting,0.599,Posted on Sunday - 2024-09-22 is outside the normal working week
TXN00026077,weekend_posting,Weekend / Holiday Posting,0.7039,Posted on Sunday - 2024-09-22 is outside the normal working week
TXN00027214,weekend_posting,Weekend / Holiday Posting,0.7998,Posted on Sunday - 2024-09-22 is outside the normal working week
TXN00009606,weekend_posting,Weekend / Holiday Posting,0.5704,Posted on Saturday - 2024-09-28 is outside the normal working week
TXN00009470,weekend_posting,Weekend / Holiday Posting,0.7564,Posted on Saturday - 2024-09-28 is outside the normal working week
TXN00027049,weekend_posting,Weekend / Holiday Posting,0.7202,Posted on Saturday - 2024-09-28 is outside the normal working week
TXN00014793,weekend_posting,Weekend / Holiday Posting,0.6259,Posted on Saturday - 2024-09-28 is outside the normal working week
TXN00008071,weekend_posting,Weekend / Holiday Posting,0.6012,Posted on Saturday - 2024-09-28 is outside the normal working week
TXN00006211,weekend_posting,Weekend / Holiday Posting,0.5552,Posted on Sunday - 2024-09-29 is outside the normal working week
TXN00017167,weekend_posting,Weekend / Holiday Posting,0.9939,Posted on Tuesday (public holiday) - 2024-10-01 is outside the normal working week
TXN00021260,weekend_posting,Weekend / Holiday Posting,0.7049,Posted on Tuesday (public holiday) - 2024-10-01 is outside the normal working week
TXN00013812,weekend_posting,Weekend / Holiday Posting,0.7271,Posted on Tuesday (public holiday) - 2024-10-01 is outside the normal working week
TXN00005090,weekend_posting,Weekend / Holiday Posting,0.7162,Posted on Wednesday (public holiday) - 2024-10-02 is outside the normal working week
TXN00022672,weekend_posting,Weekend / Holiday Posting,0.7831,Posted on Wednesday (public holiday) - 2024-10-02 is outside the normal working week
TXN00014213,weekend_posting,Weekend / Holiday Posting,0.9041,Posted on Thursday (public holiday) - 2024-10-03 is outside the normal working week
TXN00012069,weekend_posting,Weekend / Holiday Posting,0.7009,Posted on Thursday (public holiday) - 2024-10-03 is outside the normal working week
TXN00022321,weekend_posting,Weekend / Holiday Posting,0.8646,Posted on Friday (public holiday) - 2024-10-04 is outside the normal working week
TXN00027685,weekend_posting,Weekend / Holiday Posting,0.6549,Posted on Saturday - 2024-10-05 is outside the normal working week
TXN00020377,weekend_posting,Weekend / Holiday Posting,0.6919,Posted on Saturday - 2024-10-05 is outside the normal working week
TXN00023465,weekend_posting,Weekend / Holiday Posting,0.7875,Posted on Saturday - 2024-10-05 is outside the normal working week
TXN00010482,weekend_posting,Weekend / Holiday Posting,0.7676,Posted on Saturday - 2024-10-05 is outside the normal working week
TXN00015927,weekend_posting,Weekend / Holiday Posting,0.7192,Posted on Sunday - 2024-10-06 is outside the normal working week
TXN00019076,weekend_posting,Weekend / Holiday Posting,0.714,Posted on Monday (public holiday) - 2024-10-07 is outside the normal working week
TXN00013214,weekend_posting,Weekend / Holiday Posting,0.7467,Posted on Monday (public holiday) - 2024-10-07 is outside the normal working week
TXN00018694,weekend_posting,Weekend / Holiday Posting,0.6571,Posted on Saturday - 2024-10-12 is outside the normal working week
TXN00025714,weekend_posting,Weekend / Holiday Posting,0.7259,Posted on Saturday - 2024-10-12 is outside the normal working week
TXN00011866,weekend_posting,Weekend / Holiday Posting,0.7704,Posted on Saturday - 2024-10-12 is outside the normal working week
TXN00019949,weekend_posting,Weekend / Holiday Posting,0.584,Posted on Sunday - 2024-10-13 is outside the normal working week
TXN00022978,weekend_posting,Weekend / Holiday Posting,0.7143,Posted on Saturday - 2024-10-19 is outside the normal working week
TXN00028230,weekend_posting,Weekend / Holiday Posting,0.6824,Posted on Saturday - 2024-10-19 is outside the normal working week
TXN00016916,weekend_posting,Weekend / Holiday Posting,0.6432,Posted on Saturday - 2024-10-19 is outside the normal working week
TXN00015709,weekend_posting,Weekend / Holiday Posting,0.862,Posted on Saturday - 2024-10-19 is outside the normal working week
TXN00015645,weekend_posting,Weekend / Holiday Posting,0.7821,Posted on Sunday - 2024-10-20 is outside the normal working week
TXN00016340,weekend_posting,Weekend / Holiday Posting,0.7626,Posted on Saturday - 2024-10-26 is outside the normal working week
TXN00021730,weekend_posting,Weekend / Holiday Posting,0.7768,Posted on Saturday - 2024-10-26 is outside the normal working week
TXN00023176,weekend_posting,Weekend / Holiday Posting,0.6255,Posted on Saturday - 2024-10-26 is outside the normal working week
TXN00022777,weekend_posting,Weekend / Holiday Posting,0.7526,Posted on Saturday - 2024-10-26 is outside the normal working week
TXN00000842,weekend_posting,Weekend / Holiday Posting,0.7104,Posted on Saturday - 2024-10-26 is outside the normal working week
TXN00014239,weekend_posting,Weekend / Holiday Posting,0.6342,Posted on Saturday - 2024-10-26 is outside the normal working week
TXN00028556,weekend_posting,Weekend / Holiday Posting,0.7567,Posted on Saturday - 2024-10-26 is outside the normal working week
TXN00016699,weekend_posting,Weekend / Holiday Posting,0.839,Posted on Saturday - 2024-10-26 is outside the normal working week
TXN00017101,weekend_posting,Weekend / Holiday Posting,0.5906,Posted on Saturday - 2024-10-26 is outside the normal working week
TXN00000185,weekend_posting,Weekend / Holiday Posting,0.6404,Posted on Sunday - 2024-10-27 is outside the normal working week
TXN00022473,weekend_posting,Weekend / Holiday Posting,0.7936,Posted on Sunday - 2024-10-27 is outside the normal working week
TXN00028503,weekend_posting,Weekend / Holiday Posting,0.8583,Posted on Sunday - 2024-10-27 is outside the normal working week
TXN00012936,weekend_posting,Weekend / Holiday Posting,0.8992,Posted on Saturday - 2024-11-02 is outside the normal working week
TXN00020507,weekend_posting,Weekend / Holiday Posting,0.7696,Posted on Saturday - 2024-11-02 is outside the normal working week
TXN00019257,weekend_posting,Weekend / Holiday Posting,0.6156,Posted on Saturday - 2024-11-02 is outside the normal working week
TXN00028049,weekend_posting,Weekend / Holiday Posting,0.5983,Posted on Sunday - 2024-11-03 is outside the normal working week
TXN00017421,weekend_posting,Weekend / Holiday Posting,0.7743,Posted on Sunday - 2024-11-03 is outside the normal working week
TXN00009411,weekend_posting,Weekend / Holiday Posting,0.8005,Posted on Sunday - 2024-11-03 is outside the normal working week
TXN00017833,weekend_posting,Weekend / Holiday Posting,0.6539,Posted on Sunday - 2024-11-03 is outside the normal working week
TXN00028769,weekend_posting,Weekend / Holiday Posting,0.6785,Posted on Sunday - 2024-11-03 is outside the normal working week
TXN00023604,weekend_posting,Weekend / Holiday Posting,0.769,Posted on Sunday - 2024-11-03 is outside the normal working week
TXN00023592,weekend_posting,Weekend / Holiday Posting,0.5946,Posted on Saturday - 2024-11-09 is outside the normal working week
TXN00016791,weekend_posting,Weekend / Holiday Posting,0.8151,Posted on Saturday - 2024-11-09 is outside the normal working week
TXN00028027,weekend_posting,Weekend / Holiday Posting,0.8699,Posted on Sunday - 2024-11-10 is outside the normal working week
TXN00006623,weekend_posting,Weekend / Holiday Posting,0.7141,Posted on Sunday - 2024-11-10 is outside the normal working week
TXN00013674,weekend_posting,Weekend / Holiday Posting,0.8282,Posted on Sunday - 2024-11-10 is outside the normal working week
TXN00020548,weekend_posting,Weekend / Holiday Posting,0.701,Posted on Saturday - 2024-11-16 is outside the normal working week
TXN00018303,weekend_posting,Weekend / Holiday Posting,0.8114,Posted on Sunday - 2024-11-17 is outside the normal working week
TXN00004416,weekend_posting,Weekend / Holiday Posting,0.8867,Posted on Sunday - 2024-11-17 is outside the normal working week
TXN00028310,weekend_posting,Weekend / Holiday Posting,0.5753,Posted on Sunday - 2024-11-17 is outside the normal working week
TXN00017534,weekend_posting,Weekend / Holiday Posting,0.7409,Posted on Saturday - 2024-11-23 is outside the normal working week
TXN00019493,weekend_posting,Weekend / Holiday Posting,0.6794,Posted on Saturday - 2024-11-23 is outside the normal working week
TXN00017521,weekend_posting,Weekend / Holiday Posting,0.7546,Posted on Saturday - 2024-11-23 is outside the normal working week
TXN00005708,weekend_posting,Weekend / Holiday Posting,0.6507,Posted on Saturday - 2024-11-23 is outside the normal working week
TXN00013397,weekend_posting,Weekend / Holiday Posting,0.8436,Posted on Sunday - 2024-11-24 is outside the normal working week
TXN00020303,weekend_posting,Weekend / Holiday Posting,0.7942,Posted on Sunday - 2024-11-24 is outside the normal working week
TXN00000515,weekend_posting,Weekend / Holiday Posting,0.7195,Posted on Sunday - 2024-11-24 is outside the normal working week
TXN00009207,weekend_posting,Weekend / Holiday Posting,0.704,Posted on Sunday - 2024-11-24 is outside the normal working week
TXN00021621,weekend_posting,Weekend / Holiday Posting,0.8214,Posted on Sunday - 2024-11-24 is outside the normal working week
TXN00003231,weekend_posting,Weekend / Holiday Posting,0.578,Posted on Sunday - 2024-11-24 is outside the normal working week
TXN00007009,weekend_posting,Weekend / Holiday Posting,0.7167,Posted on Saturday - 2024-11-30 is outside the normal working week
TXN00011366,weekend_posting,Weekend / Holiday Posting,0.6772,Posted on Saturday - 2024-11-30 is outside the normal working week
TXN00002815,weekend_posting,Weekend / Holiday Posting,0.8851,Posted on Saturday - 2024-11-30 is outside the normal working week
TXN00029198,weekend_posting,Weekend / Holiday Posting,0.7818,Posted on Saturday - 2024-11-30 is outside the normal working week
TXN00014680,weekend_posting,Weekend / Holiday Posting,0.8369,Posted on Saturday - 2024-11-30 is outside the normal working week
TXN00009015,weekend_posting,Weekend / Holiday Posting,0.5629,Posted on Saturday - 2024-11-30 is outside the normal working week
TXN00021973,weekend_posting,Weekend / Holiday Posting,0.7547,Posted on Saturday - 2024-11-30 is outside the normal working week
TXN00004008,weekend_posting,Weekend / Holiday Posting,0.5961,Posted on Sunday - 2024-12-01 is outside the normal working week
TXN00010168,weekend_posting,Weekend / Holiday Posting,0.7575,Posted on Sunday - 2024-12-01 is outside the normal working week
TXN00018353,weekend_posting,Weekend / Holiday Posting,0.8399,Posted on Sunday - 2024-12-01 is outside the normal working week
TXN00010720,weekend_posting,Weekend / Holiday Posting,0.7233,Posted on Sunday - 2024-12-01 is outside the normal working week
TXN00007748,weekend_posting,Weekend / Holiday Posting,0.7517,Posted on Saturday - 2024-12-07 is outside the normal working week
TXN00003789,weekend_posting,Weekend / Holiday Posting,0.8251,Posted on Saturday - 2024-12-07 is outside the normal working week
TXN00002334,weekend_posting,Weekend / Holiday Posting,0.8225,Posted on Saturday - 2024-12-07 is outside the normal working week
TXN00012649,weekend_posting,Weekend / Holiday Posting,0.6185,Posted on Saturday - 2024-12-07 is outside the normal working week
TXN00015937,weekend_posting,Weekend / Holiday Posting,0.7257,Posted on Saturday - 2024-12-07 is outside the normal working week
TXN00023575,weekend_posting,Weekend / Holiday Posting,0.5711,Posted on Saturday - 2024-12-07 is outside the normal working week
TXN00015924,weekend_posting,Weekend / Holiday Posting,0.7314,Posted on Saturday - 2024-12-07 is outside the normal working week
TXN00014964,weekend_posting,Weekend / Holiday Posting,0.8701,Posted on Sunday - 2024-12-08 is outside the normal working week
TXN00003264,weekend_posting,Weekend / Holiday Posting,0.6176,Posted on Sunday - 2024-12-08 is outside the normal working week
TXN00028217,weekend_posting,Weekend / Holiday Posting,0.6158,Posted on Sunday - 2024-12-08 is outside the normal working week
TXN00003371,weekend_posting,Weekend / Holiday Posting,0.623,Posted on Sunday - 2024-12-08 is outside the normal working week
TXN00000686,weekend_posting,Weekend / Holiday Posting,0.8268,Posted on Sunday - 2024-12-08 is outside the normal working week
TXN00027697,weekend_posting,Weekend / Holiday Posting,0.6898,Posted on Saturday - 2024-12-14 is outside the normal working week
TXN00018240,weekend_posting,Weekend / Holiday Posting,0.6228,Posted on Saturday - 2024-12-14 is outside the normal working week
TXN00021485,weekend_posting,Weekend / Holiday Posting,0.6597,Posted on Saturday - 2024-12-14 is outside the normal working week
TXN00023337,weekend_posting,Weekend / Holiday Posting,0.5722,Posted on Saturday - 2024-12-14 is outside the normal working week
TXN00015365,weekend_posting,Weekend / Holiday Posting,0.6787,Posted on Saturday - 2024-12-14 is outside the normal working week
TXN00028420,weekend_posting,Weekend / Holiday Posting,0.8024,Posted on Saturday - 2024-12-14 is outside the normal working week
TXN00002537,weekend_posting,Weekend / Holiday Posting,0.8514,Posted on Sunday - 2024-12-15 is outside the normal working week
TXN00024942,weekend_posting,Weekend / Holiday Posting,0.6636,Posted on Sunday - 2024-12-15 is outside the normal working week
TXN00017997,weekend_posting,Weekend / Holiday Posting,0.785,Posted on Sunday - 2024-12-15 is outside the normal working week
TXN00025194,weekend_posting,Weekend / Holiday Posting,0.6347,Posted on Sunday - 2024-12-15 is outside the normal working week
TXN00017515,weekend_posting,Weekend / Holiday Posting,0.7005,Posted on Saturday - 2024-12-21 is outside the normal working week
TXN00027501,weekend_posting,Weekend / Holiday Posting,0.8724,Posted on Saturday - 2024-12-21 is outside the normal working week
TXN00003557,weekend_posting,Weekend / Holiday Posting,0.8398,Posted on Sunday - 2024-12-22 is outside the normal working week
TXN00018420,weekend_posting,Weekend / Holiday Posting,0.6175,Posted on Sunday - 2024-12-22 is outside the normal working week
TXN00006729,weekend_posting,Weekend / Holiday Posting,0.8007,Posted on Sunday - 2024-12-22 is outside the normal working week
TXN00027711,weekend_posting,Weekend / Holiday Posting,0.5657,Posted on Sunday - 2024-12-22 is outside the normal working week
TXN00006083,weekend_posting,Weekend / Holiday Posting,0.6035,Posted on Sunday - 2024-12-22 is outside the normal working week
TXN00011139,weekend_posting,Weekend / Holiday Posting,0.6183,Posted on Saturday - 2024-12-28 is outside the normal working week
TXN00017369,weekend_posting,Weekend / Holiday Posting,0.8106,Posted on Saturday - 2024-12-28 is outside the normal working week
TXN00010868,weekend_posting,Weekend / Holiday Posting,0.7911,Posted on Saturday - 2024-12-28 is outside the normal working week
TXN00013706,weekend_posting,Weekend / Holiday Posting,0.6677,Posted on Saturday - 2024-12-28 is outside the normal working week
TXN00017413,weekend_posting,Weekend / Holiday Posting,0.6247,Posted on Saturday - 2024-12-28 is outside the normal working week
TXN00001091,weekend_posting,Weekend / Holiday Posting,0.7822,Posted on Saturday - 2024-12-28 is outside the normal working week
TXN00025838,weekend_posting,Weekend / Holiday Posting,0.75,Posted on Saturday - 2024-12-28 is outside the normal working week
TXN00006419,weekend_posting,Weekend / Holiday Posting,0.8008,Posted on Saturday - 2024-12-28 is outside the normal working week
TXN00029044,weekend_posting,Weekend / Holiday Posting,0.8322,Posted on Saturday - 2024-12-28 is outside the normal working week
TXN00006182,weekend_posting,Weekend / Holiday Posting,0.8269,Posted on Saturday - 2024-12-28 is outside the normal working week
TXN00024540,weekend_posting,Weekend / Holiday Posting,0.9656,Posted on Wednesday (public holiday) - 2025-01-01 is outside the normal working week
TXN00027725,weekend_posting,Weekend / Holiday Posting,0.9412,Posted on Wednesday (public holiday) - 2025-01-01 is outside the normal working week
TXN00028967,weekend_posting,Weekend / Holiday Posting,0.8209,Posted on Wednesday (public holiday) - 2025-01-01 is outside the normal working week
TXN00006335,weekend_posting,Weekend / Holiday Posting,0.8992,Posted on Saturday - 2025-01-04 is outside the normal working week
TXN00004178,weekend_posting,Weekend / Holiday Posting,0.8982,Posted on Saturday - 2025-01-04 is outside the normal working week
TXN00010963,weekend_posting,Weekend / Holiday Posting,0.5745,Posted on Saturday - 2025-01-04 is outside the normal working week
TXN00015314,weekend_posting,Weekend / Holiday Posting,0.7722,Posted on Sunday - 2025-01-05 is outside the normal working week
TXN00002409,weekend_posting,Weekend / Holiday Posting,0.6115,Posted on Saturday - 2025-01-11 is outside the normal working week
TXN00020139,weekend_posting,Weekend / Holiday Posting,0.808,Posted on Saturday - 2025-01-11 is outside the normal working week
TXN00013223,weekend_posting,Weekend / Holiday Posting,0.6849,Posted on Sunday - 2025-01-12 is outside the normal working week
TXN00001281,weekend_posting,Weekend / Holiday Posting,0.8854,Posted on Sunday - 2025-01-12 is outside the normal working week
TXN00006534,weekend_posting,Weekend / Holiday Posting,0.8794,Posted on Sunday - 2025-01-12 is outside the normal working week
TXN00002520,weekend_posting,Weekend / Holiday Posting,0.5622,Posted on Sunday - 2025-01-12 is outside the normal working week
TXN00018242,weekend_posting,Weekend / Holiday Posting,0.5892,Posted on Saturday - 2025-01-18 is outside the normal working week
TXN00021099,weekend_posting,Weekend / Holiday Posting,0.6631,Posted on Saturday - 2025-01-18 is outside the normal working week
TXN00007867,weekend_posting,Weekend / Holiday Posting,0.6826,Posted on Saturday - 2025-01-18 is outside the normal working week
TXN00004742,weekend_posting,Weekend / Holiday Posting,0.8372,Posted on Saturday - 2025-01-18 is outside the normal working week
TXN00015037,weekend_posting,Weekend / Holiday Posting,0.8448,Posted on Saturday - 2025-01-25 is outside the normal working week
TXN00019831,weekend_posting,Weekend / Holiday Posting,0.8418,Posted on Saturday - 2025-01-25 is outside the normal working week
TXN00021544,weekend_posting,Weekend / Holiday Posting,0.599,Posted on Saturday - 2025-01-25 is outside the normal working week
TXN00020882,weekend_posting,Weekend / Holiday Posting,0.8473,Posted on Saturday - 2025-01-25 is outside the normal working week
TXN00006234,weekend_posting,Weekend / Holiday Posting,0.8746,Posted on Saturday - 2025-01-25 is outside the normal working week
TXN00004520,weekend_posting,Weekend / Holiday Posting,0.7329,Posted on Sunday - 2025-01-26 is outside the normal working week
TXN00016494,weekend_posting,Weekend / Holiday Posting,0.6694,Posted on Sunday - 2025-01-26 is outside the normal working week
TXN00003311,weekend_posting,Weekend / Holiday Posting,0.8618,Posted on Tuesday (public holiday) - 2025-01-28 is outside the normal working week
TXN00029831,weekend_posting,Weekend / Holiday Posting,0.7725,Posted on Tuesday (public holiday) - 2025-01-28 is outside the normal working week
TXN00007463,weekend_posting,Weekend / Holiday Posting,0.753,Posted on Thursday (public holiday) - 2025-01-30 is outside the normal working week
TXN00020068,weekend_posting,Weekend / Holiday Posting,0.8794,Posted on Friday (public holiday) - 2025-01-31 is outside the normal working week
TXN00021680,weekend_posting,Weekend / Holiday Posting,0.8738,Posted on Saturday - 2025-02-01 is outside the normal working week
TXN00028384,weekend_posting,Weekend / Holiday Posting,0.6594,Posted on Saturday - 2025-02-01 is outside the normal working week
TXN00029545,weekend_posting,Weekend / Holiday Posting,0.8939,Posted on Monday (public holiday) - 2025-02-03 is outside the normal working week
TXN90000024,weekend_posting,Weekend / Holiday Posting,0.8618,Posted on Tuesday (public holiday) - 2025-02-04 is outside the normal working week
TXN00016962,weekend_posting,Weekend / Holiday Posting,0.8578,Posted on Tuesday (public holiday) - 2025-02-04 is outside the normal working week
TXN00014267,weekend_posting,Weekend / Holiday Posting,0.6603,Posted on Saturday - 2025-02-08 is outside the normal working week
TXN00019196,weekend_posting,Weekend / Holiday Posting,0.7667,Posted on Saturday - 2025-02-08 is outside the normal working week
TXN00018018,weekend_posting,Weekend / Holiday Posting,0.8678,Posted on Sunday - 2025-02-09 is outside the normal working week
TXN00014497,weekend_posting,Weekend / Holiday Posting,0.7914,Posted on Sunday - 2025-02-09 is outside the normal working week
TXN00027983,weekend_posting,Weekend / Holiday Posting,0.8157,Posted on Saturday - 2025-02-15 is outside the normal working week
TXN00015222,weekend_posting,Weekend / Holiday Posting,0.6665,Posted on Saturday - 2025-02-15 is outside the normal working week
TXN00028298,weekend_posting,Weekend / Holiday Posting,0.8033,Posted on Saturday - 2025-02-22 is outside the normal working week
TXN00002221,weekend_posting,Weekend / Holiday Posting,0.7988,Posted on Saturday - 2025-02-22 is outside the normal working week
TXN00004232,weekend_posting,Weekend / Holiday Posting,0.7855,Posted on Saturday - 2025-02-22 is outside the normal working week
TXN00021068,weekend_posting,Weekend / Holiday Posting,0.5667,Posted on Saturday - 2025-02-22 is outside the normal working week
TXN00002943,weekend_posting,Weekend / Holiday Posting,0.6022,Posted on Saturday - 2025-03-01 is outside the normal working week
TXN00013628,weekend_posting,Weekend / Holiday Posting,0.5851,Posted on Saturday - 2025-03-01 is outside the normal working week
TXN00029393,weekend_posting,Weekend / Holiday Posting,0.825,Posted on Saturday - 2025-03-01 is outside the normal working week
TXN00027544,weekend_posting,Weekend / Holiday Posting,0.6581,Posted on Sunday - 2025-03-02 is outside the normal working week
TXN00021026,weekend_posting,Weekend / Holiday Posting,0.6178,Posted on Sunday - 2025-03-02 is outside the normal working week
TXN00002135,weekend_posting,Weekend / Holiday Posting,0.6721,Posted on Sunday - 2025-03-02 is outside the normal working week
TXN00021210,weekend_posting,Weekend / Holiday Posting,0.827,Posted on Sunday - 2025-03-02 is outside the normal working week
TXN00008091,weekend_posting,Weekend / Holiday Posting,0.6533,Posted on Sunday - 2025-03-02 is outside the normal working week
TXN00027159,weekend_posting,Weekend / Holiday Posting,0.5797,Posted on Saturday - 2025-03-08 is outside the normal working week
TXN00028991,weekend_posting,Weekend / Holiday Posting,0.6912,Posted on Saturday - 2025-03-08 is outside the normal working week
TXN00021002,weekend_posting,Weekend / Holiday Posting,0.7932,Posted on Saturday - 2025-03-08 is outside the normal working week
TXN00002899,weekend_posting,Weekend / Holiday Posting,0.8952,Posted on Sunday - 2025-03-09 is outside the normal working week
TXN00017769,weekend_posting,Weekend / Holiday Posting,0.8512,Posted on Sunday - 2025-03-09 is outside the normal working week
TXN00028078,weekend_posting,Weekend / Holiday Posting,0.5823,Posted on Sunday - 2025-03-09 is outside the normal working week
TXN00010815,weekend_posting,Weekend / Holiday Posting,0.8175,Posted on Sunday - 2025-03-09 is outside the normal working week
TXN00025755,weekend_posting,Weekend / Holiday Posting,0.5639,Posted on Saturday - 2025-03-15 is outside the normal working week
TXN00014777,weekend_posting,Weekend / Holiday Posting,0.7821,Posted on Saturday - 2025-03-15 is outside the normal working week
TXN00012048,weekend_posting,Weekend / Holiday Posting,0.5637,Posted on Sunday - 2025-03-16 is outside the normal working week
TXN00020878,weekend_posting,Weekend / Holiday Posting,0.7385,Posted on Sunday - 2025-03-16 is outside the normal working week
TXN00007969,weekend_posting,Weekend / Holiday Posting,0.7625,Posted on Sunday - 2025-03-16 is outside the normal working week
TXN00007457,weekend_posting,Weekend / Holiday Posting,0.6701,Posted on Saturday - 2025-03-22 is outside the normal working week
TXN00005570,weekend_posting,Weekend / Holiday Posting,0.8808,Posted on Saturday - 2025-03-22 is outside the normal working week
TXN00007291,weekend_posting,Weekend / Holiday Posting,0.6148,Posted on Saturday - 2025-03-22 is outside the normal working week
TXN00007863,weekend_posting,Weekend / Holiday Posting,0.6395,Posted on Saturday - 2025-03-22 is outside the normal working week
TXN00008873,weekend_posting,Weekend / Holiday Posting,0.6674,Posted on Saturday - 2025-03-22 is outside the normal working week
TXN00007570,weekend_posting,Weekend / Holiday Posting,0.5989,Posted on Sunday - 2025-03-23 is outside the normal working week
TXN00024804,weekend_posting,Weekend / Holiday Posting,0.7704,Posted on Sunday - 2025-03-23 is outside the normal working week
TXN00015855,weekend_posting,Weekend / Holiday Posting,0.6464,Posted on Sunday - 2025-03-23 is outside the normal working week
TXN00016176,weekend_posting,Weekend / Holiday Posting,0.775,Posted on Sunday - 2025-03-23 is outside the normal working week
TXN00029621,weekend_posting,Weekend / Holiday Posting,0.8211,Posted on Sunday - 2025-03-23 is outside the normal working week
TXN00024411,weekend_posting,Weekend / Holiday Posting,0.7284,Posted on Saturday - 2025-03-29 is outside the normal working week
TXN00024857,weekend_posting,Weekend / Holiday Posting,0.778,Posted on Saturday - 2025-03-29 is outside the normal working week
TXN00009409,weekend_posting,Weekend / Holiday Posting,0.6345,Posted on Saturday - 2025-03-29 is outside the normal working week
TXN00009355,weekend_posting,Weekend / Holiday Posting,0.6309,Posted on Saturday - 2025-03-29 is outside the normal working week
TXN00008306,weekend_posting,Weekend / Holiday Posting,0.7356,Posted on Sunday - 2025-03-30 is outside the normal working week
TXN00004076,weekend_posting,Weekend / Holiday Posting,0.8982,Posted on Sunday - 2025-03-30 is outside the normal working week
TXN00002090,weekend_posting,Weekend / Holiday Posting,0.8849,Posted on Sunday - 2025-03-30 is outside the normal working week
TXN00021437,weekend_posting,Weekend / Holiday Posting,0.8513,Posted on Sunday - 2025-03-30 is outside the normal working week
TXN00014805,weekend_posting,Weekend / Holiday Posting,0.7276,Posted on Friday (public holiday) - 2025-04-04 is outside the normal working week
TXN00028577,weekend_posting,Weekend / Holiday Posting,0.7304,Posted on Friday (public holiday) - 2025-04-04 is outside the normal working week
TXN00012085,weekend_posting,Weekend / Holiday Posting,0.8637,Posted on Friday (public holiday) - 2025-04-04 is outside the normal working week
TXN00026626,weekend_posting,Weekend / Holiday Posting,0.8715,Posted on Friday (public holiday) - 2025-04-04 is outside the normal working week
TXN00029656,weekend_posting,Weekend / Holiday Posting,0.8913,Posted on Saturday - 2025-04-05 is outside the normal working week
TXN00006746,weekend_posting,Weekend / Holiday Posting,0.8005,Posted on Saturday - 2025-04-05 is outside the normal working week
TXN00013046,weekend_posting,Weekend / Holiday Posting,0.7692,Posted on Saturday - 2025-04-05 is outside the normal working week
TXN00016621,weekend_posting,Weekend / Holiday Posting,0.5579,Posted on Saturday - 2025-04-05 is outside the normal working week
TXN00023239,weekend_posting,Weekend / Holiday Posting,0.7124,Posted on Saturday - 2025-04-05 is outside the normal working week
TXN00023733,weekend_posting,Weekend / Holiday Posting,0.6226,Posted on Saturday - 2025-04-05 is outside the normal working week
TXN00014045,weekend_posting,Weekend / Holiday Posting,0.629,Posted on Saturday - 2025-04-05 is outside the normal working week
TXN00012800,weekend_posting,Weekend / Holiday Posting,0.8288,Posted on Sunday - 2025-04-06 is outside the normal working week
TXN00013837,weekend_posting,Weekend / Holiday Posting,0.874,Posted on Sunday - 2025-04-06 is outside the normal working week
TXN00005969,weekend_posting,Weekend / Holiday Posting,0.6752,Posted on Sunday - 2025-04-06 is outside the normal working week
TXN00003316,weekend_posting,Weekend / Holiday Posting,0.5713,Posted on Saturday - 2025-04-12 is outside the normal working week
TXN00001943,weekend_posting,Weekend / Holiday Posting,0.59,Posted on Saturday - 2025-04-12 is outside the normal working week
TXN00011276,weekend_posting,Weekend / Holiday Posting,0.7552,Posted on Saturday - 2025-04-12 is outside the normal working week
TXN00006718,weekend_posting,Weekend / Holiday Posting,0.6228,Posted on Sunday - 2025-04-13 is outside the normal working week
TXN00012658,weekend_posting,Weekend / Holiday Posting,0.6521,Posted on Sunday - 2025-04-13 is outside the normal working week
TXN00017429,weekend_posting,Weekend / Holiday Posting,0.5519,Posted on Saturday - 2025-04-19 is outside the normal working week
TXN00022396,weekend_posting,Weekend / Holiday Posting,0.8133,Posted on Saturday - 2025-04-19 is outside the normal working week
TXN00000334,weekend_posting,Weekend / Holiday Posting,0.8967,Posted on Saturday - 2025-04-19 is outside the normal working week
TXN00019969,weekend_posting,Weekend / Holiday Posting,0.74,Posted on Saturday - 2025-04-19 is outside the normal working week
TXN00025646,weekend_posting,Weekend / Holiday Posting,0.699,Posted on Saturday - 2025-04-19 is outside the normal working week
TXN00019749,weekend_posting,Weekend / Holiday Posting,0.6441,Posted on Saturday - 2025-04-19 is outside the normal working week
TXN00029016,weekend_posting,Weekend / Holiday Posting,0.6812,Posted on Saturday - 2025-04-19 is outside the normal working week
TXN00011495,weekend_posting,Weekend / Holiday Posting,0.8369,Posted on Saturday - 2025-04-19 is outside the normal working week
TXN00008796,weekend_posting,Weekend / Holiday Posting,0.592,Posted on Sunday - 2025-04-20 is outside the normal working week
TXN00023814,weekend_posting,Weekend / Holiday Posting,0.7306,Posted on Sunday - 2025-04-20 is outside the normal working week
TXN00011400,weekend_posting,Weekend / Holiday Posting,0.5813,Posted on Sunday - 2025-04-20 is outside the normal working week
TXN00005769,weekend_posting,Weekend / Holiday Posting,0.7923,Posted on Saturday - 2025-04-26 is outside the normal working week
TXN00027874,weekend_posting,Weekend / Holiday Posting,0.8821,Posted on Saturday - 2025-04-26 is outside the normal working week
TXN00020386,weekend_posting,Weekend / Holiday Posting,0.76,Posted on Saturday - 2025-04-26 is outside the normal working week
TXN00026334,weekend_posting,Weekend / Holiday Posting,0.5574,Posted on Saturday - 2025-04-26 is outside the normal working week
TXN00013652,weekend_posting,Weekend / Holiday Posting,0.659,Posted on Saturday - 2025-04-26 is outside the normal working week
TXN00024560,weekend_posting,Weekend / Holiday Posting,0.7653,Posted on Saturday - 2025-04-26 is outside the normal working week
TXN00020756,weekend_posting,Weekend / Holiday Posting,0.7109,Posted on Saturday - 2025-04-26 is outside the normal working week
TXN00023734,weekend_posting,Weekend / Holiday Posting,0.7168,Posted on Sunday - 2025-04-27 is outside the normal working week
TXN00026582,weekend_posting,Weekend / Holiday Posting,0.8337,Posted on Sunday - 2025-04-27 is outside the normal working week
TXN00029278,weekend_posting,Weekend / Holiday Posting,0.5761,Posted on Sunday - 2025-04-27 is outside the normal working week
TXN00006111,weekend_posting,Weekend / Holiday Posting,0.7169,Posted on Sunday - 2025-04-27 is outside the normal working week
TXN00001647,weekend_posting,Weekend / Holiday Posting,0.6731,Posted on Sunday - 2025-04-27 is outside the normal working week
TXN00016003,weekend_posting,Weekend / Holiday Posting,0.7444,Posted on Thursday (public holiday) - 2025-05-01 is outside the normal working week
TXN00022156,weekend_posting,Weekend / Holiday Posting,0.8655,Posted on Thursday (public holiday) - 2025-05-01 is outside the normal working week
TXN00020282,weekend_posting,Weekend / Holiday Posting,0.7269,Posted on Thursday (public holiday) - 2025-05-01 is outside the normal working week
TXN00007102,weekend_posting,Weekend / Holiday Posting,0.9122,Posted on Friday (public holiday) - 2025-05-02 is outside the normal working week
TXN00015765,weekend_posting,Weekend / Holiday Posting,0.7267,Posted on Friday (public holiday) - 2025-05-02 is outside the normal working week
TXN00022150,weekend_posting,Weekend / Holiday Posting,0.6911,Posted on Friday (public holiday) - 2025-05-02 is outside the normal working week
TXN00009841,weekend_posting,Weekend / Holiday Posting,0.8724,Posted on Friday (public holiday) - 2025-05-02 is outside the normal working week
TXN00015337,weekend_posting,Weekend / Holiday Posting,0.8892,Posted on Saturday - 2025-05-03 is outside the normal working week
TXN00013518,weekend_posting,Weekend / Holiday Posting,0.7469,Posted on Saturday - 2025-05-03 is outside the normal working week
TXN00025645,weekend_posting,Weekend / Holiday Posting,0.7036,Posted on Saturday - 2025-05-03 is outside the normal working week
TXN00002548,weekend_posting,Weekend / Holiday Posting,0.8559,Posted on Saturday - 2025-05-03 is outside the normal working week
TXN00019204,weekend_posting,Weekend / Holiday Posting,0.7735,Posted on Saturday - 2025-05-03 is outside the normal working week
TXN80003801,weekend_posting,Weekend / Holiday Posting,0.8398,Posted on Monday (public holiday) - 2025-05-05 is outside the normal working week
TXN00015578,weekend_posting,Weekend / Holiday Posting,0.8777,Posted on Monday (public holiday) - 2025-05-05 is outside the normal working week
TXN00005296,weekend_posting,Weekend / Holiday Posting,0.672,Posted on Monday (public holiday) - 2025-05-05 is outside the normal working week
TXN80003800,weekend_posting,Weekend / Holiday Posting,0.8402,Posted on Monday (public holiday) - 2025-05-05 is outside the normal working week
TXN00008533,weekend_posting,Weekend / Holiday Posting,0.74,Posted on Saturday - 2025-05-10 is outside the normal working week
TXN00027507,weekend_posting,Weekend / Holiday Posting,0.898,Posted on Saturday - 2025-05-10 is outside the normal working week
TXN00011201,weekend_posting,Weekend / Holiday Posting,0.6239,Posted on Saturday - 2025-05-10 is outside the normal working week
TXN00013478,weekend_posting,Weekend / Holiday Posting,0.6513,Posted on Saturday - 2025-05-10 is outside the normal working week
TXN00013464,weekend_posting,Weekend / Holiday Posting,0.6244,Posted on Saturday - 2025-05-10 is outside the normal working week
TXN00002688,weekend_posting,Weekend / Holiday Posting,0.8626,Posted on Sunday - 2025-05-11 is outside the normal working week
TXN00006270,weekend_posting,Weekend / Holiday Posting,0.5949,Posted on Sunday - 2025-05-11 is outside the normal working week
TXN00029254,weekend_posting,Weekend / Holiday Posting,0.6388,Posted on Sunday - 2025-05-11 is outside the normal working week
TXN00018299,weekend_posting,Weekend / Holiday Posting,0.7128,Posted on Saturday - 2025-05-17 is outside the normal working week
TXN00013688,weekend_posting,Weekend / Holiday Posting,0.7124,Posted on Saturday - 2025-05-17 is outside the normal working week
TXN00006142,weekend_posting,Weekend / Holiday Posting,0.844,Posted on Saturday - 2025-05-17 is outside the normal working week
TXN00000952,weekend_posting,Weekend / Holiday Posting,0.5675,Posted on Sunday - 2025-05-18 is outside the normal working week
TXN00017594,weekend_posting,Weekend / Holiday Posting,0.5561,Posted on Saturday - 2025-05-24 is outside the normal working week
TXN00003712,weekend_posting,Weekend / Holiday Posting,0.6724,Posted on Saturday - 2025-05-24 is outside the normal working week
TXN00019488,weekend_posting,Weekend / Holiday Posting,0.8107,Posted on Saturday - 2025-05-24 is outside the normal working week
TXN00015088,weekend_posting,Weekend / Holiday Posting,0.8849,Posted on Sunday - 2025-05-25 is outside the normal working week
TXN00003767,weekend_posting,Weekend / Holiday Posting,0.6852,Posted on Saturday - 2025-05-31 is outside the normal working week
TXN00012524,weekend_posting,Weekend / Holiday Posting,0.6328,Posted on Saturday - 2025-05-31 is outside the normal working week
TXN00025008,weekend_posting,Weekend / Holiday Posting,0.7647,Posted on Saturday - 2025-05-31 is outside the normal working week
TXN00011669,weekend_posting,Weekend / Holiday Posting,0.8063,Posted on Saturday - 2025-05-31 is outside the normal working week
TXN00018724,weekend_posting,Weekend / Holiday Posting,0.7904,Posted on Saturday - 2025-05-31 is outside the normal working week
TXN00013061,weekend_posting,Weekend / Holiday Posting,0.741,Posted on Saturday - 2025-05-31 is outside the normal working week
TXN00000510,weekend_posting,Weekend / Holiday Posting,0.7515,Posted on Sunday - 2025-06-01 is outside the normal working week
TXN00026178,weekend_posting,Weekend / Holiday Posting,0.8461,Posted on Sunday - 2025-06-01 is outside the normal working week
TXN00028527,weekend_posting,Weekend / Holiday Posting,0.9539,Posted on Monday (public holiday) - 2025-06-02 is outside the normal working week
TXN00019971,weekend_posting,Weekend / Holiday Posting,0.761,Posted on Monday (public holiday) - 2025-06-02 is outside the normal working week
TXN00019223,weekend_posting,Weekend / Holiday Posting,0.8519,Posted on Saturday - 2025-06-07 is outside the normal working week
TXN00020850,weekend_posting,Weekend / Holiday Posting,0.5904,Posted on Saturday - 2025-06-07 is outside the normal working week
TXN00014838,weekend_posting,Weekend / Holiday Posting,0.8562,Posted on Saturday - 2025-06-07 is outside the normal working week
TXN00010456,weekend_posting,Weekend / Holiday Posting,0.8081,Posted on Saturday - 2025-06-07 is outside the normal working week
TXN00005127,weekend_posting,Weekend / Holiday Posting,0.897,Posted on Saturday - 2025-06-07 is outside the normal working week
TXN00002770,weekend_posting,Weekend / Holiday Posting,0.7993,Posted on Sunday - 2025-06-08 is outside the normal working week
TXN00025296,weekend_posting,Weekend / Holiday Posting,0.6862,Posted on Sunday - 2025-06-08 is outside the normal working week
TXN00015331,weekend_posting,Weekend / Holiday Posting,0.83,Posted on Sunday - 2025-06-08 is outside the normal working week
TXN00010182,weekend_posting,Weekend / Holiday Posting,0.6283,Posted on Saturday - 2025-06-14 is outside the normal working week
TXN00000672,weekend_posting,Weekend / Holiday Posting,0.6499,Posted on Saturday - 2025-06-14 is outside the normal working week
TXN00023161,weekend_posting,Weekend / Holiday Posting,0.8613,Posted on Saturday - 2025-06-14 is outside the normal working week
TXN00020393,weekend_posting,Weekend / Holiday Posting,0.7784,Posted on Saturday - 2025-06-14 is outside the normal working week
TXN00023165,weekend_posting,Weekend / Holiday Posting,0.6516,Posted on Saturday - 2025-06-14 is outside the normal working week
TXN00027932,weekend_posting,Weekend / Holiday Posting,0.6215,Posted on Saturday - 2025-06-14 is outside the normal working week
TXN00027709,weekend_posting,Weekend / Holiday Posting,0.6026,Posted on Sunday - 2025-06-15 is outside the normal working week
TXN00010957,weekend_posting,Weekend / Holiday Posting,0.6843,Posted on Sunday - 2025-06-15 is outside the normal working week
TXN00026717,weekend_posting,Weekend / Holiday Posting,0.8314,Posted on Saturday - 2025-06-21 is outside the normal working week
TXN00002870,weekend_posting,Weekend / Holiday Posting,0.7431,Posted on Saturday - 2025-06-21 is outside the normal working week
TXN00002201,weekend_posting,Weekend / Holiday Posting,0.6557,Posted on Saturday - 2025-06-21 is outside the normal working week
TXN00022502,weekend_posting,Weekend / Holiday Posting,0.6061,Posted on Saturday - 2025-06-21 is outside the normal working week
TXN00012130,weekend_posting,Weekend / Holiday Posting,0.7186,Posted on Saturday - 2025-06-21 is outside the normal working week
TXN00028319,weekend_posting,Weekend / Holiday Posting,0.729,Posted on Saturday - 2025-06-21 is outside the normal working week
TXN00004226,weekend_posting,Weekend / Holiday Posting,0.8196,Posted on Sunday - 2025-06-22 is outside the normal working week
TXN00021649,weekend_posting,Weekend / Holiday Posting,0.6811,Posted on Sunday - 2025-06-22 is outside the normal working week
TXN00003007,weekend_posting,Weekend / Holiday Posting,0.5601,Posted on Saturday - 2025-06-28 is outside the normal working week
TXN00015458,weekend_posting,Weekend / Holiday Posting,0.5984,Posted on Saturday - 2025-06-28 is outside the normal working week
TXN00015194,weekend_posting,Weekend / Holiday Posting,0.897,Posted on Sunday - 2025-06-29 is outside the normal working week
TXN00011621,weekend_posting,Weekend / Holiday Posting,0.8985,Posted on Sunday - 2025-06-29 is outside the normal working week
TXN00022794,weekend_posting,Weekend / Holiday Posting,0.7284,Posted on Saturday - 2025-07-05 is outside the normal working week
TXN00012412,weekend_posting,Weekend / Holiday Posting,0.6947,Posted on Saturday - 2025-07-05 is outside the normal working week
TXN00022067,weekend_posting,Weekend / Holiday Posting,0.8985,Posted on Saturday - 2025-07-05 is outside the normal working week
TXN00021494,weekend_posting,Weekend / Holiday Posting,0.7396,Posted on Saturday - 2025-07-05 is outside the normal working week
TXN00013158,weekend_posting,Weekend / Holiday Posting,0.8769,Posted on Saturday - 2025-07-05 is outside the normal working week
TXN00013070,weekend_posting,Weekend / Holiday Posting,0.8241,Posted on Saturday - 2025-07-05 is outside the normal working week
TXN00025367,weekend_posting,Weekend / Holiday Posting,0.8709,Posted on Saturday - 2025-07-05 is outside the normal working week
TXN00028483,weekend_posting,Weekend / Holiday Posting,0.78,Posted on Sunday - 2025-07-06 is outside the normal working week
TXN00027620,weekend_posting,Weekend / Holiday Posting,0.6882,Posted on Sunday - 2025-07-13 is outside the normal working week
TXN00005366,weekend_posting,Weekend / Holiday Posting,0.7455,Posted on Sunday - 2025-07-13 is outside the normal working week
TXN00002038,weekend_posting,Weekend / Holiday Posting,0.5689,Posted on Saturday - 2025-07-19 is outside the normal working week
TXN00022282,weekend_posting,Weekend / Holiday Posting,0.5843,Posted on Sunday - 2025-07-20 is outside the normal working week
TXN00016411,weekend_posting,Weekend / Holiday Posting,0.6093,Posted on Sunday - 2025-07-20 is outside the normal working week
TXN00020625,weekend_posting,Weekend / Holiday Posting,0.8164,Posted on Saturday - 2025-07-26 is outside the normal working week
TXN00028667,weekend_posting,Weekend / Holiday Posting,0.8401,Posted on Saturday - 2025-07-26 is outside the normal working week
TXN00024102,weekend_posting,Weekend / Holiday Posting,0.8198,Posted on Saturday - 2025-07-26 is outside the normal working week
TXN00006447,weekend_posting,Weekend / Holiday Posting,0.7311,Posted on Saturday - 2025-07-26 is outside the normal working week
TXN00018807,weekend_posting,Weekend / Holiday Posting,0.7055,Posted on Saturday - 2025-07-26 is outside the normal working week
TXN00010994,weekend_posting,Weekend / Holiday Posting,0.6999,Posted on Saturday - 2025-08-02 is outside the normal working week
TXN00029967,weekend_posting,Weekend / Holiday Posting,0.7774,Posted on Saturday - 2025-08-02 is outside the normal working week
TXN00006687,weekend_posting,Weekend / Holiday Posting,0.6429,Posted on Saturday - 2025-08-02 is outside the normal working week
TXN00012531,weekend_posting,Weekend / Holiday Posting,0.58,Posted on Saturday - 2025-08-02 is outside the normal working week
TXN00013952,weekend_posting,Weekend / Holiday Posting,0.8728,Posted on Saturday - 2025-08-02 is outside the normal working week
TXN00025843,weekend_posting,Weekend / Holiday Posting,0.7373,Posted on Sunday - 2025-08-03 is outside the normal working week
TXN00018048,weekend_posting,Weekend / Holiday Posting,0.7625,Posted on Saturday - 2025-08-09 is outside the normal working week
TXN00016590,weekend_posting,Weekend / Holiday Posting,0.5507,Posted on Saturday - 2025-08-09 is outside the normal working week
TXN00006504,weekend_posting,Weekend / Holiday Posting,0.6728,Posted on Saturday - 2025-08-09 is outside the normal working week
TXN00016275,weekend_posting,Weekend / Holiday Posting,0.7619,Posted on Saturday - 2025-08-09 is outside the normal working week
TXN00000277,weekend_posting,Weekend / Holiday Posting,0.5561,Posted on Sunday - 2025-08-10 is outside the normal working week
TXN00028358,weekend_posting,Weekend / Holiday Posting,0.6235,Posted on Sunday - 2025-08-10 is outside the normal working week
TXN00007065,weekend_posting,Weekend / Holiday Posting,0.597,Posted on Sunday - 2025-08-10 is outside the normal working week
TXN00012352,weekend_posting,Weekend / Holiday Posting,0.7143,Posted on Saturday - 2025-08-16 is outside the normal working week
TXN00011059,weekend_posting,Weekend / Holiday Posting,0.8676,Posted on Saturday - 2025-08-16 is outside the normal working week
TXN00019924,weekend_posting,Weekend / Holiday Posting,0.5513,Posted on Saturday - 2025-08-16 is outside the normal working week
TXN00020021,weekend_posting,Weekend / Holiday Posting,0.6941,Posted on Saturday - 2025-08-23 is outside the normal working week
TXN00010048,weekend_posting,Weekend / Holiday Posting,0.6582,Posted on Saturday - 2025-08-23 is outside the normal working week
TXN00006517,weekend_posting,Weekend / Holiday Posting,0.7032,Posted on Saturday - 2025-08-23 is outside the normal working week
TXN00008506,weekend_posting,Weekend / Holiday Posting,0.7961,Posted on Saturday - 2025-08-23 is outside the normal working week
TXN00007348,weekend_posting,Weekend / Holiday Posting,0.7191,Posted on Saturday - 2025-08-23 is outside the normal working week
TXN00003139,weekend_posting,Weekend / Holiday Posting,0.5793,Posted on Saturday - 2025-08-23 is outside the normal working week
TXN00011237,weekend_posting,Weekend / Holiday Posting,0.8792,Posted on Sunday - 2025-08-24 is outside the normal working week
TXN00018447,weekend_posting,Weekend / Holiday Posting,0.8094,Posted on Sunday - 2025-08-24 is outside the normal working week
TXN00019099,weekend_posting,Weekend / Holiday Posting,0.754,Posted on Saturday - 2025-08-30 is outside the normal working week
TXN00024190,weekend_posting,Weekend / Holiday Posting,0.7207,Posted on Saturday - 2025-08-30 is outside the normal working week
TXN00009209,weekend_posting,Weekend / Holiday Posting,0.866,Posted on Saturday - 2025-08-30 is outside the normal working week
TXN00015032,weekend_posting,Weekend / Holiday Posting,0.5522,Posted on Saturday - 2025-08-30 is outside the normal working week
TXN00006858,weekend_posting,Weekend / Holiday Posting,0.7557,Posted on Saturday - 2025-08-30 is outside the normal working week
TXN00020685,weekend_posting,Weekend / Holiday Posting,0.893,Posted on Saturday - 2025-08-30 is outside the normal working week
TXN00005039,weekend_posting,Weekend / Holiday Posting,0.8077,Posted on Sunday - 2025-08-31 is outside the normal working week
TXN00025498,weekend_posting,Weekend / Holiday Posting,0.7567,Posted on Saturday - 2025-09-06 is outside the normal working week
TXN00012570,weekend_posting,Weekend / Holiday Posting,0.6526,Posted on Saturday - 2025-09-06 is outside the normal working week
TXN00011564,weekend_posting,Weekend / Holiday Posting,0.6488,Posted on Saturday - 2025-09-06 is outside the normal working week
TXN00012782,weekend_posting,Weekend / Holiday Posting,0.596,Posted on Sunday - 2025-09-07 is outside the normal working week
TXN00005266,weekend_posting,Weekend / Holiday Posting,0.5587,Posted on Sunday - 2025-09-07 is outside the normal working week
TXN00017119,weekend_posting,Weekend / Holiday Posting,0.8105,Posted on Sunday - 2025-09-07 is outside the normal working week
TXN00020910,weekend_posting,Weekend / Holiday Posting,0.8701,Posted on Sunday - 2025-09-07 is outside the normal working week
TXN00019982,weekend_posting,Weekend / Holiday Posting,0.6771,Posted on Sunday - 2025-09-07 is outside the normal working week
TXN00000329,weekend_posting,Weekend / Holiday Posting,0.747,Posted on Saturday - 2025-09-13 is outside the normal working week
TXN00027494,weekend_posting,Weekend / Holiday Posting,0.8898,Posted on Saturday - 2025-09-13 is outside the normal working week
TXN00026705,weekend_posting,Weekend / Holiday Posting,0.7436,Posted on Saturday - 2025-09-13 is outside the normal working week
TXN00022804,weekend_posting,Weekend / Holiday Posting,0.7973,Posted on Saturday - 2025-09-13 is outside the normal working week
TXN00005014,weekend_posting,Weekend / Holiday Posting,0.6685,Posted on Saturday - 2025-09-13 is outside the normal working week
TXN00016628,weekend_posting,Weekend / Holiday Posting,0.8677,Posted on Saturday - 2025-09-13 is outside the normal working week
TXN00026611,weekend_posting,Weekend / Holiday Posting,0.8799,Posted on Sunday - 2025-09-14 is outside the normal working week
TXN00016083,weekend_posting,Weekend / Holiday Posting,0.7501,Posted on Sunday - 2025-09-14 is outside the normal working week
TXN00028641,weekend_posting,Weekend / Holiday Posting,0.6687,Posted on Sunday - 2025-09-14 is outside the normal working week
TXN00025758,weekend_posting,Weekend / Holiday Posting,0.6786,Posted on Saturday - 2025-09-20 is outside the normal working week
TXN00004799,weekend_posting,Weekend / Holiday Posting,0.7449,Posted on Saturday - 2025-09-20 is outside the normal working week
TXN00025544,weekend_posting,Weekend / Holiday Posting,0.837,Posted on Saturday - 2025-09-20 is outside the normal working week
TXN00005467,weekend_posting,Weekend / Holiday Posting,0.5823,Posted on Saturday - 2025-09-20 is outside the normal working week
TXN00028110,weekend_posting,Weekend / Holiday Posting,0.8002,Posted on Sunday - 2025-09-21 is outside the normal working week
TXN00005007,weekend_posting,Weekend / Holiday Posting,0.828,Posted on Sunday - 2025-09-21 is outside the normal working week
TXN00028004,weekend_posting,Weekend / Holiday Posting,0.7301,Posted on Sunday - 2025-09-21 is outside the normal working week
TXN00001052,weekend_posting,Weekend / Holiday Posting,0.6069,Posted on Saturday - 2025-09-27 is outside the normal working week
TXN00008668,weekend_posting,Weekend / Holiday Posting,0.7473,Posted on Saturday - 2025-09-27 is outside the normal working week
TXN00007650,weekend_posting,Weekend / Holiday Posting,0.6797,Posted on Saturday - 2025-09-27 is outside the normal working week
TXN00029625,weekend_posting,Weekend / Holiday Posting,0.8548,Posted on Saturday - 2025-09-27 is outside the normal working week
TXN00011352,weekend_posting,Weekend / Holiday Posting,0.5504,Posted on Saturday - 2025-09-27 is outside the normal working week
TXN00017836,weekend_posting,Weekend / Holiday Posting,0.5672,Posted on Saturday - 2025-09-27 is outside the normal working week
TXN00024444,weekend_posting,Weekend / Holiday Posting,0.7884,Posted on Saturday - 2025-09-27 is outside the normal working week
TXN00008803,weekend_posting,Weekend / Holiday Posting,0.6773,Posted on Saturday - 2025-09-27 is outside the normal working week
TXN00009308,weekend_posting,Weekend / Holiday Posting,0.7232,Posted on Sunday - 2025-09-28 is outside the normal working week
TXN00002976,weekend_posting,Weekend / Holiday Posting,0.5771,Posted on Sunday - 2025-09-28 is outside the normal working week
TXN00011064,weekend_posting,Weekend / Holiday Posting,0.6603,Posted on Wednesday (public holiday) - 2025-10-01 is outside the normal working week
TXN90000036,weekend_posting,Weekend / Holiday Posting,0.8756,Posted on Thursday (public holiday) - 2025-10-02 is outside the normal working week
TXN00010142,weekend_posting,Weekend / Holiday Posting,0.9913,Posted on Friday (public holiday) - 2025-10-03 is outside the normal working week
TXN00013726,weekend_posting,Weekend / Holiday Posting,0.8136,Posted on Saturday - 2025-10-04 is outside the normal working week
TXN00002933,weekend_posting,Weekend / Holiday Posting,0.6161,Posted on Saturday - 2025-10-04 is outside the normal working week
TXN00019419,weekend_posting,Weekend / Holiday Posting,0.8589,Posted on Saturday - 2025-10-04 is outside the normal working week
TXN00023042,weekend_posting,Weekend / Holiday Posting,0.8518,Posted on Sunday - 2025-10-05 is outside the normal working week
TXN00000843,weekend_posting,Weekend / Holiday Posting,0.6611,Posted on Sunday - 2025-10-05 is outside the normal working week
TXN00009467,weekend_posting,Weekend / Holiday Posting,0.644,Posted on Sunday - 2025-10-05 is outside the normal working week
TXN00025590,weekend_posting,Weekend / Holiday Posting,0.9251,Posted on Monday (public holiday) - 2025-10-06 is outside the normal working week
TXN00029708,weekend_posting,Weekend / Holiday Posting,0.7264,Posted on Monday (public holiday) - 2025-10-06 is outside the normal working week
TXN00018755,weekend_posting,Weekend / Holiday Posting,0.8842,Posted on Monday (public holiday) - 2025-10-06 is outside the normal working week
TXN00002985,weekend_posting,Weekend / Holiday Posting,0.733,Posted on Monday (public holiday) - 2025-10-06 is outside the normal working week
TXN00011170,weekend_posting,Weekend / Holiday Posting,0.7783,Posted on Tuesday (public holiday) - 2025-10-07 is outside the normal working week
TXN00004091,weekend_posting,Weekend / Holiday Posting,0.9753,Posted on Tuesday (public holiday) - 2025-10-07 is outside the normal working week
TXN00006894,weekend_posting,Weekend / Holiday Posting,0.7716,Posted on Tuesday (public holiday) - 2025-10-07 is outside the normal working week
TXN00021635,weekend_posting,Weekend / Holiday Posting,0.679,Posted on Wednesday (public holiday) - 2025-10-08 is outside the normal working week
TXN00026034,weekend_posting,Weekend / Holiday Posting,0.7722,Posted on Saturday - 2025-10-11 is outside the normal working week
TXN00011722,weekend_posting,Weekend / Holiday Posting,0.6914,Posted on Saturday - 2025-10-11 is outside the normal working week
TXN00008412,weekend_posting,Weekend / Holiday Posting,0.7254,Posted on Saturday - 2025-10-11 is outside the normal working week
TXN00018840,weekend_posting,Weekend / Holiday Posting,0.8605,Posted on Saturday - 2025-10-11 is outside the normal working week
TXN00024448,weekend_posting,Weekend / Holiday Posting,0.8656,Posted on Sunday - 2025-10-12 is outside the normal working week
TXN00020601,weekend_posting,Weekend / Holiday Posting,0.7301,Posted on Sunday - 2025-10-12 is outside the normal working week
TXN00015513,weekend_posting,Weekend / Holiday Posting,0.8457,Posted on Sunday - 2025-10-12 is outside the normal working week
TXN00003921,weekend_posting,Weekend / Holiday Posting,0.8784,Posted on Sunday - 2025-10-12 is outside the normal working week
TXN00022818,weekend_posting,Weekend / Holiday Posting,0.7642,Posted on Sunday - 2025-10-12 is outside the normal working week
TXN00024747,weekend_posting,Weekend / Holiday Posting,0.7936,Posted on Sunday - 2025-10-12 is outside the normal working week
TXN00002183,weekend_posting,Weekend / Holiday Posting,0.7174,Posted on Sunday - 2025-10-19 is outside the normal working week
TXN00024441,weekend_posting,Weekend / Holiday Posting,0.8334,Posted on Sunday - 2025-10-19 is outside the normal working week
TXN00009271,weekend_posting,Weekend / Holiday Posting,0.6818,Posted on Saturday - 2025-10-25 is outside the normal working week
TXN00006092,weekend_posting,Weekend / Holiday Posting,0.6023,Posted on Sunday - 2025-10-26 is outside the normal working week
TXN00002122,weekend_posting,Weekend / Holiday Posting,0.6507,Posted on Sunday - 2025-10-26 is outside the normal working week
TXN00004978,weekend_posting,Weekend / Holiday Posting,0.8572,Posted on Sunday - 2025-10-26 is outside the normal working week
TXN00004707,weekend_posting,Weekend / Holiday Posting,0.7216,Posted on Sunday - 2025-10-26 is outside the normal working week
TXN00022414,weekend_posting,Weekend / Holiday Posting,0.6359,Posted on Saturday - 2025-11-01 is outside the normal working week
TXN00009715,weekend_posting,Weekend / Holiday Posting,0.8688,Posted on Saturday - 2025-11-01 is outside the normal working week
TXN00009825,weekend_posting,Weekend / Holiday Posting,0.6035,Posted on Saturday - 2025-11-01 is outside the normal working week
TXN00011872,weekend_posting,Weekend / Holiday Posting,0.8257,Posted on Saturday - 2025-11-01 is outside the normal working week
TXN00014543,weekend_posting,Weekend / Holiday Posting,0.8058,Posted on Saturday - 2025-11-01 is outside the normal working week
TXN00025750,weekend_posting,Weekend / Holiday Posting,0.8661,Posted on Saturday - 2025-11-01 is outside the normal working week
TXN00024717,weekend_posting,Weekend / Holiday Posting,0.877,Posted on Sunday - 2025-11-02 is outside the normal working week
TXN00015949,weekend_posting,Weekend / Holiday Posting,0.8393,Posted on Sunday - 2025-11-02 is outside the normal working week
TXN00018008,weekend_posting,Weekend / Holiday Posting,0.7244,Posted on Sunday - 2025-11-02 is outside the normal working week
TXN00011646,weekend_posting,Weekend / Holiday Posting,0.8695,Posted on Saturday - 2025-11-08 is outside the normal working week
TXN00004887,weekend_posting,Weekend / Holiday Posting,0.7462,Posted on Saturday - 2025-11-08 is outside the normal working week
TXN00007244,weekend_posting,Weekend / Holiday Posting,0.7187,Posted on Saturday - 2025-11-08 is outside the normal working week
TXN00002245,weekend_posting,Weekend / Holiday Posting,0.723,Posted on Saturday - 2025-11-08 is outside the normal working week
TXN00006783,weekend_posting,Weekend / Holiday Posting,0.6064,Posted on Saturday - 2025-11-08 is outside the normal working week
TXN00026684,weekend_posting,Weekend / Holiday Posting,0.5637,Posted on Sunday - 2025-11-09 is outside the normal working week
TXN00004003,weekend_posting,Weekend / Holiday Posting,0.584,Posted on Sunday - 2025-11-09 is outside the normal working week
TXN00008212,weekend_posting,Weekend / Holiday Posting,0.7414,Posted on Saturday - 2025-11-15 is outside the normal working week
TXN00007789,weekend_posting,Weekend / Holiday Posting,0.698,Posted on Saturday - 2025-11-15 is outside the normal working week
TXN00004396,weekend_posting,Weekend / Holiday Posting,0.8085,Posted on Saturday - 2025-11-15 is outside the normal working week
TXN00017940,weekend_posting,Weekend / Holiday Posting,0.6666,Posted on Saturday - 2025-11-15 is outside the normal working week
TXN00028035,weekend_posting,Weekend / Holiday Posting,0.6352,Posted on Saturday - 2025-11-15 is outside the normal working week
TXN00018187,weekend_posting,Weekend / Holiday Posting,0.6871,Posted on Sunday - 2025-11-16 is outside the normal working week
TXN00009175,weekend_posting,Weekend / Holiday Posting,0.5701,Posted on Sunday - 2025-11-16 is outside the normal working week
TXN00011428,weekend_posting,Weekend / Holiday Posting,0.6436,Posted on Sunday - 2025-11-16 is outside the normal working week
TXN00009693,weekend_posting,Weekend / Holiday Posting,0.723,Posted on Sunday - 2025-11-16 is outside the normal working week
TXN00017153,weekend_posting,Weekend / Holiday Posting,0.7322,Posted on Saturday - 2025-11-22 is outside the normal working week
TXN00018548,weekend_posting,Weekend / Holiday Posting,0.6463,Posted on Saturday - 2025-11-22 is outside the normal working week
TXN00003937,weekend_posting,Weekend / Holiday Posting,0.8337,Posted on Saturday - 2025-11-22 is outside the normal working week
TXN00018931,weekend_posting,Weekend / Holiday Posting,0.7888,Posted on Sunday - 2025-11-23 is outside the normal working week
TXN00021406,weekend_posting,Weekend / Holiday Posting,0.6193,Posted on Sunday - 2025-11-23 is outside the normal working week
TXN00009102,weekend_posting,Weekend / Holiday Posting,0.6111,Posted on Sunday - 2025-11-23 is outside the normal working week
TXN00000620,weekend_posting,Weekend / Holiday Posting,0.8528,Posted on Saturday - 2025-11-29 is outside the normal working week
TXN00021741,weekend_posting,Weekend / Holiday Posting,0.8992,Posted on Saturday - 2025-11-29 is outside the normal working week
TXN00005783,weekend_posting,Weekend / Holiday Posting,0.7341,Posted on Saturday - 2025-11-29 is outside the normal working week
TXN00023985,weekend_posting,Weekend / Holiday Posting,0.7298,Posted on Saturday - 2025-11-29 is outside the normal working week
TXN00009074,weekend_posting,Weekend / Holiday Posting,0.7114,Posted on Saturday - 2025-11-29 is outside the normal working week
TXN00001417,weekend_posting,Weekend / Holiday Posting,0.7276,Posted on Sunday - 2025-11-30 is outside the normal working week
TXN00028437,weekend_posting,Weekend / Holiday Posting,0.6184,Posted on Saturday - 2025-12-06 is outside the normal working week
TXN00026403,weekend_posting,Weekend / Holiday Posting,0.6507,Posted on Saturday - 2025-12-06 is outside the normal working week
TXN00005999,weekend_posting,Weekend / Holiday Posting,0.7793,Posted on Sunday - 2025-12-07 is outside the normal working week
TXN00009482,weekend_posting,Weekend / Holiday Posting,0.6734,Posted on Sunday - 2025-12-07 is outside the normal working week
TXN00014186,weekend_posting,Weekend / Holiday Posting,0.7877,Posted on Sunday - 2025-12-07 is outside the normal working week
TXN00025151,weekend_posting,Weekend / Holiday Posting,0.8627,Posted on Sunday - 2025-12-07 is outside the normal working week
TXN00014128,weekend_posting,Weekend / Holiday Posting,0.7081,Posted on Saturday - 2025-12-13 is outside the normal working week
TXN00022479,weekend_posting,Weekend / Holiday Posting,0.6226,Posted on Saturday - 2025-12-13 is outside the normal working week
TXN00007296,weekend_posting,Weekend / Holiday Posting,0.6623,Posted on Saturday - 2025-12-13 is outside the normal working week
TXN00001562,weekend_posting,Weekend / Holiday Posting,0.8786,Posted on Saturday - 2025-12-13 is outside the normal working week
TXN00011443,weekend_posting,Weekend / Holiday Posting,0.712,Posted on Saturday - 2025-12-13 is outside the normal working week
TXN00001716,weekend_posting,Weekend / Holiday Posting,0.8367,Posted on Saturday - 2025-12-13 is outside the normal working week
TXN00018595,weekend_posting,Weekend / Holiday Posting,0.7999,Posted on Saturday - 2025-12-13 is outside the normal working week
TXN00004191,weekend_posting,Weekend / Holiday Posting,0.7743,Posted on Saturday - 2025-12-13 is outside the normal working week
TXN00020575,weekend_posting,Weekend / Holiday Posting,0.8834,Posted on Saturday - 2025-12-13 is outside the normal working week
TXN00000658,weekend_posting,Weekend / Holiday Posting,0.7041,Posted on Saturday - 2025-12-13 is outside the normal working week
TXN00006023,weekend_posting,Weekend / Holiday Posting,0.5618,Posted on Sunday - 2025-12-14 is outside the normal working week
TXN00011430,weekend_posting,Weekend / Holiday Posting,0.6891,Posted on Sunday - 2025-12-14 is outside the normal working week
TXN00023730,weekend_posting,Weekend / Holiday Posting,0.6773,Posted on Sunday - 2025-12-14 is outside the normal working week
TXN00014507,weekend_posting,Weekend / Holiday Posting,0.7051,Posted on Sunday - 2025-12-14 is outside the normal working week
TXN00027621,weekend_posting,Weekend / Holiday Posting,0.7222,Posted on Sunday - 2025-12-14 is outside the normal working week
TXN00013308,weekend_posting,Weekend / Holiday Posting,0.876,Posted on Sunday - 2025-12-14 is outside the normal working week
TXN00006611,weekend_posting,Weekend / Holiday Posting,0.8872,Posted on Sunday - 2025-12-14 is outside the normal working week
TXN00018175,weekend_posting,Weekend / Holiday Posting,0.7721,Posted on Saturday - 2025-12-20 is outside the normal working week
TXN00017763,weekend_posting,Weekend / Holiday Posting,0.7488,Posted on Saturday - 2025-12-20 is outside the normal working week
TXN00026254,weekend_posting,Weekend / Holiday Posting,0.672,Posted on Saturday - 2025-12-20 is outside the normal working week
TXN00018925,weekend_posting,Weekend / Holiday Posting,0.6419,Posted on Saturday - 2025-12-20 is outside the normal working week
TXN00025304,weekend_posting,Weekend / Holiday Posting,0.6076,Posted on Saturday - 2025-12-20 is outside the normal working week
TXN00025235,weekend_posting,Weekend / Holiday Posting,0.841,Posted on Saturday - 2025-12-20 is outside the normal working week
TXN00021393,weekend_posting,Weekend / Holiday Posting,0.6782,Posted on Sunday - 2025-12-21 is outside the normal working week
TXN00004635,weekend_posting,Weekend / Holiday Posting,0.6202,Posted on Sunday - 2025-12-21 is outside the normal working week
TXN00014968,weekend_posting,Weekend / Holiday Posting,0.8039,Posted on Sunday - 2025-12-21 is outside the normal working week
TXN00003469,weekend_posting,Weekend / Holiday Posting,0.7761,Posted on Sunday - 2025-12-21 is outside the normal working week
TXN00008102,weekend_posting,Weekend / Holiday Posting,0.726,Posted on Sunday - 2025-12-21 is outside the normal working week
TXN00011712,weekend_posting,Weekend / Holiday Posting,0.5516,Posted on Sunday - 2025-12-21 is outside the normal working week
TXN00010865,weekend_posting,Weekend / Holiday Posting,0.6473,Posted on Sunday - 2025-12-21 is outside the normal working week
TXN00000099,weekend_posting,Weekend / Holiday Posting,0.6741,Posted on Saturday - 2025-12-27 is outside the normal working week
TXN00019365,weekend_posting,Weekend / Holiday Posting,0.7205,Posted on Saturday - 2025-12-27 is outside the normal working week
TXN00028862,weekend_posting,Weekend / Holiday Posting,0.8459,Posted on Saturday - 2025-12-27 is outside the normal working week
TXN00015267,weekend_posting,Weekend / Holiday Posting,0.8527,Posted on Saturday - 2025-12-27 is outside the normal working week
TXN00005532,weekend_posting,Weekend / Holiday Posting,0.8427,Posted on Saturday - 2025-12-27 is outside the normal working week
TXN00025109,weekend_posting,Weekend / Holiday Posting,0.6829,Posted on Saturday - 2025-12-27 is outside the normal working week
TXN00020764,weekend_posting,Weekend / Holiday Posting,0.6215,Posted on Saturday - 2025-12-27 is outside the normal working week
TXN00008616,weekend_posting,Weekend / Holiday Posting,0.5582,Posted on Sunday - 2025-12-28 is outside the normal working week
TXN00019993,weekend_posting,Weekend / Holiday Posting,0.7243,Posted on Sunday - 2025-12-28 is outside the normal working week
TXN00019327,weekend_posting,Weekend / Holiday Posting,0.6411,Posted on Sunday - 2025-12-28 is outside the normal working week
TXN00028954,weekend_posting,Weekend / Holiday Posting,0.7549,Posted on Saturday - 2026-01-03 is outside the normal working week
